codigo_ibge;nome;latitude;longitude;capital;codigo_uf;siafi_id;ddd;fuso_horario;;;
5200050;Abadia de Goiás;-167573;-494412;0;52;1050;62;America/Sao_Paulo;;-16,7573;-49,4412
3100104;Abadia dos Dourados;-184831;-473916;0;31;4001;34;America/Sao_Paulo;;;
5200100;Abadiânia;-16197;-487057;0;52;9201;62;America/Sao_Paulo;;;
3100203;Abaeté;-191551;-454444;0;31;4003;37;America/Sao_Paulo;;;
1500107;Abaetetuba;-172183;-488788;0;15;401;91;America/Sao_Paulo;;;
2300101;Abaiara;-734588;-390416;0;23;1301;88;America/Sao_Paulo;;;
2900108;Abaíra;-132488;-416619;0;29;3301;77;America/Sao_Paulo;;;
2900207;Abaré;-872073;-391162;0;29;3303;75;America/Sao_Paulo;;;
4100103;Abatiá;-233049;-503133;0;41;7401;43;America/Sao_Paulo;;;
4200051;Abdon Batista;-276126;-510233;0;42;9939;49;America/Sao_Paulo;;;
1500131;Abel Figueiredo;-495333;-483933;0;15;375;94;America/Sao_Paulo;;;
4200101;Abelardo Luz;-265716;-523229;0;42;8001;49;America/Sao_Paulo;;;
3100302;Abre Campo;-202996;-424743;0;31;4005;31;America/Sao_Paulo;;;
2600054;Abreu e Lima;-790072;-348984;0;26;2631;81;America/Sao_Paulo;;;
1700251;Abreulândia;-962101;-491518;0;17;337;63;America/Sao_Paulo;;;
3100401;Acaiaca;-20359;-431439;0;31;4007;31;America/Sao_Paulo;;;
2100055;Açailândia;-494714;-475004;0;21;961;99;America/Sao_Paulo;;;
2900306;Acajutiba;-116575;-380197;0;29;3305;75;America/Sao_Paulo;;;
1500206;Acará;-195383;-481985;0;15;403;91;America/Sao_Paulo;;;
2300150;Acarape;-422083;-387055;0;23;1231;85;America/Sao_Paulo;;;
2300200;Acaraú;-288769;-401183;0;23;1303;88;America/Sao_Paulo;;;
2400109;Acari;-64282;-366347;0;24;1601;84;America/Sao_Paulo;;;
2200053;Acauã;-821954;-410831;0;22;266;89;America/Sao_Paulo;;;
4300034;Aceguá;-318665;-541615;0;43;1118;53;America/Sao_Paulo;;;
2300309;Acopiara;-608911;-39448;0;23;1305;88;America/Sao_Paulo;;;
5100102;Acorizal;-15194;-563632;0;51;9001;65;America/Porto_Velho;;;
1200013;Acrelândia;-982581;-668972;0;12;643;68;America/Rio_Branco;;;
5200134;Acreúna;-17396;-503749;0;52;9645;64;America/Sao_Paulo;;;
2400208;Açu;-558362;-36914;0;24;1603;84;America/Sao_Paulo;;;
3100500;Açucena;-190671;-425419;0;31;4009;33;America/Sao_Paulo;;;
3536604;Paulo de Faria;-200296;-494000;0;35;6833;17;America/Sao_Paulo;;-20,0296;-49,4000
5200159;Adelândia;-164127;-501657;0;52;9769;64;America/Sao_Paulo;;;
3503901;Arujá;-233965;-463200;0;35;6177;11;America/Sao_Paulo;;-23,3965;-46,3200
4100202;Adrianópolis;-246606;-489922;0;41;7403;41;America/Sao_Paulo;;;
2900355;Adustina;-105437;-381113;0;29;3253;75;America/Sao_Paulo;;;
2600104;Afogados da Ingazeira;-774312;-37631;0;26;2301;87;America/Sao_Paulo;;;
2400307;Afonso Bezerra;-549229;-365075;0;24;1605;84;America/Sao_Paulo;;;
3200102;Afonso Cláudio;-200778;-411261;0;32;5601;27;America/Sao_Paulo;;;
2100105;Afonso Cunha;-413631;-433275;0;21;701;98;America/Sao_Paulo;;;
2600203;Afrânio;-851136;-410095;0;26;2303;87;America/Sao_Paulo;;;
1500305;Afuá;-154874;-503861;0;15;405;91;America/Sao_Paulo;;;
2600302;Agrestina;-845966;-359447;0;26;2305;81;America/Sao_Paulo;;;
2200103;Agricolândia;-579676;-426664;0;22;1001;86;America/Sao_Paulo;;;
4200200;Agrolândia;-274087;-49822;0;42;8003;47;America/Sao_Paulo;;;
4200309;Agronômica;-272662;-49708;0;42;8005;47;America/Sao_Paulo;;;
1500347;Água Azul do Norte;-679053;-504791;0;15;383;94;America/Sao_Paulo;;;
3100609;Água Boa;-179914;-423806;0;31;4011;33;America/Sao_Paulo;;;
5100201;Água Boa;-14051;-521601;0;51;9191;66;America/Porto_Velho;;;
2200202;Água Branca;-588856;-42637;0;22;1003;86;America/Sao_Paulo;;;
2500106;Água Branca;-751144;-376357;0;25;1901;83;America/Sao_Paulo;;;
2700102;Água Branca;-9262;-37938;0;27;2701;82;America/Sao_Paulo;;;
5000203;Água Clara;-204452;-52879;0;50;9003;67;America/Porto_Velho;;;
3100708;Água Comprida;-200576;-481069;0;31;4013;34;America/Sao_Paulo;;;
4200408;Água Doce;-269985;-515528;0;42;8007;49;America/Sao_Paulo;;;
2100154;Água Doce do Maranhão;-284048;-421189;0;21;104;98;America/Sao_Paulo;;;
3200169;Água Doce do Norte;-185482;-409854;0;32;5717;27;America/Sao_Paulo;;;
2900405;Água Fria;-118618;-387639;0;29;3307;75;America/Sao_Paulo;;;
5200175;Água Fria de Goiás;-149778;-477823;0;52;9771;62;America/Sao_Paulo;;;
5200209;Água Limpa;-180771;-487603;0;52;9203;64;America/Sao_Paulo;;;
2400406;Água Nova;-620351;-382941;0;24;1607;84;America/Sao_Paulo;;;
2600401;Água Preta;-870609;-355263;0;26;2307;81;America/Sao_Paulo;;;
4300059;Água Santa;-281672;-52031;0;43;8499;54;America/Sao_Paulo;;;
3527009;Lindóia;-225226;-466500;0;35;6641;19;America/Sao_Paulo;;-22,5226;-46,6500
3100807;Aguanil;-209439;-453915;0;31;4015;35;America/Sao_Paulo;;;
2600500;Águas Belas;-911125;-371226;0;26;2309;87;America/Sao_Paulo;;;
3528858;Marapoama;-212587;-491300;0;35;2977;17;America/Sao_Paulo;;-21,2587;-49,1300
4200507;Águas de Chapecó;-270754;-529808;0;42;8009;49;America/Sao_Paulo;;;
3521705;Itaberá;-238638;-491400;0;35;6535;15;America/Sao_Paulo;;-23,8638;-49,1400
3512605;Coronel Macedo;-236261;-493100;0;35;6353;14;America/Sao_Paulo;;-23,6261;-49,3100
3532157;Nantes;-226156;-512400;0;35;804;18;America/Sao_Paulo;;-22,6156;-51,2400
3100906;Águas Formosas;-170802;-409384;0;31;4017;33;America/Sao_Paulo;;;
4200556;Águas Frias;-268794;-528568;0;42;5577;49;America/Sao_Paulo;;;
5200258;Águas Lindas de Goiás;-157617;-482816;0;52;1052;61;America/Sao_Paulo;;;
4200606;Águas Mornas;-276963;-488243;0;42;8011;48;America/Sao_Paulo;;;
3101003;Águas Vermelhas;-157431;-414571;0;31;4019;33;America/Sao_Paulo;;;
4300109;Agudo;-296447;-532515;0;43;8501;55;America/Sao_Paulo;;;
3513405;Cruzeiro;-225728;-449690;0;35;6369;12;America/Sao_Paulo;;-22,5728;-44,9690
4100301;Agudos do Sul;-259899;-493343;0;41;7405;41;America/Sao_Paulo;;;
3200136;Águia Branca;-189846;-407437;0;32;5733;27;America/Sao_Paulo;;;
2500205;Aguiar;-70918;-381681;0;25;1903;83;America/Sao_Paulo;;;
1700301;Aguiarnópolis;-655409;-474702;0;17;72;63;America/Sao_Paulo;;;
3101102;Aimorés;-195007;-410746;0;31;4021;33;America/Sao_Paulo;;;
2900603;Aiquara;-141269;-398937;0;29;3311;73;America/Sao_Paulo;;;
2300408;Aiuaba;-657122;-401178;0;23;1307;88;America/Sao_Paulo;;;
3101201;Aiuruoca;-219736;-446042;0;31;4023;35;America/Sao_Paulo;;;
4300208;Ajuricaba;-282342;-537757;0;43;8503;55;America/Sao_Paulo;;;
3101300;Alagoa;-22171;-446413;0;31;4025;35;America/Sao_Paulo;;;
2500304;Alagoa Grande;-703943;-356206;0;25;1905;83;America/Sao_Paulo;;;
2500403;Alagoa Nova;-705377;-357591;0;25;1907;83;America/Sao_Paulo;;;
2500502;Alagoinha;-694657;-355332;0;25;1909;83;America/Sao_Paulo;;;
2600609;Alagoinha;-84665;-367788;0;26;2311;87;America/Sao_Paulo;;;
2200251;Alagoinha do Piauí;-700039;-409282;0;22;9767;89;America/Sao_Paulo;;;
2900702;Alagoinhas;-121335;-384208;0;29;3313;75;America/Sao_Paulo;;;
3544301;Roseira;-228938;-453070;0;35;6987;12;America/Sao_Paulo;;-22,8938;-45,3070
3101409;Albertina;-222018;-466139;0;31;4027;35;America/Sao_Paulo;;;
2100204;Alcântara;-239574;-444062;0;21;703;98;America/Sao_Paulo;;;
2300507;Alcântaras;-358537;-405479;0;23;1309;88;America/Sao_Paulo;;;
2500536;Alcantil;-773668;-360511;0;25;440;83;America/Sao_Paulo;;;
5000252;Alcinópolis;-183255;-537042;0;50;141;67;America/Porto_Velho;;;
2900801;Alcobaça;-175195;-392036;0;29;3315;73;America/Sao_Paulo;;;
2100303;Aldeias Altas;-462621;-434689;0;21;705;99;America/Sao_Paulo;;;
4300307;Alecrim;-276579;-547649;0;43;8505;55;America/Sao_Paulo;;;
3200201;Alegre;-20758;-415382;0;32;5603;28;America/Sao_Paulo;;;
4300406;Alegrete;-297902;-557949;0;43;8507;55;America/Sao_Paulo;;;
2200277;Alegrete do Piauí;-724196;-408566;0;22;2269;89;America/Sao_Paulo;;;
4300455;Alegria;-278345;-540557;0;43;8497;55;America/Sao_Paulo;;;
3101508;Além Paraíba;-218797;-427176;0;31;4029;32;America/Sao_Paulo;;;
1500404;Alenquer;-194623;-547384;0;15;407;93;America/Sao_Paulo;;;
2400505;Alexandria;-640533;-380142;0;24;1609;84;America/Sao_Paulo;;;
5200308;Alexânia;-160834;-485076;0;52;9205;62;America/Sao_Paulo;;;
3101607;Alfenas;-214256;-459477;0;31;4031;35;America/Sao_Paulo;;;
3200300;Alfredo Chaves;-206396;-407543;0;32;5605;27;America/Sao_Paulo;;;
3548203;Santo Antônio do Pinhal;-228270;-456630;0;35;7065;12;America/Sao_Paulo;;-22,8270;-45,6630
3101631;Alfredo Vasconcelos;-211535;-437718;0;31;2681;32;America/Sao_Paulo;;;
4200705;Alfredo Wagner;-277001;-493273;0;42;8013;48;America/Sao_Paulo;;;
2500577;Algodão de Jandaíra;-689292;-360129;0;25;442;83;America/Sao_Paulo;;;
2500601;Alhandra;-742977;-349057;0;25;1911;83;America/Sao_Paulo;;;
2600708;Aliança;-760398;-352227;0;26;2313;81;America/Sao_Paulo;;;
1700350;Aliança do Tocantins;-113056;-489361;0;17;9441;63;America/Sao_Paulo;;;
2900900;Almadina;-147089;-396415;0;29;3317;73;America/Sao_Paulo;;;
1700400;Almas;-115706;-471792;0;17;9207;63;America/Sao_Paulo;;;
1500503;Almeirim;-152904;-525788;0;15;409;93;America/Sao_Paulo;;;
3101706;Almenara;-161785;-406942;0;31;4033;33;America/Sao_Paulo;;;
2400604;Almino Afonso;-61475;-377636;0;24;1611;84;America/Sao_Paulo;;;
4100400;Almirante Tamandaré;-253188;-493037;0;41;7407;41;America/Sao_Paulo;;;
4300471;Almirante Tamandaré do Sul;-281149;-529142;0;43;1120;54;America/Sao_Paulo;;;
5200506;Aloândia;-177292;-494769;0;52;9209;64;America/Sao_Paulo;;;
3101805;Alpercata;-18974;-4197;0;31;4035;33;America/Sao_Paulo;;;
4300505;Alpestre;-272502;-530341;0;43;8509;55;America/Sao_Paulo;;;
3101904;Alpinópolis;-208631;-463878;0;31;4037;35;America/Sao_Paulo;;;
5100250;Alta Floresta;-986674;-560867;0;51;8987;66;America/Porto_Velho;;;
1100015;Alta Floresta D'Oeste;-119283;-619953;0;11;33;69;America/Porto_Velho;;;
3520202;Igaratá;-232037;-461570;0;35;6505;11;America/Sao_Paulo;;-23,2037;-46,1570
1500602;Altamira;-320407;-5221;0;15;411;93;America/Sao_Paulo;;;
2100402;Altamira do Maranhão;-416598;-454706;0;21;707;98;America/Sao_Paulo;;;
4100459;Altamira do Paraná;-247983;-527128;0;41;8455;44;America/Sao_Paulo;;;
2300606;Altaneira;-699837;-397356;0;23;1311;88;America/Sao_Paulo;;;
3102001;Alterosa;-212488;-461387;0;31;4039;35;America/Sao_Paulo;;;
2600807;Altinho;-848482;-360644;0;26;2315;81;America/Sao_Paulo;;;
3518701;Guarujá;-239888;-462580;0;35;6475;13;America/Sao_Paulo;;-23,9888;-46,2580
3548500;Santos;-239535;-463350;0;35;7071;13;America/Sao_Paulo;;-23,9535;-46,3350
1400050;Alto Alegre;298858;-613072;0;14;305;95;America/Porto_Velho;;;
4300554;Alto Alegre;-287769;-529893;0;43;8495;54;America/Sao_Paulo;;;
2100436;Alto Alegre do Maranhão;-4213;-44446;0;21;106;99;America/Sao_Paulo;;;
2100477;Alto Alegre do Pindaré;-366689;-458421;0;21;108;98;America/Sao_Paulo;;;
1100379;Alto Alegre dos Parecis;-12132;-61835;0;11;2;69;America/Porto_Velho;;;
5100300;Alto Araguaia;-173153;-532181;0;51;9005;66;America/Porto_Velho;;;
4200754;Alto Bela Vista;-274333;-519044;0;42;886;49;America/Sao_Paulo;;;
5100359;Alto Boa Vista;-116732;-513883;0;51;127;66;America/Porto_Velho;;;
3102050;Alto Caparaó;-20431;-418738;0;31;564;32;America/Sao_Paulo;;;
2400703;Alto do Rodrigues;-528186;-3675;0;24;1613;84;America/Sao_Paulo;;;
4300570;Alto Feliz;-293919;-513123;0;43;6045;51;America/Sao_Paulo;;;
5100409;Alto Garças;-169462;-535272;0;51;9007;66;America/Porto_Velho;;;
5200555;Alto Horizonte;-141978;-493378;0;52;85;62;America/Sao_Paulo;;;
3153509;Alto Jequitibá;-204208;-41967;0;31;5069;33;America/Sao_Paulo;;;
2200301;Alto Longá;-525634;-422096;0;22;1005;86;America/Sao_Paulo;;;
5100508;Alto Paraguai;-145137;-564776;0;51;9009;65;America/Porto_Velho;;;
4128625;Alto Paraíso;-261146;-527469;0;41;5523;44;America/Sao_Paulo;;;
1100403;Alto Paraíso;-971429;-633188;0;11;675;69;America/Porto_Velho;;;
5200605;Alto Paraíso de Goiás;-141305;-4751;0;52;9211;62;America/Sao_Paulo;;;
4100608;Alto Paraná;-231312;-523189;0;41;7409;44;America/Sao_Paulo;;;
2100501;Alto Parnaíba;-910273;-459303;0;21;709;99;America/Sao_Paulo;;;
4100707;Alto Piquiri;-240224;-5344;0;41;7411;44;America/Sao_Paulo;;;
3102100;Alto Rio Doce;-210281;-434067;0;31;4041;32;America/Sao_Paulo;;;
3200359;Alto Rio Novo;-190618;-410209;0;32;5719;27;America/Sao_Paulo;;;
2300705;Alto Santo;-550894;-382743;0;23;1313;88;America/Sao_Paulo;;;
5100607;Alto Taquari;-178241;-532792;0;51;9911;66;America/Porto_Velho;;;
4100509;Altônia;-238759;-538958;0;41;7951;44;America/Sao_Paulo;;;
2200400;Altos;-503888;-424612;0;22;1007;86;America/Sao_Paulo;;;
3515707;Ferraz de Vasconcelos;-235411;-463710;0;35;6415;11;America/Sao_Paulo;;-23,5411;-46,3710
1300029;Alvarães;-322727;-648007;0;13;289;97;America/Porto_Velho;;;
3102209;Alvarenga;-194174;-417317;0;31;4043;33;America/Sao_Paulo;;;
3513504;Cubatão;-238911;-464240;0;35;6371;13;America/Sao_Paulo;;-23,8911;-46,4240
3531209;Monte Alegre do Sul;-226817;-466810;0;35;6725;19;America/Sao_Paulo;;-22,6817;-46,6810
3525201;Jarinu;-231039;-467280;0;35;6605;11;America/Sao_Paulo;;-23,1039;-46,7280
3516408;Franco da Rocha;-233229;-467290;0;35;6429;11;America/Sao_Paulo;;-23,3229;-46,7290
3102308;Alvinópolis;-201098;-430535;0;31;4045;31;America/Sao_Paulo;;;
1700707;Alvorada;-124785;-491249;0;17;9213;63;America/Sao_Paulo;;;
4300604;Alvorada;-299914;-510809;0;43;8511;51;America/Sao_Paulo;;;
1100346;Alvorada D'Oeste;-113463;-622847;0;11;35;69;America/Porto_Velho;;;
3102407;Alvorada de Minas;-187334;-433638;0;31;4047;31;America/Sao_Paulo;;;
2200459;Alvorada do Gurguéia;-842418;-43777;0;22;268;89;America/Sao_Paulo;;;
5200803;Alvorada do Norte;-144797;-46491;0;52;9215;62;America/Sao_Paulo;;;
4100806;Alvorada do Sul;-227813;-512297;0;41;7413;43;America/Sao_Paulo;;;
1400027;Amajari;364571;-613692;0;14;26;95;America/Porto_Velho;;;
5000609;Amambai;-231058;-552253;0;50;9011;67;America/Porto_Velho;;;
1600105;Amapá;205267;-507957;0;16;601;96;America/Sao_Paulo;;;
2100550;Amapá do Maranhão;-167524;-460024;0;21;110;98;America/Sao_Paulo;;;
4100905;Amaporã;-230943;-527866;0;41;7415;44;America/Sao_Paulo;;;
2600906;Amaraji;-837691;-354501;0;26;2317;81;America/Sao_Paulo;;;
4300638;Amaral Ferrador;-308756;-522509;0;43;8493;51;America/Sao_Paulo;;;
5200829;Amaralina;-139236;-492962;0;52;1054;62;America/Sao_Paulo;;;
2200509;Amarante;-624304;-428433;0;22;1009;86;America/Sao_Paulo;;;
2100600;Amarante do Maranhão;-556913;-467473;0;21;711;99;America/Sao_Paulo;;;
2901007;Amargosa;-130215;-39602;0;29;3319;75;America/Sao_Paulo;;;
1300060;Amaturá;-337455;-682005;0;13;291;97;America/Porto_Velho;;;
2901106;Amélia Rodrigues;-123914;-387563;0;29;3321;75;America/Sao_Paulo;;;
2901155;América Dourada;-114429;-41439;0;29;3071;74;America/Sao_Paulo;;;
3501905;Amparo;-227088;-467720;0;35;6137;19;America/Sao_Paulo;;-22,7088;-46,7720
5200852;Americano do Brasil;-162514;-499831;0;52;9661;64;America/Sao_Paulo;;;
3522109;Itanhaém;-241736;-467880;0;35;6543;13;America/Sao_Paulo;;-24,1736;-46,7880
3505708;Barueri;-235057;-468790;0;35;6213;11;America/Sao_Paulo;;-23,5057;-46,8790
4300646;Ametista do Sul;-273607;-53183;0;43;5969;55;America/Sao_Paulo;;;
2300754;Amontada;-336017;-398288;0;23;1587;88;America/Sao_Paulo;;;
5200902;Amorinópolis;-166151;-510919;0;52;9217;64;America/Sao_Paulo;;;
2500734;Amparo;-755502;-370628;0;25;444;83;America/Sao_Paulo;;;
3513009;Cotia;-236022;-469190;0;35;6361;11;America/Sao_Paulo;;-23,6022;-46,9190
2800100;Amparo de São Francisco;-101348;-36935;0;28;3101;79;America/Sao_Paulo;;;
3102506;Amparo do Serra;-205051;-428009;0;31;4049;31;America/Sao_Paulo;;;
4101002;Ampére;-259168;-534686;0;41;7417;46;America/Sao_Paulo;;;
2700201;Anadia;-968489;-363078;0;27;2703;82;America/Sao_Paulo;;;
2901205;Anagé;-146151;-411356;0;29;3323;77;America/Sao_Paulo;;;
4101051;Anahy;-246449;-531332;0;41;5463;45;America/Sao_Paulo;;;
1500701;Anajás;-996811;-499354;0;15;413;91;America/Sao_Paulo;;;
2100709;Anajatuba;-326269;-446126;0;21;713;98;America/Sao_Paulo;;;
3556453;Vargem Grande Paulista;-235993;-470220;0;35;7273;11;America/Sao_Paulo;;-23,5993;-47,0220
1300086;Anamã;-356697;-613963;0;13;293;97;America/Porto_Velho;;;
1701002;Ananás;-636437;-480735;0;17;9219;63;America/Sao_Paulo;;;
1500800;Ananindeua;-136391;-483743;0;15;415;91;America/Sao_Paulo;;;
5201108;Anápolis;-163281;-48953;0;52;9221;62;America/Sao_Paulo;;;
1500859;Anapu;-346985;-512003;0;15;40;91;America/Sao_Paulo;;;
2100808;Anapurus;-367577;-431014;0;21;715;98;America/Sao_Paulo;;;
5000708;Anastácio;-204823;-558104;0;50;9013;67;America/Porto_Velho;;;
5000807;Anaurilândia;-221852;-527191;0;50;9015;67;America/Porto_Velho;;;
4200804;Anchieta;-265382;-533319;0;42;8015;49;America/Sao_Paulo;;;
3200409;Anchieta;-207955;-406425;0;32;5607;28;America/Sao_Paulo;;;
2901304;Andaraí;-128049;-413297;0;29;3325;75;America/Sao_Paulo;;;
4101101;Andirá;-230533;-502304;0;41;7419;43;America/Sao_Paulo;;;
2901353;Andorinha;-103482;-398391;0;29;3255;74;America/Sao_Paulo;;;
3102605;Andradas;-220695;-465724;0;31;4051;35;America/Sao_Paulo;;;
3528403;Mairinque;-235398;-471850;0;35;6669;11;America/Sao_Paulo;;-23,5398;-47,1850
4300661;André da Rocha;-286283;-515797;0;43;8491;54;America/Sao_Paulo;;;
3102803;Andrelândia;-217411;-443117;0;31;4055;35;America/Sao_Paulo;;;
3515152;Engenheiro Coelho;-224836;-472110;0;35;2949;19;America/Sao_Paulo;;-22,4836;-47,2110
3102852;Angelândia;-177279;-422641;0;31;566;33;America/Sao_Paulo;;;
5000856;Angélica;-221527;-537708;0;50;9169;67;America/Porto_Velho;;;
2601003;Angelim;-888429;-362902;0;26;2319;87;America/Sao_Paulo;;;
4200903;Angelina;-275704;-489879;0;42;8017;48;America/Sao_Paulo;;;
2901403;Angical;-120063;-447003;0;29;3327;77;America/Sao_Paulo;;;
2200608;Angical do Piauí;-608786;-4274;0;22;1011;86;America/Sao_Paulo;;;
1701051;Angico;-639179;-478611;0;17;165;63;America/Sao_Paulo;;;
2400802;Angicos;-565792;-366094;0;24;1615;84;America/Sao_Paulo;;;
3300100;Angra dos Reis;-230011;-443196;0;33;5801;24;America/Sao_Paulo;;;
2901502;Anguera;-121462;-392462;0;29;3329;75;America/Sao_Paulo;;;
4101150;Ângulo;-231946;-519154;0;41;5509;44;America/Sao_Paulo;;;
5201207;Anhanguera;-183339;-482204;0;52;9223;64;America/Sao_Paulo;;;
3519709;Ibiúna;-236596;-472230;0;35;6495;15;America/Sao_Paulo;;-23,6596;-47,2230
3546306;Santa Cruz das Palmeiras;-218235;-472480;0;35;7027;19;America/Sao_Paulo;;-21,8235;-47,2480
5201306;Anicuns;-164642;-499617;0;52;9225;64;America/Sao_Paulo;;;
2200707;Anísio de Abreu;-918564;-430494;0;22;1013;89;America/Sao_Paulo;;;
4201000;Anita Garibaldi;-276897;-511271;0;42;8019;49;America/Sao_Paulo;;;
4201109;Anitápolis;-279012;-491316;0;42;8021;48;America/Sao_Paulo;;;
1300102;Anori;-374603;-616575;0;13;203;97;America/Porto_Velho;;;
4300703;Anta Gorda;-289698;-520102;0;43;8513;51;America/Sao_Paulo;;;
2901601;Antas;-103856;-383401;0;29;3331;75;America/Sao_Paulo;;;
4101200;Antonina;-254386;-487191;0;41;7421;41;America/Sao_Paulo;;;
2300804;Antonina do Norte;-676919;-39987;0;23;1315;88;America/Sao_Paulo;;;
2200806;Antônio Almeida;-721276;-441889;0;22;1015;89;America/Sao_Paulo;;;
2901700;Antônio Cardoso;-124335;-391176;0;29;3333;75;America/Sao_Paulo;;;
4201208;Antônio Carlos;-275191;-48766;0;42;8023;48;America/Sao_Paulo;;;
3102902;Antônio Carlos;-21321;-437451;0;31;4057;32;America/Sao_Paulo;;;
3103009;Antônio Dias;-196491;-428732;0;31;4059;31;America/Sao_Paulo;;;
2901809;Antônio Gonçalves;-105767;-402785;0;29;3335;74;America/Sao_Paulo;;;
5000906;Antônio João;-221927;-559517;0;50;9017;67;America/Porto_Velho;;;
2400901;Antônio Martins;-621367;-378834;0;24;1617;84;America/Sao_Paulo;;;
4101309;Antônio Olinto;-259804;-501972;0;41;7423;42;America/Sao_Paulo;;;
4300802;Antônio Prado;-288565;-512883;0;43;8515;54;America/Sao_Paulo;;;
3103108;Antônio Prado de Minas;-210192;-421109;0;31;4061;32;America/Sao_Paulo;;;
2500775;Aparecida;-678466;-380803;0;25;446;83;America/Sao_Paulo;;;
3509403;Cajuru;-212749;-473030;0;35;6289;16;America/Sao_Paulo;;-21,2749;-47,3030
3526902;Limeira;-225660;-473970;0;35;6639;19;America/Sao_Paulo;;-22,5660;-47,3970
5201405;Aparecida de Goiânia;-168198;-492469;0;52;9227;62;America/Sao_Paulo;;;
5201454;Aparecida do Rio Doce;-182941;-511516;0;52;71;64;America/Sao_Paulo;;;
1701101;Aparecida do Rio Negro;-994139;-479638;0;17;9713;63;America/Sao_Paulo;;;
5001003;Aparecida do Taboado;-200873;-510961;0;50;9019;67;America/Porto_Velho;;;
3300159;Aperibé;-216252;-421017;0;33;2919;22;America/Sao_Paulo;;;
3200508;Apiacá;-211523;-415693;0;32;5609;28;America/Sao_Paulo;;;
5100805;Apiacás;-953981;-574587;0;51;9773;66;America/Porto_Velho;;;
3547502;Santa Rita do Passa Quatro;-217083;-474780;0;35;7051;19;America/Sao_Paulo;;-21,7083;-47,4780
2100832;Apicum-Açu;-145862;-450864;0;21;112;98;America/Sao_Paulo;;;
4201257;Apiúna;-270375;-493885;0;42;9941;47;America/Sao_Paulo;;;
2401008;Apodi;-565349;-377946;0;24;1619;84;America/Sao_Paulo;;;
2901908;Aporá;-116577;-380814;0;29;3337;75;America/Sao_Paulo;;;
5201504;Aporé;-189607;-519232;0;52;9229;64;America/Sao_Paulo;;;
2901957;Apuarema;-138542;-397501;0;29;3257;73;America/Sao_Paulo;;;
4101408;Apucarana;-2355;-514635;0;41;7425;43;America/Sao_Paulo;;;
1300144;Apuí;-719409;-59896;0;13;969;97;America/Porto_Velho;;;
2300903;Apuiarés;-394506;-394359;0;23;1317;85;America/Sao_Paulo;;;
2800209;Aquidabã;-10278;-370148;0;28;3103;79;America/Sao_Paulo;;;
5001102;Aquidauana;-204666;-557868;0;50;9021;67;America/Porto_Velho;;;
2301000;Aquiraz;-389929;-383896;0;23;1319;85;America/Sao_Paulo;;;
4201273;Arabutã;-271587;-521423;0;42;5597;49;America/Sao_Paulo;;;
2500809;Araçagi;-684374;-353737;0;25;1915;83;America/Sao_Paulo;;;
3103207;Araçaí;-191955;-442493;0;31;4063;31;America/Sao_Paulo;;;
2800308;Aracaju;-109091;-370677;1;28;3105;79;America/Sao_Paulo;;;
3540705;Porto Ferreira;-218498;-474870;0;35;6915;19;America/Sao_Paulo;;-21,8498;-47,4870
2902054;Araças;-1222;-382027;0;29;3259;75;America/Sao_Paulo;;;
2301109;Aracati;-455826;-377679;0;23;1321;88;America/Sao_Paulo;;;
2902005;Aracatu;-14428;-414648;0;29;3339;77;America/Sao_Paulo;;;
3521408;Iracemápolis;-225832;-475230;0;35;6529;19;America/Sao_Paulo;;-22,5832;-47,5230
2902104;Araci;-113253;-389584;0;29;3341;75;America/Sao_Paulo;;;
3103306;Aracitaba;-213446;-433736;0;31;4065;32;America/Sao_Paulo;;;
2601052;Araçoiaba;-778391;-350809;0;26;544;81;America/Sao_Paulo;;;
2301208;Aracoiaba;-436872;-388125;0;23;1323;85;America/Sao_Paulo;;;
3530904;Mombuca;-229285;-475590;0;35;6719;19;America/Sao_Paulo;;-22,9285;-47,5590
3200607;Aracruz;-1982;-402764;0;32;5611;27;America/Sao_Paulo;;;
5201603;Araçu;-163563;-496804;0;52;9231;62;America/Sao_Paulo;;;
3103405;Araçuaí;-168523;-420637;0;31;4067;33;America/Sao_Paulo;;;
5201702;Aragarças;-158955;-522372;0;52;9233;64;America/Sao_Paulo;;;
5201801;Aragoiânia;-169087;-494476;0;52;9235;62;America/Sao_Paulo;;;
1701309;Aragominas;-716005;-485291;0;17;167;63;America/Sao_Paulo;;;
1701903;Araguacema;-880755;-495569;0;17;9237;63;America/Sao_Paulo;;;
1702000;Araguaçu;-129289;-498231;0;17;9239;63;America/Sao_Paulo;;;
5101001;Araguaiana;-157291;-518341;0;51;9869;66;America/Porto_Velho;;;
1702109;Araguaína;-719238;-482044;0;17;9241;63;America/Sao_Paulo;;;
5101209;Araguainha;-16857;-530318;0;51;9023;66;America/Porto_Velho;;;
1702158;Araguanã;-658225;-486395;0;17;169;63;America/Sao_Paulo;;;
2100873;Araguanã;-294644;-456589;0;21;114;98;America/Sao_Paulo;;;
5202155;Araguapaz;-150909;-506315;0;52;9669;62;America/Sao_Paulo;;;
3103504;Araguari;-186456;-481934;0;31;4069;34;America/Sao_Paulo;;;
1702208;Araguatins;-564659;-481232;0;17;9243;63;America/Sao_Paulo;;;
2100907;Araioses;-289091;-41905;0;21;717;98;America/Sao_Paulo;;;
5001243;Aral Moreira;-229385;-556334;0;50;9171;67;America/Porto_Velho;;;
2902203;Aramari;-120884;-384969;0;29;3343;75;America/Sao_Paulo;;;
4300851;Arambaré;-309092;-515046;0;43;5779;51;America/Sao_Paulo;;;
2100956;Arame;-488347;-460032;0;21;1281;99;America/Sao_Paulo;;;
3548906;São Carlos;-220174;-478860;0;35;7079;16;America/Sao_Paulo;;-22,0174;-47,8860
3500758;Alambari;-235503;-478980;0;35;2995;15;America/Sao_Paulo;;-23,5503;-47,8980
3103603;Arantina;-219102;-442555;0;31;4071;32;America/Sao_Paulo;;;
3537503;Pereiras;-230804;-479720;0;35;6851;14;America/Sao_Paulo;;-23,0804;-47,9720
2700300;Arapiraca;-975487;-366615;0;27;2705;82;America/Sao_Paulo;;;
1702307;Arapoema;-765463;-490637;0;17;9245;63;America/Sao_Paulo;;;
3103702;Araponga;-206686;-425178;0;31;4073;31;America/Sao_Paulo;;;
4101507;Arapongas;-234153;-514259;0;41;7427;43;America/Sao_Paulo;;;
3103751;Araporã;-184357;-491847;0;31;2903;34;America/Sao_Paulo;;;
4101606;Arapoti;-241548;-498285;0;41;7429;43;America/Sao_Paulo;;;
4101655;Arapuã;-243132;-517856;0;41;830;43;America/Sao_Paulo;;;
3103801;Arapuá;-190268;-461484;0;31;4075;34;America/Sao_Paulo;;;
5101258;Araputanga;-154641;-583425;0;51;8989;65;America/Porto_Velho;;;
4201307;Araquari;-263754;-487188;0;42;8025;47;America/Sao_Paulo;;;
2500908;Arara;-682813;-357552;0;25;1917;83;America/Sao_Paulo;;;
4201406;Araranguá;-289356;-494918;0;42;8027;48;America/Sao_Paulo;;;
3529708;Miguelópolis;-201796;-480310;0;35;6695;16;America/Sao_Paulo;;-20,1796;-48,0310
3503208;Araraquara;-217845;-481780;0;35;6163;16;America/Sao_Paulo;;-21,7845;-48,1780
2301257;Ararendá;-474567;-40831;0;23;989;88;America/Sao_Paulo;;;
2101004;Arari;-345214;-447665;0;21;719;98;America/Sao_Paulo;;;
4300877;Araricá;-296168;-509291;0;43;952;51;America/Sao_Paulo;;;
2301307;Araripe;-721319;-401359;0;23;1325;88;America/Sao_Paulo;;;
2601102;Araripina;-757073;-40494;0;26;2321;87;America/Sao_Paulo;;;
3300209;Araruama;-228697;-423326;0;33;5803;22;America/Sao_Paulo;;;
4101705;Araruna;-239315;-525021;0;41;7431;44;America/Sao_Paulo;;;
2501005;Araruna;-654848;-357498;0;25;1919;83;America/Sao_Paulo;;;
2902252;Arataca;-152651;-39419;0;29;3073;73;America/Sao_Paulo;;;
4300901;Aratiba;-273978;-522975;0;43;8517;54;America/Sao_Paulo;;;
2301406;Aratuba;-441229;-390471;0;23;1327;85;America/Sao_Paulo;;;
2902302;Aratuípe;-130716;-390038;0;29;3345;75;America/Sao_Paulo;;;
2800407;Arauá;-112614;-376201;0;28;3107;79;America/Sao_Paulo;;;
4101804;Araucária;-255859;-494047;0;41;7435;41;America/Sao_Paulo;;;
3103900;Araújos;-199405;-451671;0;31;4077;37;America/Sao_Paulo;;;
3104007;Araxá;-195902;-469438;0;31;4079;34;America/Sao_Paulo;;;
3104106;Arceburgo;-21359;-469401;0;31;4081;35;America/Sao_Paulo;;;
3542909;Ribeirão Bonito;-220685;-481820;0;35;6959;16;America/Sao_Paulo;;-22,0685;-48,1820
3104205;Arcos;-202863;-455373;0;31;4083;37;America/Sao_Paulo;;;
2601201;Arcoverde;-841519;-370577;0;26;2323;87;America/Sao_Paulo;;;
3104304;Areado;-213572;-461421;0;31;4085;35;America/Sao_Paulo;;;
3300225;Areal;-222283;-431118;0;33;2925;24;America/Sao_Paulo;;;
3539509;Pitangueiras;-210132;-482210;0;35;6891;16;America/Sao_Paulo;;-21,0132;-48,2210
2501104;Areia;-696396;-356977;0;25;1921;83;America/Sao_Paulo;;;
2401107;Areia Branca;-495254;-371252;0;24;1621;84;America/Sao_Paulo;;;
2800506;Areia Branca;-10758;-373251;0;28;3109;79;America/Sao_Paulo;;;
2501153;Areia de Baraúnas;-711702;-369404;0;25;448;83;America/Sao_Paulo;;;
2501203;Areial;-704789;-359313;0;25;1923;83;America/Sao_Paulo;;;
3556800;Viradouro;-208734;-482930;0;35;7239;17;America/Sao_Paulo;;-20,8734;-48,2930
3517406;Guaíra;-203196;-483120;0;35;6449;17;America/Sao_Paulo;;-20,3196;-48,3120
5101308;Arenápolis;-144472;-568437;0;51;9025;65;America/Porto_Velho;;;
5202353;Arenópolis;-163837;-515563;0;52;9671;64;America/Sao_Paulo;;;
2401206;Arês;-618831;-351608;0;24;1623;84;America/Sao_Paulo;;;
3104403;Argirita;-216083;-428292;0;31;4087;32;America/Sao_Paulo;;;
3104452;Aricanduva;-178666;-425533;0;31;568;33;America/Sao_Paulo;;;
3104502;Arinos;-159187;-461043;0;31;4089;38;America/Sao_Paulo;;;
5101407;Aripuanã;-101723;-594568;0;51;9027;66;America/Porto_Velho;;;
1100023;Ariquemes;-990571;-630325;0;11;7;69;America/Porto_Velho;;;
3529302;Matão;-216025;-483640;0;35;6687;16;America/Sao_Paulo;;-21,6025;-48,3640
4101853;Ariranha do Ivaí;-243857;-515839;0;41;832;43;America/Sao_Paulo;;;
3300233;Armação dos Búzios;-227528;-418846;0;33;770;22;America/Sao_Paulo;;;
4201505;Armazém;-282448;-490215;0;42;8029;48;America/Sao_Paulo;;;
2301505;Arneiroz;-63165;-401653;0;23;1329;88;America/Sao_Paulo;;;
2200905;Aroazes;-611022;-417822;0;22;1017;89;America/Sao_Paulo;;;
2501302;Aroeiras;-754473;-357066;0;25;1925;83;America/Sao_Paulo;;;
2200954;Aroeiras do Itaim;-724502;-415325;0;22;1188;89;America/Sao_Paulo;;;
2201002;Arraial;-665075;-425418;0;22;1019;89;America/Sao_Paulo;;;
3300258;Arraial do Cabo;-229774;-420267;0;33;5927;22;America/Sao_Paulo;;;
1702406;Arraias;-129287;-469359;0;17;9247;63;America/Sao_Paulo;;;
4301008;Arroio do Meio;-294014;-519557;0;43;8519;51;America/Sao_Paulo;;;
4301073;Arroio do Padre;-314389;-524246;0;43;1122;53;America/Sao_Paulo;;;
4301057;Arroio do Sal;-295439;-498895;0;43;8489;51;America/Sao_Paulo;;;
4301206;Arroio do Tigre;-293348;-530966;0;43;8523;51;America/Sao_Paulo;;;
4301107;Arroio dos Ratos;-300875;-517275;0;43;8521;51;America/Sao_Paulo;;;
4301305;Arroio Grande;-322327;-530862;0;43;8525;53;America/Sao_Paulo;;;
4201604;Arroio Trinta;-269257;-513407;0;42;8031;49;America/Sao_Paulo;;;
3529807;Mineiros do Tietê;-224120;-484510;0;35;6697;14;America/Sao_Paulo;;-22,4120;-48,4510
5202502;Aruanã;-149166;-51075;0;52;9249;62;America/Sao_Paulo;;;
3506805;Bocaina;-221365;-485230;0;35;6235;14;America/Sao_Paulo;;-22,1365;-48,5230
4201653;Arvoredo;-270748;-524543;0;42;5599;49;America/Sao_Paulo;;;
4301404;Arvorezinha;-288737;-521781;0;43;8527;51;America/Sao_Paulo;;;
4201703;Ascurra;-269548;-493783;0;42;8033;47;America/Sao_Paulo;;;
3511102;Catanduva;-211314;-489770;0;35;6323;17;America/Sao_Paulo;;-21,1314;-48,9770
4101903;Assaí;-233697;-508459;0;41;7437;43;America/Sao_Paulo;;;
2301604;Assaré;-68669;-398689;0;23;1331;88;America/Sao_Paulo;;;
3519105;Iacanga;-218896;-490310;0;35;6483;14;America/Sao_Paulo;;-21,8896;-49,0310
1200054;Assis Brasil;-109298;-695738;0;12;157;68;America/Rio_Branco;;;
4102000;Assis Chateaubriand;-244168;-535213;0;41;7953;44;America/Sao_Paulo;;;
2501351;Assunção;-707231;-36725;0;25;450;83;America/Sao_Paulo;;;
2201051;Assunção do Piauí;-5865;-410389;0;22;270;86;America/Sao_Paulo;;;
3104601;Astolfo Dutra;-213184;-428572;0;31;4091;32;America/Sao_Paulo;;;
4102109;Astorga;-232318;-516668;0;41;7439;44;America/Sao_Paulo;;;
4102208;Atalaia;-231517;-520551;0;41;7441;44;America/Sao_Paulo;;;
2700409;Atalaia;-95119;-360086;0;27;2707;82;America/Sao_Paulo;;;
1300201;Atalaia do Norte;-437055;-701967;0;13;205;97;America/Rio_Branco;;;
4201802;Atalanta;-274219;-497789;0;42;8035;47;America/Sao_Paulo;;;
3104700;Ataléia;-180438;-411149;0;31;4093;33;America/Sao_Paulo;;;
3521804;Itaí;-234213;-490920;0;35;6537;14;America/Sao_Paulo;;-23,4213;-49,0920
3200706;Atilio Vivacqua;-20913;-411986;0;32;5613;28;America/Sao_Paulo;;;
1702554;Augustinópolis;-546863;-478863;0;17;9685;63;America/Sao_Paulo;;;
1500909;Augusto Corrêa;-105109;-466147;0;15;417;91;America/Sao_Paulo;;;
3104809;Augusto de Lima;-180997;-442655;0;31;4095;38;America/Sao_Paulo;;;
4301503;Augusto Pestana;-285172;-539883;0;43;8529;55;America/Sao_Paulo;;;
2401305;Augusto Severo (Campo Grande);-586206;-373135;0;24;1625;84;America/Sao_Paulo;;;
4301552;Áurea;-276936;-520505;0;43;8487;54;America/Sao_Paulo;;;
2902401;Aurelino Leal;-14321;-39329;0;29;3347;73;America/Sao_Paulo;;;
3553807;Taquarituba;-235307;-492410;0;35;7177;14;America/Sao_Paulo;;-23,5307;-49,2410
5202601;Aurilândia;-166773;-504641;0;52;9251;64;America/Sao_Paulo;;;
2301703;Aurora;-693349;-389742;0;23;1333;88;America/Sao_Paulo;;;
4201901;Aurora;-273098;-496295;0;42;8037;47;America/Sao_Paulo;;;
1500958;Aurora do Pará;-214898;-475677;0;15;389;91;America/Sao_Paulo;;;
1702703;Aurora do Tocantins;-127105;-464076;0;17;9253;63;America/Sao_Paulo;;;
1300300;Autazes;-358574;-591256;0;13;207;92;America/Porto_Velho;;;
3543501;Riversul;-238290;-494290;0;35;6971;15;America/Sao_Paulo;;-23,8290;-49,4290
3527504;Lucianópolis;-224294;-495220;0;35;6651;14;America/Sao_Paulo;;-22,4294;-49,5220
3501400;Álvaro de Carvalho;-220841;-497190;0;35;6127;14;America/Sao_Paulo;;-22,0841;-49,7190
1501006;Aveiro;-360841;-553199;0;15;419;93;America/Sao_Paulo;;;
2201101;Avelino Lopes;-101345;-439563;0;22;1021;89;America/Sao_Paulo;;;
5202809;Avelinópolis;-164672;-497579;0;52;9255;64;America/Sao_Paulo;;;
2101103;Axixá;-283939;-44062;0;21;721;98;America/Sao_Paulo;;;
1702901;Axixá do Tocantins;-561275;-477701;0;17;9257;63;America/Sao_Paulo;;;
1703008;Babaçulândia;-720923;-477613;0;17;9259;63;America/Sao_Paulo;;;
2101202;Bacabal;-422447;-447832;0;21;723;99;America/Sao_Paulo;;;
2101251;Bacabeira;-296452;-443164;0;21;116;98;America/Sao_Paulo;;;
2101301;Bacuri;-16965;-451328;0;21;725;98;America/Sao_Paulo;;;
2101350;Bacurituba;-271;-447329;0;21;118;98;America/Sao_Paulo;;;
3527801;Lupércio;-224146;-498180;0;35;6657;14;America/Sao_Paulo;;-22,4146;-49,8180
3104908;Baependi;-21957;-448874;0;31;4097;35;America/Sao_Paulo;;;
4301602;Bagé;-313297;-540999;0;43;8531;53;America/Sao_Paulo;;;
1501105;Bagre;-190057;-501987;0;15;421;91;America/Sao_Paulo;;;
2501401;Baía da Traição;-669209;-349381;0;25;1929;83;America/Sao_Paulo;;;
2401404;Baía Formosa;-637161;-350033;0;24;1627;84;America/Sao_Paulo;;;
2902500;Baianópolis;-123016;-445388;0;29;3349;77;America/Sao_Paulo;;;
1501204;Baião;-279021;-496694;0;15;423;91;America/Sao_Paulo;;;
2902609;Baixa Grande;-119519;-40169;0;29;3351;74;America/Sao_Paulo;;;
2201150;Baixa Grande do Ribeiro;-784903;-45219;0;22;2245;89;America/Sao_Paulo;;;
2301802;Baixio;-671945;-387134;0;23;1335;88;America/Sao_Paulo;;;
3200805;Baixo Guandu;-195213;-410109;0;32;5615;27;America/Sao_Paulo;;;
3533700;Ocauçu;-224380;-499220;0;35;6775;14;America/Sao_Paulo;;-22,4380;-49,9220
3105004;Baldim;-192832;-439613;0;31;4099;31;America/Sao_Paulo;;;
5203104;Baliza;-161966;-525393;0;52;9261;64;America/Sao_Paulo;;;
4201950;Balneário Arroio do Silva;-289806;-494237;0;42;888;48;America/Sao_Paulo;;;
4202057;Balneário Barra do Sul;-264597;-486123;0;42;5549;47;America/Sao_Paulo;;;
4202008;Balneário Camboriú;-269926;-486352;0;42;8039;47;America/Sao_Paulo;;;
4202073;Balneário Gaivota;-291527;-495841;0;42;890;48;America/Sao_Paulo;;;
4212809;Balneário Piçarras;-267639;-486717;0;42;8251;47;America/Sao_Paulo;;;
4301636;Balneário Pinhal;-302419;-502337;0;43;954;51;America/Sao_Paulo;;;
4220000;Balneário Rincão;-288314;-492352;0;42;1192;48;America/Sao_Paulo;;;
4102307;Balsa Nova;-255804;-496291;0;41;7443;41;America/Sao_Paulo;;;
3551306;Sebastianópolis do Sul;-206523;-499250;0;35;7127;17;America/Sao_Paulo;;-20,6523;-49,9250
2101400;Balsas;-753214;-460372;0;21;727;99;America/Sao_Paulo;;;
3105103;Bambuí;-200166;-459754;0;31;4101;37;America/Sao_Paulo;;;
2301851;Banabuiú;-530454;-389132;0;23;1233;88;America/Sao_Paulo;;;
3543204;Ribeirão do Sul;-227890;-499330;0;35;6965;14;America/Sao_Paulo;;-22,7890;-49,9330
2501500;Bananeiras;-674775;-356246;0;25;1931;83;America/Sao_Paulo;;;
3105202;Bandeira;-158783;-405622;0;31;4103;33;America/Sao_Paulo;;;
3105301;Bandeira do Sul;-217308;-463833;0;31;4105;35;America/Sao_Paulo;;;
4202081;Bandeirante;-267705;-536413;0;42;892;49;America/Sao_Paulo;;;
5001508;Bandeirantes;-199275;-543585;0;50;9029;67;America/Porto_Velho;;;
4102406;Bandeirantes;-231078;-503704;0;41;7445;43;America/Sao_Paulo;;;
1703057;Bandeirantes do Tocantins;-775612;-485836;0;17;74;63;America/Sao_Paulo;;;
1501253;Bannach;-734779;-503959;0;15;42;94;America/Sao_Paulo;;;
2902658;Banzaê;-105788;-386212;0;29;3261;75;America/Sao_Paulo;;;
4301651;Barão;-293725;-514949;0;43;8485;51;America/Sao_Paulo;;;
3539608;Planalto;-210342;-499330;0;35;6893;18;America/Sao_Paulo;;-21,0342;-49,9330
3105400;Barão de Cocais;-199389;-434755;0;31;4107;31;America/Sao_Paulo;;;
4301701;Barão de Cotegipe;-276208;-523798;0;43;8533;54;America/Sao_Paulo;;;
2101509;Barão de Grajaú;-674463;-430261;0;21;729;99;America/Sao_Paulo;;;
5101605;Barão de Melgaço;-162067;-559623;0;51;9031;65;America/Porto_Velho;;;
3105509;Barão de Monte Alto;-212444;-422372;0;31;4109;32;America/Sao_Paulo;;;
4301750;Barão do Triunfo;-303891;-517384;0;43;5771;51;America/Sao_Paulo;;;
2401453;Baraúna;-506977;-376129;0;24;3003;84;America/Sao_Paulo;;;
2501534;Baraúna;-663484;-362601;0;25;452;83;America/Sao_Paulo;;;
3105608;Barbacena;-212214;-437703;0;31;4111;32;America/Sao_Paulo;;;
2301901;Barbalha;-72982;-393021;0;23;1337;88;America/Sao_Paulo;;;
3530003;Mira Estrela;-199789;-501390;0;35;6701;17;America/Sao_Paulo;;-19,9789;-50,1390
4102505;Barbosa Ferraz;-240334;-52004;0;41;7447;44;America/Sao_Paulo;;;
1501303;Barcarena;-151187;-486195;0;15;425;91;America/Sao_Paulo;;;
2401503;Barcelona;-594284;-359247;0;24;1629;84;America/Sao_Paulo;;;
1300409;Barcelos;-983373;-629311;0;13;209;97;America/Porto_Velho;;;
3501103;Alto Alegre;-215811;-501680;0;35;6121;18;America/Sao_Paulo;;-21,5811;-50,1680
2902708;Barra;-110859;-431459;0;29;3353;74;America/Sao_Paulo;;;
4202099;Barra Bonita;-26654;-5344;0;42;894;49;America/Sao_Paulo;;;
3540002;Pompéia;-221070;-501760;0;35;6901;14;America/Sao_Paulo;;-22,1070;-50,1760
2201176;Barra D'Alcântara;-651645;-421146;0;22;272;89;America/Sao_Paulo;;;
2902807;Barra da Estiva;-136237;-413347;0;29;3355;77;America/Sao_Paulo;;;
2601300;Barra de Guabiraba;-842075;-356585;0;26;2325;81;America/Sao_Paulo;;;
2501609;Barra de Santa Rosa;-671816;-360671;0;25;1933;83;America/Sao_Paulo;;;
2501575;Barra de Santana;-751809;-359913;0;25;454;83;America/Sao_Paulo;;;
2700508;Barra de Santo Antônio;-94023;-355101;0;27;2709;82;America/Sao_Paulo;;;
3200904;Barra de São Francisco;-187548;-408965;0;32;5617;27;America/Sao_Paulo;;;
2501708;Barra de São Miguel;-774603;-363209;0;25;1935;83;America/Sao_Paulo;;;
2700607;Barra de São Miguel;-983842;-359057;0;27;2711;82;America/Sao_Paulo;;;
5101704;Barra do Bugres;-150702;-571878;0;51;9033;65;America/Porto_Velho;;;
3535309;Palmital;-227858;-502180;0;35;6807;18;America/Sao_Paulo;;-22,7858;-50,2180
2902906;Barra do Choça;-148654;-405791;0;29;3357;77;America/Sao_Paulo;;;
2101608;Barra do Corda;-549682;-452485;0;21;731;99;America/Sao_Paulo;;;
5101803;Barra do Garças;-158804;-52264;0;51;9035;66;America/Porto_Velho;;;
4301859;Barra do Guarita;-271927;-537109;0;43;6069;55;America/Sao_Paulo;;;
4102703;Barra do Jacaré;-23116;-501842;0;41;7451;43;America/Sao_Paulo;;;
2903003;Barra do Mendes;-1181;-42059;0;29;3359;74;America/Sao_Paulo;;;
1703073;Barra do Ouro;-769593;-476776;0;17;76;63;America/Sao_Paulo;;;
3300308;Barra do Piraí;-224715;-438269;0;33;5805;24;America/Sao_Paulo;;;
4301875;Barra do Quaraí;-302029;-575497;0;43;956;55;America/Sao_Paulo;;;
4301909;Barra do Ribeiro;-302939;-513014;0;43;8537;51;America/Sao_Paulo;;;
4301925;Barra do Rio Azul;-274069;-524084;0;43;5959;54;America/Sao_Paulo;;;
2903102;Barra do Rocha;-142;-395991;0;29;3361;73;America/Sao_Paulo;;;
3542008;Quintana;-220692;-503070;0;35;6941;14;America/Sao_Paulo;;-22,0692;-50,3070
2800605;Barra dos Coqueiros;-108996;-370323;0;28;3111;79;America/Sao_Paulo;;;
4301958;Barra Funda;-279205;-530391;0;43;5943;54;America/Sao_Paulo;;;
3105707;Barra Longa;-202869;-430402;0;31;4113;31;America/Sao_Paulo;;;
3300407;Barra Mansa;-225481;-441752;0;33;5807;24;America/Sao_Paulo;;;
4202107;Barra Velha;-26637;-486933;0;42;8041;47;America/Sao_Paulo;;;
4301800;Barracão;-276739;-514585;0;43;8535;54;America/Sao_Paulo;;;
4102604;Barracão;-262502;-536324;0;41;7449;49;America/Sao_Paulo;;;
2201200;Barras;-424468;-422922;0;22;1023;86;America/Sao_Paulo;;;
2301950;Barreira;-428921;-386429;0;23;1235;85;America/Sao_Paulo;;;
2903201;Barreiras;-121439;-449968;0;29;3363;77;America/Sao_Paulo;;;
2201309;Barreiras do Piauí;-99296;-454702;0;22;1025;89;America/Sao_Paulo;;;
1300508;Barreirinha;-279886;-570679;0;13;211;92;America/Porto_Velho;;;
2101707;Barreirinhas;-275863;-428232;0;21;733;98;America/Sao_Paulo;;;
2601409;Barreiros;-881605;-351832;0;26;2327;81;America/Sao_Paulo;;;
3516903;General Salgado;-206485;-503640;0;35;6439;17;America/Sao_Paulo;;-20,6485;-50,3640
3527900;Lutécia;-223384;-503940;0;35;6659;18;America/Sao_Paulo;;-22,3384;-50,3940
2302008;Barro;-717188;-387741;0;23;1339;88;America/Sao_Paulo;;;
2903235;Barro Alto;-117605;-419054;0;29;3075;74;America/Sao_Paulo;;;
5203203;Barro Alto;-149658;-489086;0;52;9263;62;America/Sao_Paulo;;;
2201408;Barro Duro;-581673;-425147;0;22;1027;86;America/Sao_Paulo;;;
2903300;Barro Preto;-147948;-39476;0;29;3365;73;America/Sao_Paulo;;;
2903276;Barrocas;-115272;-390776;0;29;1110;75;America/Sao_Paulo;;;
1703107;Barrolândia;-983404;-487252;0;17;9693;63;America/Sao_Paulo;;;
2302057;Barroquinha;-302051;-411358;0;23;1237;88;America/Sao_Paulo;;;
4302006;Barros Cassal;-290947;-525836;0;43;8539;54;America/Sao_Paulo;;;
3105905;Barroso;-211907;-43972;0;31;4117;32;America/Sao_Paulo;;;
3503356;Arco-Íris;-217728;-504660;0;35;790;14;America/Sao_Paulo;;-21,7728;-50,4660
3548054;Santo Antônio do Aracanguá;-209331;-504980;0;35;2939;18;America/Sao_Paulo;;-20,9331;-50,4980
5001904;Bataguassu;-217159;-524221;0;50;9037;67;America/Porto_Velho;;;
2201507;Batalha;-40223;-420787;0;22;1029;86;America/Sao_Paulo;;;
2700706;Batalha;-96742;-37133;0;27;2713;82;America/Sao_Paulo;;;
3540408;Populina;-199453;-505380;0;35;6909;17;America/Sao_Paulo;;-19,9453;-50,5380
5002001;Batayporã;-222944;-532705;0;50;9039;67;America/Porto_Velho;;;
2302107;Baturité;-432598;-388812;0;23;1341;85;America/Sao_Paulo;;;
3503950;Aspásia;-201600;-507280;0;35;2981;17;America/Sao_Paulo;;-20,1600;-50,7280
2501807;Bayeux;-71238;-349293;0;25;1937;83;America/Sao_Paulo;;;
3506201;Bento de Abreu;-212686;-508140;0;35;6223;18;America/Sao_Paulo;;-21,2686;-50,8140
2302206;Beberibe;-417741;-381271;0;23;1343;85;America/Sao_Paulo;;;
2302305;Bela Cruz;-304996;-401671;0;23;1345;88;America/Sao_Paulo;;;
5002100;Bela Vista;-221073;-565263;0;50;9041;67;America/Porto_Velho;;;
4102752;Bela Vista da Caroba;-258842;-536725;0;41;834;46;America/Sao_Paulo;;;
5203302;Bela Vista de Goiás;-169693;-489513;0;52;9265;62;America/Sao_Paulo;;;
3106002;Bela Vista de Minas;-198302;-430922;0;31;4119;31;America/Sao_Paulo;;;
2101772;Bela Vista do Maranhão;-372618;-453075;0;21;122;98;America/Sao_Paulo;;;
4102802;Bela Vista do Paraíso;-229937;-511927;0;41;7453;43;America/Sao_Paulo;;;
2201556;Bela Vista do Piauí;-798809;-418675;0;22;274;89;America/Sao_Paulo;;;
4202131;Bela Vista do Toldo;-262746;-504664;0;42;896;47;America/Sao_Paulo;;;
2101731;Belágua;-315485;-435122;0;21;120;98;America/Sao_Paulo;;;
1501402;Belém;-14554;-484898;1;15;427;91;America/Sao_Paulo;;;
2501906;Belém;-674261;-355166;0;25;1939;83;America/Sao_Paulo;;;
2700805;Belém;-957047;-364904;0;27;2715;82;America/Sao_Paulo;;;
2601508;Belém de Maria;-862504;-358335;0;26;2329;81;America/Sao_Paulo;;;
2502003;Belém do Brejo do Cruz;-618515;-375348;0;25;1941;83;America/Sao_Paulo;;;
2201572;Belém do Piauí;-736652;-409688;0;22;276;89;America/Sao_Paulo;;;
2601607;Belém do São Francisco;-875046;-389623;0;26;2331;87;America/Sao_Paulo;;;
3300456;Belford Roxo;-22764;-433992;0;33;2909;21;America/Sao_Paulo;;;
3106101;Belmiro Braga;-21944;-434084;0;31;4121;32;America/Sao_Paulo;;;
4202156;Belmonte;-26843;-535758;0;42;5745;49;America/Sao_Paulo;;;
2903409;Belmonte;-158608;-388758;0;29;3367;73;America/Sao_Paulo;;;
2903508;Belo Campo;-150334;-412652;0;29;3369;77;America/Sao_Paulo;;;
3106200;Belo Horizonte;-199102;-439266;1;31;4123;31;America/Sao_Paulo;;;
2601706;Belo Jardim;-83313;-364258;0;26;2333;81;America/Sao_Paulo;;;
2700904;Belo Monte;-982272;-37277;0;27;2717;82;America/Sao_Paulo;;;
3106309;Belo Oriente;-192199;-424828;0;31;4125;31;America/Sao_Paulo;;;
3106408;Belo Vale;-204077;-440275;0;31;4127;31;America/Sao_Paulo;;;
1501451;Belterra;-263609;-549374;0;15;44;93;America/Sao_Paulo;;;
2201606;Beneditinos;-545676;-423638;0;22;1031;86;America/Sao_Paulo;;;
2101806;Benedito Leite;-721037;-445577;0;21;735;99;America/Sao_Paulo;;;
4202206;Benedito Novo;-26781;-493593;0;42;8043;47;America/Sao_Paulo;;;
1501501;Benevides;-136183;-482434;0;15;429;91;America/Sao_Paulo;;;
1300607;Benjamin Constant;-437768;-700342;0;13;213;97;America/Rio_Branco;;;
4302055;Benjamin Constant do Sul;-275086;-525995;0;43;958;54;America/Sao_Paulo;;;
3542206;Rancharia;-222269;-508930;0;35;6945;18;America/Sao_Paulo;;-22,2269;-50,8930
2401602;Bento Fernandes;-569906;-35813;0;24;1631;84;America/Sao_Paulo;;;
4302105;Bento Gonçalves;-291662;-515165;0;43;8541;54;America/Sao_Paulo;;;
2101905;Bequimão;-244162;-447842;0;21;737;98;America/Sao_Paulo;;;
3106507;Berilo;-169567;-424606;0;31;4129;33;America/Sao_Paulo;;;
3106655;Berizal;-1561;-417432;0;31;570;38;America/Sao_Paulo;;;
2502052;Bernardino Batista;-644572;-385521;0;25;456;83;America/Sao_Paulo;;;
3546603;Santa Fé do Sul;-202083;-509320;0;35;7033;17;America/Sao_Paulo;;-20,2083;-50,9320
2101939;Bernardo do Mearim;-462666;-447608;0;21;124;99;America/Sao_Paulo;;;
1703206;Bernardo Sayão;-787481;-488893;0;17;9695;63;America/Sao_Paulo;;;
3544509;Rubinéia;-201759;-510070;0;35;6991;17;America/Sao_Paulo;;-20,1759;-51,0070
2201705;Bertolínia;-763338;-439498;0;22;1033;89;America/Sao_Paulo;;;
3106606;Bertópolis;-17059;-4058;0;31;4131;33;America/Sao_Paulo;;;
1300631;Beruri;-389874;-613616;0;13;295;97;America/Porto_Velho;;;
2601805;Betânia;-826787;-380345;0;26;2335;87;America/Sao_Paulo;;;
2201739;Betânia do Piauí;-814376;-407989;0;22;278;89;America/Sao_Paulo;;;
3106705;Betim;-199668;-442008;0;31;4133;31;America/Sao_Paulo;;;
2601904;Bezerros;-82328;-35796;0;26;2337;81;America/Sao_Paulo;;;
3106804;Bias Fortes;-21602;-437574;0;31;4135;32;America/Sao_Paulo;;;
3106903;Bicas;-217232;-43056;0;31;4137;32;America/Sao_Paulo;;;
4202305;Biguaçu;-27496;-486598;0;42;8045;48;America/Sao_Paulo;;;
3500808;Alfredo Marcondes;-219527;-514140;0;35;6115;18;America/Sao_Paulo;;-21,9527;-51,4140
3107000;Biquinhas;-187754;-454974;0;31;4139;37;America/Sao_Paulo;;;
3514403;Dracena;-214843;-515350;0;35;6389;18;America/Sao_Paulo;;-21,4843;-51,5350
3555109;Tupi Paulista;-213825;-515750;0;35;7203;18;America/Sao_Paulo;;-21,3825;-51,5750
2903607;Biritinga;-116072;-388051;0;29;3371;75;America/Sao_Paulo;;;
4102901;Bituruna;-261607;-515518;0;41;7455;42;America/Sao_Paulo;;;
4202404;Blumenau;-269155;-490709;0;42;8047;47;America/Sao_Paulo;;;
4103008;Boa Esperança;-242467;-527876;0;41;7457;44;America/Sao_Paulo;;;
3107109;Boa Esperança;-210927;-455612;0;31;4141;35;America/Sao_Paulo;;;
3201001;Boa Esperança;-185395;-403025;0;32;5619;27;America/Sao_Paulo;;;
4103024;Boa Esperança do Iguaçu;-256324;-532108;0;41;5471;46;America/Sao_Paulo;;;
3504909;Bananal;-226819;-443281;0;35;6197;12;America/Sao_Paulo;;-22,6819;-44,3281
2201770;Boa Hora;-441404;-421357;0;22;280;86;America/Sao_Paulo;;;
2903706;Boa Nova;-143598;-402064;0;29;3373;77;America/Sao_Paulo;;;
2502102;Boa Ventura;-740982;-382113;0;25;1943;83;America/Sao_Paulo;;;
4103040;Boa Ventura de São Roque;-248688;-516276;0;41;836;42;America/Sao_Paulo;;;
2302404;Boa Viagem;-511258;-397337;0;23;1347;88;America/Sao_Paulo;;;
1400100;Boa Vista;282384;-606753;1;14;301;95;America/Porto_Velho;;;
2502151;Boa Vista;-726365;-362357;0;25;458;83;America/Sao_Paulo;;;
4103057;Boa Vista da Aparecida;-254308;-534117;0;41;7981;45;America/Sao_Paulo;;;
4302154;Boa Vista das Missões;-276671;-533102;0;43;5981;55;America/Sao_Paulo;;;
4302204;Boa Vista do Buricá;-276693;-541082;0;43;8543;55;America/Sao_Paulo;;;
4302220;Boa Vista do Cadeado;-285791;-538108;0;43;1124;55;America/Sao_Paulo;;;
2101970;Boa Vista do Gurupi;-177614;-463002;0;21;126;98;America/Sao_Paulo;;;
4302238;Boa Vista do Incra;-288185;-53391;0;43;1126;55;America/Sao_Paulo;;;
1300680;Boa Vista do Ramos;-297409;-575873;0;13;297;92;America/Porto_Velho;;;
4302253;Boa Vista do Sul;-293544;-516687;0;43;960;54;America/Sao_Paulo;;;
2903805;Boa Vista do Tupim;-126498;-406064;0;29;3375;75;America/Sao_Paulo;;;
2701001;Boca da Mata;-964308;-362125;0;27;2719;82;America/Sao_Paulo;;;
1300706;Boca do Acre;-874232;-673919;0;13;215;97;America/Rio_Branco;;;
2201804;Bocaina;-694124;-413168;0;22;1035;89;America/Sao_Paulo;;;
3503158;Arapeí;-226717;-444441;0;35;2991;12;America/Sao_Paulo;;-22,6717;-44,4441
3107208;Bocaina de Minas;-221697;-443972;0;31;4143;32;America/Sao_Paulo;;;
4202438;Bocaina do Sul;-277455;-499423;0;42;898;49;America/Sao_Paulo;;;
3107307;Bocaiúva;-171135;-438104;0;31;4145;38;America/Sao_Paulo;;;
4103107;Bocaiúva do Sul;-252066;-491141;0;41;7459;41;America/Sao_Paulo;;;
2401651;Bodó;-598027;-364167;0;24;412;84;America/Sao_Paulo;;;
2602001;Bodocó;-777759;-399338;0;26;2339;87;America/Sao_Paulo;;;
5002159;Bodoquena;-20537;-567127;0;50;9801;67;America/Porto_Velho;;;
3549607;São José do Barreiro;-226414;-445774;0;35;7093;12;America/Sao_Paulo;;-22,6414;-44,5774
3503505;Areias;-225786;-446992;0;35;6169;12;America/Sao_Paulo;;-22,5786;-44,6992
2602100;Bom Conselho;-916919;-366857;0;26;2341;87;America/Sao_Paulo;;;
3107406;Bom Despacho;-197386;-452622;0;31;4147;37;America/Sao_Paulo;;;
3300506;Bom Jardim;-221545;-424251;0;33;5809;22;America/Sao_Paulo;;;
2602209;Bom Jardim;-779695;-355784;0;26;2343;81;America/Sao_Paulo;;;
2102002;Bom Jardim;-354129;-45606;0;21;955;98;America/Sao_Paulo;;;
4202503;Bom Jardim da Serra;-283377;-496373;0;42;8389;49;America/Sao_Paulo;;;
5203401;Bom Jardim de Goiás;-162063;-521728;0;52;9267;64;America/Sao_Paulo;;;
3107505;Bom Jardim de Minas;-219479;-441885;0;31;4149;32;America/Sao_Paulo;;;
4202537;Bom Jesus;-267326;-523919;0;42;900;49;America/Sao_Paulo;;;
4302303;Bom Jesus;-286697;-504295;0;43;8545;54;America/Sao_Paulo;;;
2201903;Bom Jesus;-907124;-44359;0;22;1037;89;America/Sao_Paulo;;;
2401701;Bom Jesus;-598648;-355792;0;24;1633;84;America/Sao_Paulo;;;
2502201;Bom Jesus;-681601;-386453;0;25;1945;83;America/Sao_Paulo;;;
2903904;Bom Jesus da Lapa;-132506;-434108;0;29;3377;77;America/Sao_Paulo;;;
3107604;Bom Jesus da Penha;-210148;-465174;0;31;4151;35;America/Sao_Paulo;;;
2903953;Bom Jesus da Serra;-143663;-405126;0;29;3263;77;America/Sao_Paulo;;;
2102036;Bom Jesus das Selvas;-447638;-468641;0;21;128;98;America/Sao_Paulo;;;
5203500;Bom Jesus de Goiás;-182173;-4974;0;52;9269;64;America/Sao_Paulo;;;
3107703;Bom Jesus do Amparo;-197054;-434782;0;31;4153;31;America/Sao_Paulo;;;
5101852;Bom Jesus do Araguaia;-121706;-515032;0;51;1078;66;America/Porto_Velho;;;
3107802;Bom Jesus do Galho;-19836;-423165;0;31;4155;33;America/Sao_Paulo;;;
3300605;Bom Jesus do Itabapoana;-211449;-416822;0;33;5811;22;America/Sao_Paulo;;;
3201100;Bom Jesus do Norte;-211173;-416731;0;32;5621;28;America/Sao_Paulo;;;
4202578;Bom Jesus do Oeste;-266927;-530967;0;42;902;49;America/Sao_Paulo;;;
4103156;Bom Jesus do Sul;-261958;-535955;0;41;838;46;America/Sao_Paulo;;;
1501576;Bom Jesus do Tocantins;-50424;-486047;0;15;575;94;America/Sao_Paulo;;;
1703305;Bom Jesus do Tocantins;-896306;-48165;0;17;341;63;America/Sao_Paulo;;;
3541901;Queluz;-225312;-447781;0;35;6939;12;America/Sao_Paulo;;-22,5312;-44,7781
2102077;Bom Lugar;-437311;-450326;0;21;130;99;America/Sao_Paulo;;;
4302352;Bom Princípio;-294856;-513548;0;43;9823;51;America/Sao_Paulo;;;
2201919;Bom Princípio do Piauí;-319631;-416403;0;22;2287;86;America/Sao_Paulo;;;
4302378;Bom Progresso;-275399;-538716;0;43;6071;55;America/Sao_Paulo;;;
3107901;Bom Repouso;-224675;-46144;0;31;4157;35;America/Sao_Paulo;;;
4202602;Bom Retiro;-27799;-49487;0;42;8049;49;America/Sao_Paulo;;;
4302402;Bom Retiro do Sul;-296071;-519456;0;43;8547;51;America/Sao_Paulo;;;
3108008;Bom Sucesso;-210329;-447537;0;31;4159;35;America/Sao_Paulo;;;
4103206;Bom Sucesso;-237063;-517671;0;41;7461;43;America/Sao_Paulo;;;
2502300;Bom Sucesso;-644176;-379234;0;25;1947;83;America/Sao_Paulo;;;
3552007;Silveiras;-226638;-448522;0;35;7141;12;America/Sao_Paulo;;-22,6638;-44,8522
4103222;Bom Sucesso do Sul;-260731;-528353;0;41;9979;46;America/Sao_Paulo;;;
4202453;Bombinhas;-271382;-485146;0;42;5537;47;America/Sao_Paulo;;;
1400159;Bonfim;336161;-598333;0;14;307;95;America/Porto_Velho;;;
3108107;Bonfim;-203302;-442366;0;31;4161;31;America/Sao_Paulo;;;
2201929;Bonfim do Piauí;-91605;-428865;0;22;2251;89;America/Sao_Paulo;;;
5203559;Bonfinópolis;-166173;-489616;0;52;9775;62;America/Sao_Paulo;;;
3108206;Bonfinópolis de Minas;-16568;-459839;0;31;4163;38;America/Sao_Paulo;;;
2904001;Boninal;-127069;-418286;0;29;3379;75;America/Sao_Paulo;;;
2602308;Bonito;-847163;-357292;0;26;2345;81;America/Sao_Paulo;;;
2904050;Bonito;-119668;-412647;0;29;3265;75;America/Sao_Paulo;;;
1501600;Bonito;-136745;-473066;0;15;431;91;America/Sao_Paulo;;;
5002209;Bonito;-211261;-564836;0;50;9043;67;America/Porto_Velho;;;
3108255;Bonito de Minas;-153231;-447543;0;31;572;38;America/Sao_Paulo;;;
2502409;Bonito de Santa Fé;-731341;-385133;0;25;1949;83;America/Sao_Paulo;;;
5203575;Bonópolis;-136329;-498106;0;52;1056;62;America/Sao_Paulo;;;
2502508;Boqueirão;-7487;-361309;0;25;1951;83;America/Sao_Paulo;;;
4302451;Boqueirão do Leão;-293046;-524284;0;43;8483;51;America/Sao_Paulo;;;
2201945;Boqueirão do Piauí;-448181;-421212;0;22;282;86;America/Sao_Paulo;;;
2800670;Boquim;-111397;-376195;0;28;3115;79;America/Sao_Paulo;;;
2904100;Boquira;-128205;-427324;0;29;3381;77;America/Sao_Paulo;;;
3526605;Lavrinhas;-225700;-449024;0;35;6633;12;America/Sao_Paulo;;-22,5700;-44,9024
3513603;Cunha;-230731;-449576;0;35;6373;12;America/Sao_Paulo;;-23,0731;-44,9576
1300805;Borba;-439154;-595874;0;13;217;92;America/Porto_Velho;;;
2502706;Borborema;-680199;-356187;0;25;1955;83;America/Sao_Paulo;;;
3508603;Cachoeira Paulista;-226665;-450154;0;35;6273;12;America/Sao_Paulo;;-22,6665;-45,0154
3108305;Borda da Mata;-222707;-461653;0;31;4165;35;America/Sao_Paulo;;;
3509957;Canas;-227003;-450521;0;35;794;12;America/Sao_Paulo;;-22,7003;-45,0521
4103305;Borrazópolis;-239366;-515875;0;41;7463;43;America/Sao_Paulo;;;
4302501;Bossoroca;-287291;-549035;0;43;8549;55;America/Sao_Paulo;;;
3108404;Botelhos;-216412;-46391;0;31;4167;35;America/Sao_Paulo;;;
3555406;Ubatuba;-234332;-450834;0;35;7209;12;America/Sao_Paulo;;-23,4332;-45,0834
3108503;Botumirim;-168657;-430086;0;31;4169;38;America/Sao_Paulo;;;
2904209;Botuporã;-133772;-425163;0;29;3383;77;America/Sao_Paulo;;;
4202701;Botuverá;-272007;-490689;0;42;8051;47;America/Sao_Paulo;;;
4302584;Bozano;-283659;-53772;0;43;1128;55;America/Sao_Paulo;;;
4202800;Braço do Norte;-282681;-491701;0;42;8053;48;America/Sao_Paulo;;;
4202859;Braço do Trombudo;-273586;-498821;0;42;5557;47;America/Sao_Paulo;;;
4302600;Braga;-276173;-537405;0;43;8551;55;America/Sao_Paulo;;;
1501709;Bragança;-106126;-467826;0;15;433;91;America/Sao_Paulo;;;
3527207;Lorena;-227334;-451197;0;35;6645;12;America/Sao_Paulo;;-22,7334;-45,1197
4103354;Braganey;-248173;-531218;0;41;7983;45;America/Sao_Paulo;;;
2701100;Branquinha;-923342;-360162;0;27;2721;82;America/Sao_Paulo;;;
3108701;Brás Pires;-208419;-432406;0;31;4173;32;America/Sao_Paulo;;;
1501725;Brasil Novo;-329792;-52534;0;15;639;93;America/Sao_Paulo;;;
5002308;Brasilândia;-212544;-520365;0;50;9045;67;America/Porto_Velho;;;
3108552;Brasilândia de Minas;-169999;-460081;0;31;574;38;America/Sao_Paulo;;;
4103370;Brasilândia do Sul;-241978;-535275;0;41;5521;44;America/Sao_Paulo;;;
1703602;Brasilândia do Tocantins;-838918;-484822;0;17;339;63;America/Sao_Paulo;;;
1200104;Brasiléia;-10995;-687497;0;12;105;68;America/Rio_Branco;;;
2201960;Brasileira;-41337;-417859;0;22;2283;86;America/Sao_Paulo;;;
5300108;Brasília;-157795;-479297;1;53;9701;61;America/Sao_Paulo;;;
3108602;Brasília de Minas;-162104;-444299;0;31;4171;38;America/Sao_Paulo;;;
5101902;Brasnorte;-121474;-579833;0;51;9873;66;America/Porto_Velho;;;
3538501;Piquete;-226069;-451869;0;35;6871;12;America/Sao_Paulo;;-22,6069;-45,1869
3108800;Braúnas;-190562;-427099;0;31;4175;35;America/Sao_Paulo;;;
5203609;Brazabrantes;-164281;-493863;0;52;9271;62;America/Sao_Paulo;;;
3108909;Brazópolis;-224743;-456166;0;31;4177;33;America/Sao_Paulo;;;
2602407;Brejão;-902915;-36566;0;26;2347;87;America/Sao_Paulo;;;
3201159;Brejetuba;-201395;-412954;0;32;758;27;America/Sao_Paulo;;;
2401800;Brejinho;-618566;-353591;0;24;1635;84;America/Sao_Paulo;;;
2602506;Brejinho;-734694;-372865;0;26;2349;87;America/Sao_Paulo;;;
1703701;Brejinho de Nazaré;-110058;-485683;0;17;9273;63;America/Sao_Paulo;;;
2102101;Brejo;-367796;-427527;0;21;739;98;America/Sao_Paulo;;;
3518404;Guaratinguetá;-228075;-451938;0;35;6469;12;America/Sao_Paulo;;-22,8075;-45,1938
2602605;Brejo da Madre de Deus;-814933;-363741;0;26;2351;81;America/Sao_Paulo;;;
2102150;Brejo de Areia;-4334;-45581;0;21;132;98;America/Sao_Paulo;;;
2502805;Brejo do Cruz;-634185;-374943;0;25;1957;83;America/Sao_Paulo;;;
2201988;Brejo do Piauí;-820314;-428229;0;22;284;89;America/Sao_Paulo;;;
2502904;Brejo dos Santos;-637065;-378253;0;25;1959;83;America/Sao_Paulo;;;
2800704;Brejo Grande;-104297;-364611;0;28;3113;79;America/Sao_Paulo;;;
1501758;Brejo Grande do Araguaia;-569822;-484103;0;15;577;94;America/Sao_Paulo;;;
2302503;Brejo Santo;-748469;-389799;0;23;1349;88;America/Sao_Paulo;;;
2904308;Brejões;-131039;-397988;0;29;3385;75;America/Sao_Paulo;;;
2904407;Brejolândia;-124815;-439679;0;29;3387;77;America/Sao_Paulo;;;
1501782;Breu Branco;-377191;-495735;0;15;625;94;America/Sao_Paulo;;;
1501808;Breves;-168036;-504791;0;15;435;91;America/Sao_Paulo;;;
5203807;Britânia;-152428;-511602;0;52;9275;62;America/Sao_Paulo;;;
4302659;Brochier;-295501;-515945;0;43;8449;51;America/Sao_Paulo;;;
3526308;Lagoinha;-230846;-451944;0;35;6627;12;America/Sao_Paulo;;-23,0846;-45,1944
3502507;Aparecida;-228495;-452325;0;35;6149;12;America/Sao_Paulo;;-22,8495;-45,2325
2904506;Brotas de Macaúbas;-119915;-426326;0;29;3389;77;America/Sao_Paulo;;;
3109006;Brumadinho;-20151;-442007;0;31;4179;31;America/Sao_Paulo;;;
2904605;Brumado;-142021;-416696;0;29;3391;77;America/Sao_Paulo;;;
4202875;Brunópolis;-273058;-508684;0;42;904;49;America/Sao_Paulo;;;
4202909;Brusque;-270977;-489107;0;42;8055;47;America/Sao_Paulo;;;
3109105;Bueno Brandão;-224383;-463491;0;31;4181;35;America/Sao_Paulo;;;
3109204;Buenópolis;-178744;-441775;0;31;4183;38;America/Sao_Paulo;;;
2602704;Buenos Aires;-772449;-353182;0;26;2353;81;America/Sao_Paulo;;;
2904704;Buerarema;-149595;-393028;0;29;3393;73;America/Sao_Paulo;;;
3109253;Bugre;-194231;-422552;0;31;576;33;America/Sao_Paulo;;;
2602803;Buíque;-861954;-371606;0;26;2355;87;America/Sao_Paulo;;;
1200138;Bujari;-981528;-67955;0;12;645;68;America/Rio_Branco;;;
1501907;Bujaru;-151762;-480381;0;15;437;91;America/Sao_Paulo;;;
3540754;Potim;-228343;-452552;0;35;2993;12;America/Sao_Paulo;;-22,8343;-45,2552
3550001;São Luiz do Paraitinga;-232220;-453109;0;35;7101;12;America/Sao_Paulo;;-23,2220;-45,3109
2102200;Buriti;-394169;-429179;0;21;741;98;America/Sao_Paulo;;;
5203906;Buriti Alegre;-181378;-490404;0;52;9277;64;America/Sao_Paulo;;;
2102309;Buriti Bravo;-583239;-438353;0;21;743;99;America/Sao_Paulo;;;
5203939;Buriti de Goiás;-161792;-504302;0;52;63;64;America/Sao_Paulo;;;
1703800;Buriti do Tocantins;-531448;-482271;0;17;9715;63;America/Sao_Paulo;;;
2202000;Buriti dos Lopes;-318259;-418695;0;22;1039;86;America/Sao_Paulo;;;
2202026;Buriti dos Montes;-530584;-410933;0;22;1297;86;America/Sao_Paulo;;;
2102325;Buriticupu;-432375;-464409;0;21;134;98;America/Sao_Paulo;;;
5203962;Buritinópolis;-144772;-464076;0;52;61;62;America/Sao_Paulo;;;
2904753;Buritirama;-107171;-436302;0;29;3079;77;America/Sao_Paulo;;;
2102358;Buritirana;-559823;-470131;0;21;136;99;America/Sao_Paulo;;;
1100452;Buritis;-101943;-638324;0;11;4;69;America/Porto_Velho;;;
3109303;Buritis;-156218;-464221;0;31;4185;38;America/Sao_Paulo;;;
3520400;Ilhabela;-237785;-453552;0;35;6509;12;America/Sao_Paulo;;-23,7785;-45,3552
3109402;Buritizeiro;-173656;-449606;0;31;4187;38;America/Sao_Paulo;;;
4302709;Butiá;-301179;-519601;0;43;8553;51;America/Sao_Paulo;;;
1300839;Caapiranga;-331537;-612206;0;13;299;92;America/Porto_Velho;;;
2503001;Caaporã;-751351;-349055;0;25;1961;83;America/Sao_Paulo;;;
5002407;Caarapó;-226368;-548209;0;50;9055;67;America/Porto_Velho;;;
2904803;Caatiba;-149699;-404092;0;29;3395;77;America/Sao_Paulo;;;
2503100;Cabaceiras;-748899;-36287;0;25;1963;83;America/Sao_Paulo;;;
2904852;Cabaceiras do Paraguaçu;-125317;-391902;0;29;3267;75;America/Sao_Paulo;;;
3109451;Cabeceira Grande;-160335;-470862;0;31;578;38;America/Sao_Paulo;;;
5204003;Cabeceiras;-157995;-469265;0;52;9279;61;America/Sao_Paulo;;;
2202059;Cabeceiras do Piauí;-44773;-423069;0;22;1299;86;America/Sao_Paulo;;;
2503209;Cabedelo;-698731;-348284;0;25;1965;83;America/Sao_Paulo;;;
1100031;Cabixi;-134945;-60552;0;11;37;69;America/Porto_Velho;;;
2602902;Cabo de Santo Agostinho;-828218;-350253;0;26;2357;81;America/Sao_Paulo;;;
3300704;Cabo Frio;-228894;-420286;0;33;5813;22;America/Sao_Paulo;;;
3109501;Cabo Verde;-214699;-463919;0;31;4189;35;America/Sao_Paulo;;;
3510500;Caraguatatuba;-236125;-454125;0;35;6311;12;America/Sao_Paulo;;-23,6125;-45,4125
3550704;São Sebastião;-237951;-454143;0;35;7115;12;America/Sao_Paulo;;-23,7951;-45,4143
2603009;Cabrobó;-850548;-393094;0;26;2359;87;America/Sao_Paulo;;;
4203006;Caçador;-267757;-51012;0;42;8057;49;America/Sao_Paulo;;;
3532306;Natividade da Serra;-233707;-454468;0;35;6747;12;America/Sao_Paulo;;-23,3707;-45,4468
4302808;Caçapava do Sul;-305144;-534827;0;43;8555;55;America/Sao_Paulo;;;
1100601;Cacaulândia;-10349;-629043;0;11;677;69;America/Porto_Velho;;;
4302907;Cacequi;-298883;-54822;0;43;8557;55;America/Sao_Paulo;;;
5102504;Cáceres;-160764;-576818;0;51;9047;65;America/Porto_Velho;;;
2904902;Cachoeira;-125994;-389587;0;29;3397;75;America/Sao_Paulo;;;
5204102;Cachoeira Alta;-187618;-509432;0;52;9281;64;America/Sao_Paulo;;;
3109600;Cachoeira da Prata;-19521;-444544;0;31;4191;31;America/Sao_Paulo;;;
5204201;Cachoeira de Goiás;-166635;-50646;0;52;9283;64;America/Sao_Paulo;;;
3109709;Cachoeira de Minas;-223511;-457809;0;31;4193;35;America/Sao_Paulo;;;
3102704;Cachoeira de Pajeú;-159688;-414948;0;31;4053;33;America/Sao_Paulo;;;
1502004;Cachoeira do Arari;-101226;-489503;0;15;439;91;America/Sao_Paulo;;;
1501956;Cachoeira do Piriá;-175974;-465459;0;15;46;91;America/Sao_Paulo;;;
4303004;Cachoeira do Sul;-30033;-528928;0;43;8559;51;America/Sao_Paulo;;;
2503308;Cachoeira dos Índios;-691353;-38676;0;25;1967;83;America/Sao_Paulo;;;
5204250;Cachoeira Dourada;-184859;-494766;0;52;9673;64;America/Sao_Paulo;;;
3109808;Cachoeira Dourada;-185161;-495039;0;31;4195;34;America/Sao_Paulo;;;
2102374;Cachoeira Grande;-293074;-440528;0;21;138;98;America/Sao_Paulo;;;
3538006;Pindamonhangaba;-229246;-454613;0;35;6861;12;America/Sao_Paulo;;-22,9246;-45,4613
3300803;Cachoeiras de Macacu;-224658;-426523;0;33;5815;21;America/Sao_Paulo;;;
1703826;Cachoeirinha;-61156;-479234;0;17;171;63;America/Sao_Paulo;;;
2603108;Cachoeirinha;-848668;-362402;0;26;2361;81;America/Sao_Paulo;;;
4303103;Cachoeirinha;-299472;-511016;0;43;8561;51;America/Sao_Paulo;;;
3201209;Cachoeiro de Itapemirim;-208462;-411198;0;32;5623;28;America/Sao_Paulo;;;
2503407;Cacimba de Areia;-712128;-371563;0;25;1969;83;America/Sao_Paulo;;;
2503506;Cacimba de Dentro;-66386;-357778;0;25;1971;83;America/Sao_Paulo;;;
2503555;Cacimbas;-720721;-370604;0;25;460;83;America/Sao_Paulo;;;
2701209;Cacimbinhas;-940121;-369911;0;27;2723;82;America/Sao_Paulo;;;
4303202;Cacique Doble;-27767;-516597;0;43;8563;54;America/Sao_Paulo;;;
1100049;Cacoal;-114343;-614562;0;11;9;69;America/Porto_Velho;;;
3542305;Redenção da Serra;-232638;-455422;0;35;6947;12;America/Sao_Paulo;;-23,2638;-45,5422
5204300;Caçu;-185594;-511328;0;52;9285;64;America/Sao_Paulo;;;
2905008;Caculé;-145003;-422229;0;29;3399;77;America/Sao_Paulo;;;
2905107;Caém;-110677;-40432;0;29;3401;74;America/Sao_Paulo;;;
3109907;Caetanópolis;-192971;-444189;0;31;4197;31;America/Sao_Paulo;;;
2905156;Caetanos;-143347;-409175;0;29;3269;77;America/Sao_Paulo;;;
3110004;Caeté;-198826;-436704;0;31;4199;31;America/Sao_Paulo;;;
2603207;Caetés;-87803;-366268;0;26;2363;87;America/Sao_Paulo;;;
2905206;Caetité;-140684;-424861;0;29;3403;77;America/Sao_Paulo;;;
2905305;Cafarnaum;-116914;-414688;0;29;3405;74;America/Sao_Paulo;;;
4103404;Cafeara;-22789;-517142;0;41;7465;43;America/Sao_Paulo;;;
3554805;Tremembé;-229571;-455475;0;35;7197;12;America/Sao_Paulo;;-22,9571;-45,5475
4103453;Cafelândia;-246189;-533207;0;41;7985;45;America/Sao_Paulo;;;
4103479;Cafezal do Sul;-239005;-535124;0;41;5491;44;America/Sao_Paulo;;;
3554102;Taubaté;-230104;-455593;0;35;7183;12;America/Sao_Paulo;;-23,0104;-45,5593
3110103;Caiana;-206956;-419292;0;31;4201;32;America/Sao_Paulo;;;
5204409;Caiapônia;-169539;-518091;0;52;9287;64;America/Sao_Paulo;;;
4303301;Caibaté;-282905;-546454;0;43;8565;55;America/Sao_Paulo;;;
4203105;Caibi;-270741;-532458;0;42;8059;49;America/Sao_Paulo;;;
4303400;Caiçara;-272791;-534257;0;43;8567;55;America/Sao_Paulo;;;
2503605;Caiçara;-662115;-354581;0;25;1973;83;America/Sao_Paulo;;;
2401859;Caiçara do Norte;-507091;-360717;0;24;414;84;America/Sao_Paulo;;;
2401909;Caiçara do Rio do Vento;-576541;-359938;0;24;1637;84;America/Sao_Paulo;;;
2402006;Caicó;-645441;-371067;0;24;1639;84;America/Sao_Paulo;;;
3509700;Campos do Jordão;-227296;-455833;0;35;6295;12;America/Sao_Paulo;;-22,7296;-45,5833
2905404;Cairu;-134904;-390465;0;29;3407;75;America/Sao_Paulo;;;
3535606;Paraibuna;-233872;-456639;0;35;6813;12;America/Sao_Paulo;;-23,3872;-45,6639
3524907;Jambeiro;-232522;-456942;0;35;6599;12;America/Sao_Paulo;;-23,2522;-45,6942
2102408;Cajapió;-287326;-446741;0;21;745;98;America/Sao_Paulo;;;
2102507;Cajari;-332742;-450145;0;21;747;98;America/Sao_Paulo;;;
3508504;Caçapava;-230992;-457076;0;35;6271;12;America/Sao_Paulo;;-23,0992;-45,7076
2503704;Cajazeiras;-688004;-385577;0;25;1975;83;America/Sao_Paulo;;;
2202075;Cajazeiras do Piauí;-679667;-423903;0;22;286;89;America/Sao_Paulo;;;
2503753;Cajazeirinhas;-696016;-378009;0;25;462;83;America/Sao_Paulo;;;
3548609;São Bento do Sapucaí;-226837;-457287;0;35;7073;12;America/Sao_Paulo;;-22,6837;-45,7287
2701308;Cajueiro;-93994;-361559;0;27;2725;82;America/Sao_Paulo;;;
2202083;Cajueiro da Praia;-293111;-413408;0;22;288;86;America/Sao_Paulo;;;
3110202;Cajuri;-207903;-427925;0;31;4203;31;America/Sao_Paulo;;;
3531704;Monteiro Lobato;-229544;-458407;0;35;6735;12;America/Sao_Paulo;;-22,9544;-45,8407
2603306;Calçado;-873108;-363366;0;26;2365;87;America/Sao_Paulo;;;
1600204;Calçoene;250475;-509512;0;16;603;96;America/Sao_Paulo;;;
3110301;Caldas;-219183;-463843;0;31;4205;35;America/Sao_Paulo;;;
2503803;Caldas Brandão;-71025;-353272;0;25;1977;83;America/Sao_Paulo;;;
5204508;Caldas Novas;-177441;-486246;0;52;9289;64;America/Sao_Paulo;;;
5204557;Caldazinha;-167117;-490013;0;52;31;62;America/Sao_Paulo;;;
2905503;Caldeirão Grande;-110208;-402956;0;29;3409;74;America/Sao_Paulo;;;
2202091;Caldeirão Grande do Piauí;-73314;-406366;0;22;2271;89;America/Sao_Paulo;;;
4103503;Califórnia;-236566;-513574;0;41;7467;43;America/Sao_Paulo;;;
4203154;Calmon;-265942;-51095;0;42;5553;49;America/Sao_Paulo;;;
2603405;Calumbi;-793551;-381482;0;26;2367;87;America/Sao_Paulo;;;
2905602;Camacan;-154142;-394919;0;29;3411;73;America/Sao_Paulo;;;
2905701;Camaçari;-126996;-383263;0;29;3413;71;America/Sao_Paulo;;;
3110400;Camacho;-206294;-451593;0;31;4207;37;America/Sao_Paulo;;;
2503902;Camalaú;-788503;-368242;0;25;1979;83;America/Sao_Paulo;;;
2905800;Camamu;-139398;-391071;0;29;3415;73;America/Sao_Paulo;;;
3110509;Camanducaia;-227515;-461494;0;31;4209;35;America/Sao_Paulo;;;
5002605;Camapuã;-195347;-540431;0;50;9049;67;America/Porto_Velho;;;
4303509;Camaquã;-308489;-518043;0;43;8569;51;America/Sao_Paulo;;;
2603454;Camaragibe;-802351;-349782;0;26;2629;81;America/Sao_Paulo;;;
4303558;Camargo;-28588;-522003;0;43;8447;54;America/Sao_Paulo;;;
4103602;Cambará;-230423;-500753;0;41;7469;43;America/Sao_Paulo;;;
4303608;Cambará do Sul;-290474;-501465;0;43;8571;54;America/Sao_Paulo;;;
4103701;Cambé;-232766;-512798;0;41;7471;43;America/Sao_Paulo;;;
4103800;Cambira;-23589;-515792;0;41;7473;43;America/Sao_Paulo;;;
4203204;Camboriú;-270241;-486503;0;42;8061;47;America/Sao_Paulo;;;
3300902;Cambuci;-215691;-419187;0;33;5817;22;America/Sao_Paulo;;;
3110608;Cambuí;-226115;-460572;0;31;4211;35;America/Sao_Paulo;;;
3110707;Cambuquira;-21854;-452896;0;31;4213;35;America/Sao_Paulo;;;
1502103;Cametá;-224295;-494979;0;15;441;91;America/Sao_Paulo;;;
2302602;Camocim;-29005;-408544;0;23;1351;88;America/Sao_Paulo;;;
2603504;Camocim de São Félix;-835865;-357653;0;26;2369;81;America/Sao_Paulo;;;
3110806;Campanário;-182427;-417355;0;31;4215;33;America/Sao_Paulo;;;
3110905;Campanha;-21836;-454004;0;31;4217;35;America/Sao_Paulo;;;
3111002;Campestre;-217079;-462381;0;31;4219;35;America/Sao_Paulo;;;
2701357;Campestre;-884723;-355685;0;27;560;82;America/Sao_Paulo;;;
4303673;Campestre da Serra;-287926;-510941;0;43;6013;54;America/Sao_Paulo;;;
5204607;Campestre de Goiás;-167624;-49695;0;52;9291;62;America/Sao_Paulo;;;
2102556;Campestre do Maranhão;-617075;-473625;0;21;140;99;America/Sao_Paulo;;;
4103909;Campina da Lagoa;-245893;-527976;0;41;7475;44;America/Sao_Paulo;;;
4303707;Campina das Missões;-279888;-548416;0;43;8573;55;America/Sao_Paulo;;;
3545001;Salesópolis;-235288;-458465;0;35;7001;11;America/Sao_Paulo;;-23,5288;-45,8465
4103958;Campina do Simão;-250802;-518237;0;41;840;42;America/Sao_Paulo;;;
2504009;Campina Grande;-722196;-358731;0;25;1981;83;America/Sao_Paulo;;;
4104006;Campina Grande do Sul;-253044;-490551;0;41;7477;41;America/Sao_Paulo;;;
3111101;Campina Verde;-195382;-494862;0;31;4221;34;America/Sao_Paulo;;;
5204656;Campinaçu;-13787;-485704;0;52;9687;62;America/Sao_Paulo;;;
5102603;Campinápolis;-145162;-52893;0;51;9863;66;America/Porto_Velho;;;
3549904;São José dos Campos;-231896;-458841;0;35;7099;12;America/Sao_Paulo;;-23,1896;-45,8841
2202109;Campinas do Piauí;-76593;-418775;0;22;1041;89;America/Sao_Paulo;;;
4303806;Campinas do Sul;-277174;-526248;0;43;8575;54;America/Sao_Paulo;;;
5204706;Campinorte;-143137;-491511;0;52;9293;62;America/Sao_Paulo;;;
4203303;Campo Alegre;-26195;-492676;0;42;8063;47;America/Sao_Paulo;;;
2701407;Campo Alegre;-978451;-363525;0;27;2727;82;America/Sao_Paulo;;;
5204805;Campo Alegre de Goiás;-176363;-477768;0;52;9295;64;America/Sao_Paulo;;;
2905909;Campo Alegre de Lourdes;-952221;-430126;0;29;3417;74;America/Sao_Paulo;;;
2202117;Campo Alegre do Fidalgo;-838236;-418344;0;22;290;89;America/Sao_Paulo;;;
3111150;Campo Azul;-165028;-448096;0;31;580;38;America/Sao_Paulo;;;
3111200;Campo Belo;-208932;-452699;0;31;4223;35;America/Sao_Paulo;;;
4203402;Campo Belo do Sul;-278975;-507595;0;42;8065;49;America/Sao_Paulo;;;
4303905;Campo Bom;-296747;-510606;0;43;8577;51;America/Sao_Paulo;;;
4104055;Campo Bonito;-250294;-529939;0;41;8475;45;America/Sao_Paulo;;;
2801009;Campo do Brito;-107392;-374954;0;28;3119;79;America/Sao_Paulo;;;
3111309;Campo do Meio;-211127;-458273;0;31;4225;35;America/Sao_Paulo;;;
4104105;Campo do Tenente;-2598;-496844;0;41;7479;41;America/Sao_Paulo;;;
4203501;Campo Erê;-263931;-530856;0;42;8067;49;America/Sao_Paulo;;;
3111408;Campo Florido;-197631;-485716;0;31;4227;34;America/Sao_Paulo;;;
2906006;Campo Formoso;-105105;-4032;0;29;3419;74;America/Sao_Paulo;;;
2701506;Campo Grande;-995542;-367926;0;27;2729;82;America/Sao_Paulo;;;
5002704;Campo Grande;-204486;-546295;1;50;9051;67;America/Porto_Velho;;;
2202133;Campo Grande do Piauí;-712827;-410315;0;22;292;89;America/Sao_Paulo;;;
4104204;Campo Largo;-254525;-49529;0;41;7481;41;America/Sao_Paulo;;;
2202174;Campo Largo do Piauí;-380441;-4264;0;22;294;86;America/Sao_Paulo;;;
5204854;Campo Limpo de Goiás;-162971;-490895;0;52;1070;62;America/Sao_Paulo;;;
3546009;Santa Branca;-233933;-458875;0;35;7021;12;America/Sao_Paulo;;-23,3933;-45,8875
4104253;Campo Magro;-253687;-494501;0;41;842;41;America/Sao_Paulo;;;
2202208;Campo Maior;-48217;-421641;0;22;1043;86;America/Sao_Paulo;;;
4104303;Campo Mourão;-240463;-52378;0;41;7483;44;America/Sao_Paulo;;;
4304002;Campo Novo;-276792;-538052;0;43;8579;55;America/Sao_Paulo;;;
1100700;Campo Novo de Rondônia;-105712;-636266;0;11;679;69;America/Porto_Velho;;;
5102637;Campo Novo do Parecis;-136587;-578907;0;51;9777;65;America/Porto_Velho;;;
2402105;Campo Redondo;-623829;-361888;0;24;1641;84;America/Sao_Paulo;;;
5102678;Campo Verde;-15545;-551626;0;51;9779;66;America/Porto_Velho;;;
3111507;Campos Altos;-196914;-461725;0;31;4229;37;America/Sao_Paulo;;;
5204904;Campos Belos;-13035;-467681;0;52;9297;62;America/Sao_Paulo;;;
4304101;Campos Borges;-288871;-530008;0;43;8445;54;America/Sao_Paulo;;;
5102686;Campos de Júlio;-137242;-592858;0;51;1032;65;America/Porto_Velho;;;
3524402;Jacareí;-232983;-459658;0;35;6589;12;America/Sao_Paulo;;-23,2983;-45,9658
3301009;Campos dos Goytacazes;-217622;-413181;0;33;5819;22;America/Sao_Paulo;;;
3111606;Campos Gerais;-21237;-457569;0;31;4231;35;America/Sao_Paulo;;;
1703842;Campos Lindos;-798956;-468645;0;17;173;63;America/Sao_Paulo;;;
4203600;Campos Novos;-274002;-512276;0;42;8069;49;America/Sao_Paulo;;;
3518305;Guararema;-234112;-460369;0;35;6467;11;America/Sao_Paulo;;-23,4112;-46,0369
2302701;Campos Sales;-706761;-403687;0;23;1353;88;America/Sao_Paulo;;;
5204953;Campos Verdes;-142442;-496528;0;52;9781;62;America/Sao_Paulo;;;
2603603;Camutanga;-740545;-352664;0;26;2371;81;America/Sao_Paulo;;;
3111903;Cana Verde;-210232;-451801;0;31;4237;35;America/Sao_Paulo;;;
3111705;Canaã;-206869;-426167;0;31;4233;31;America/Sao_Paulo;;;
1502152;Canaã dos Carajás;-649659;-498776;0;15;48;94;America/Sao_Paulo;;;
5102694;Canabrava do Norte;-110556;-518209;0;51;129;66;America/Porto_Velho;;;
3506607;Biritiba-Mirim;-235698;-460407;0;35;6231;11;America/Sao_Paulo;;-23,5698;-46,0407
2701605;Canapi;-911932;-375967;0;27;2731;82;America/Sao_Paulo;;;
2906105;Canápolis;-130725;-44201;0;29;3421;77;America/Sao_Paulo;;;
3111804;Canápolis;-187212;-492035;0;31;4235;34;America/Sao_Paulo;;;
2906204;Canarana;-116858;-417677;0;29;3423;74;America/Sao_Paulo;;;
5102702;Canarana;-135515;-522705;0;51;9193;66;America/Porto_Velho;;;
3506359;Bertioga;-238486;-461396;0;35;2965;13;America/Sao_Paulo;;-23,8486;-46,1396
2202251;Canavieira;-768821;-437233;0;22;2247;89;America/Sao_Paulo;;;
2906303;Canavieiras;-156722;-389536;0;29;3425;73;America/Sao_Paulo;;;
2906402;Candeal;-118049;-391203;0;29;3427;75;America/Sao_Paulo;;;
2906501;Candeias;-126716;-385472;0;29;3429;71;America/Sao_Paulo;;;
3112000;Candeias;-207692;-452765;0;31;4239;35;America/Sao_Paulo;;;
1100809;Candeias do Jamari;-87907;-637005;0;11;681;69;America/Porto_Velho;;;
4304200;Candelária;-296684;-527895;0;43;8581;51;America/Sao_Paulo;;;
2906600;Candiba;-144097;-428667;0;29;3431;77;America/Sao_Paulo;;;
4104402;Cândido de Abreu;-245649;-513372;0;41;7485;43;America/Sao_Paulo;;;
4304309;Cândido Godói;-279515;-547517;0;43;8583;55;America/Sao_Paulo;;;
2102606;Cândido Mendes;-143265;-457161;0;21;749;98;America/Sao_Paulo;;;
3530607;Mogi das Cruzes;-235208;-461854;0;35;6713;11;America/Sao_Paulo;;-23,5208;-46,1854
3546801;Santa Isabel;-233172;-462237;0;35;7037;11;America/Sao_Paulo;;-23,3172;-46,2237
2906709;Cândido Sales;-154993;-412414;0;29;3433;77;America/Sao_Paulo;;;
4304358;Candiota;-315516;-536773;0;43;6083;53;America/Sao_Paulo;;;
4104428;Candói;-255758;-520409;0;41;5499;42;America/Sao_Paulo;;;
4304408;Canela;-29356;-508119;0;43;8585;54;America/Sao_Paulo;;;
4203709;Canelinha;-272616;-487658;0;42;8071;48;America/Sao_Paulo;;;
2402204;Canguaretama;-637193;-351281;0;24;1643;84;America/Sao_Paulo;;;
4304507;Canguçu;-31396;-526783;0;43;8587;53;America/Sao_Paulo;;;
2801108;Canhoba;-101365;-369806;0;28;3121;79;America/Sao_Paulo;;;
2603702;Canhotinho;-887652;-361979;0;26;2373;87;America/Sao_Paulo;;;
2302800;Canindé;-435162;-393155;0;23;1355;85;America/Sao_Paulo;;;
2801207;Canindé de São Francisco;-964882;-377923;0;28;3123;79;America/Sao_Paulo;;;
3525508;Joanópolis;-229270;-462741;0;35;6611;11;America/Sao_Paulo;;-22,9270;-46,2741
4304606;Canoas;-299128;-511857;0;43;8589;51;America/Sao_Paulo;;;
4203808;Canoinhas;-261766;-50395;0;42;8073;47;America/Sao_Paulo;;;
2906808;Cansanção;-106647;-394944;0;29;3435;75;America/Sao_Paulo;;;
1400175;Cantá;260994;-606058;0;14;28;95;America/Porto_Velho;;;
3301108;Cantagalo;-219797;-423664;0;33;5821;22;America/Sao_Paulo;;;
4104451;Cantagalo;-253734;-521198;0;41;8451;42;America/Sao_Paulo;;;
3112059;Cantagalo;-185248;-426223;0;31;582;33;America/Sao_Paulo;;;
2102705;Cantanhede;-363757;-44383;0;21;751;98;America/Sao_Paulo;;;
2202307;Canto do Buriti;-81111;-429517;0;22;1045;89;America/Sao_Paulo;;;
2906824;Canudos;-990014;-391471;0;29;3085;75;America/Sao_Paulo;;;
4304614;Canudos do Vale;-293271;-522374;0;43;1130;51;America/Sao_Paulo;;;
1300904;Canutama;-652582;-643953;0;13;219;97;America/Porto_Velho;;;
1502202;Capanema;-120529;-471778;0;15;443;91;America/Sao_Paulo;;;
4104501;Capanema;-256691;-538055;0;41;7487;46;America/Sao_Paulo;;;
4203253;Capão Alto;-279389;-505098;0;42;906;49;America/Sao_Paulo;;;
3552502;Suzano;-235448;-463112;0;35;7151;11;America/Sao_Paulo;;-23,5448;-46,3112
4304622;Capão Bonito do Sul;-281254;-513961;0;43;1132;54;America/Sao_Paulo;;;
4304630;Capão da Canoa;-297642;-500282;0;43;8915;51;America/Sao_Paulo;;;
4304655;Capão do Cipó;-289312;-545558;0;43;1134;55;America/Sao_Paulo;;;
4304663;Capão do Leão;-317565;-524889;0;43;8973;53;America/Sao_Paulo;;;
3112109;Caparaó;-205289;-419061;0;31;4241;32;America/Sao_Paulo;;;
2701704;Capela;-941504;-360826;0;27;2733;82;America/Sao_Paulo;;;
2801306;Capela;-105069;-370628;0;28;3125;79;America/Sao_Paulo;;;
4304689;Capela de Santana;-296961;-51328;0;43;8443;51;America/Sao_Paulo;;;
3523107;Itaquaquecetuba;-234835;-463457;0;35;6563;11;America/Sao_Paulo;;-23,4835;-46,3457
2906857;Capela do Alto Alegre;-116658;-398349;0;29;3081;75;America/Sao_Paulo;;;
3112208;Capela Nova;-209179;-43622;0;31;4243;31;America/Sao_Paulo;;;
3112307;Capelinha;-176888;-425147;0;31;4245;33;America/Sao_Paulo;;;
3112406;Capetinga;-206163;-470571;0;31;4247;35;America/Sao_Paulo;;;
2504033;Capim;-691624;-351673;0;25;464;83;America/Sao_Paulo;;;
3112505;Capim Branco;-195471;-441304;0;31;4249;31;America/Sao_Paulo;;;
2906873;Capim Grosso;-113797;-400089;0;29;3083;74;America/Sao_Paulo;;;
3112604;Capinópolis;-186862;-495706;0;31;4251;34;America/Sao_Paulo;;;
4203907;Capinzal;-273473;-516057;0;42;8075;49;America/Sao_Paulo;;;
2102754;Capinzal do Norte;-47236;-44328;0;21;142;99;America/Sao_Paulo;;;
2302909;Capistrano;-445569;-389048;0;23;1357;85;America/Sao_Paulo;;;
4304697;Capitão;-292674;-519853;0;43;6025;51;America/Sao_Paulo;;;
3112653;Capitão Andrade;-190748;-418614;0;31;2651;33;America/Sao_Paulo;;;
2202406;Capitão de Campos;-4457;-41944;0;22;1047;86;America/Sao_Paulo;;;
3112703;Capitão Enéas;-163265;-437084;0;31;4253;38;America/Sao_Paulo;;;
2202455;Capitão Gervásio Oliveira;-849655;-41814;0;22;296;89;America/Sao_Paulo;;;
4104600;Capitão Leônidas Marques;-254816;-536112;0;41;7489;45;America/Sao_Paulo;;;
1502301;Capitão Poço;-174785;-470629;0;15;445;91;America/Sao_Paulo;;;
3112802;Capitólio;-206164;-460493;0;31;4255;37;America/Sao_Paulo;;;
3539806;Poá;-235333;-463473;0;35;6897;11;America/Sao_Paulo;;-23,5333;-46,3473
4203956;Capivari de Baixo;-284498;-489631;0;42;5545;48;America/Sao_Paulo;;;
4304671;Capivari do Sul;-301383;-505152;0;43;962;51;America/Sao_Paulo;;;
1200179;Capixaba;-10566;-67686;0;12;647;68;America/Rio_Branco;;;
2603801;Capoeiras;-873423;-366306;0;26;2375;87;America/Sao_Paulo;;;
3112901;Caputira;-201703;-422683;0;31;4257;31;America/Sao_Paulo;;;
4304713;Caraá;-297869;-504316;0;43;964;51;America/Sao_Paulo;;;
1400209;Caracaraí;182766;-611304;0;14;303;95;America/Porto_Velho;;;
2202505;Caracol;-927933;-43329;0;22;1049;89;America/Sao_Paulo;;;
5002803;Caracol;-22011;-570277;0;50;9053;67;America/Porto_Velho;;;
3538600;Piracaia;-230525;-463594;0;35;6873;11;America/Sao_Paulo;;-23,0525;-46,3594
3113008;Caraí;-171862;-417004;0;31;4259;33;America/Sao_Paulo;;;
2906899;Caraíbas;-147177;-412603;0;29;3271;77;America/Sao_Paulo;;;
4104659;Carambeí;-249152;-500986;0;41;844;42;America/Sao_Paulo;;;
3113107;Caranaíba;-208707;-437417;0;31;4261;31;America/Sao_Paulo;;;
3113206;Carandaí;-209566;-43811;0;31;4263;32;America/Sao_Paulo;;;
3113305;Carangola;-207343;-420313;0;31;4265;32;America/Sao_Paulo;;;
3300936;Carapebus;-221821;-41663;0;33;772;22;America/Sao_Paulo;;;
3551009;São Vicente;-239574;-463883;0;35;7121;13;America/Sao_Paulo;;-23,9574;-46,3883
3113404;Caratinga;-197868;-421292;0;31;4267;33;America/Sao_Paulo;;;
1301001;Carauari;-488161;-669086;0;13;221;97;America/Porto_Velho;;;
2402303;Caraúbas;-578387;-375586;0;24;1645;84;America/Sao_Paulo;;;
2504074;Caraúbas;-772049;-36492;0;25;466;83;America/Sao_Paulo;;;
2202539;Caraúbas do Piauí;-347525;-418425;0;22;298;86;America/Sao_Paulo;;;
2906907;Caravelas;-177268;-392597;0;29;3437;73;America/Sao_Paulo;;;
4304705;Carazinho;-282958;-527933;0;43;8591;54;America/Sao_Paulo;;;
3113503;Carbonita;-175255;-430137;0;31;4269;38;America/Sao_Paulo;;;
2907004;Cardeal da Silva;-119472;-379469;0;29;3439;75;America/Sao_Paulo;;;
3544103;Rio Grande da Serra;-237437;-463971;0;35;6983;11;America/Sao_Paulo;;-23,7437;-46,3971
3301157;Cardoso Moreira;-214846;-416165;0;33;2915;22;America/Sao_Paulo;;;
3113602;Careaçu;-220424;-45696;0;31;4271;35;America/Sao_Paulo;;;
1301100;Careiro;-376803;-60369;0;13;223;92;America/Porto_Velho;;;
1301159;Careiro da Várzea;-3314;-595557;0;13;965;92;America/Porto_Velho;;;
3201308;Cariacica;-202632;-404165;0;32;5625;27;America/Sao_Paulo;;;
2303006;Caridade;-422514;-391912;0;23;1359;85;America/Sao_Paulo;;;
2202554;Caridade do Piauí;-773435;-409848;0;22;300;89;America/Sao_Paulo;;;
2907103;Carinhanha;-142985;-437724;0;29;3441;77;America/Sao_Paulo;;;
2801405;Carira;-103524;-377002;0;28;3127;79;America/Sao_Paulo;;;
2303105;Cariré;-394858;-40476;0;23;1361;88;America/Sao_Paulo;;;
1703867;Cariri do Tocantins;-118881;-491609;0;17;327;63;America/Sao_Paulo;;;
2303204;Caririaçu;-702808;-392828;0;23;1363;88;America/Sao_Paulo;;;
2303303;Cariús;-652428;-394916;0;23;1365;88;America/Sao_Paulo;;;
5102793;Carlinda;-994912;-558417;0;51;1034;66;America/Porto_Velho;;;
4104709;Carlópolis;-234269;-497235;0;41;7491;43;America/Sao_Paulo;;;
4304804;Carlos Barbosa;-292969;-515028;0;43;8593;54;America/Sao_Paulo;;;
3113701;Carlos Chagas;-176973;-407723;0;31;4273;33;America/Sao_Paulo;;;
4304853;Carlos Gomes;-277167;-519121;0;43;5961;54;America/Sao_Paulo;;;
3113800;Carmésia;-190877;-431382;0;31;4275;31;America/Sao_Paulo;;;
3301207;Carmo;-21931;-426046;0;33;5823;22;America/Sao_Paulo;;;
3113909;Carmo da Cachoeira;-214633;-452201;0;31;4277;35;America/Sao_Paulo;;;
3114006;Carmo da Mata;-205575;-448735;0;31;4279;37;America/Sao_Paulo;;;
3114105;Carmo de Minas;-221204;-451307;0;31;4281;35;America/Sao_Paulo;;;
3114204;Carmo do Cajuru;-201912;-447664;0;31;4283;37;America/Sao_Paulo;;;
3114303;Carmo do Paranaíba;-18991;-463167;0;31;4285;34;America/Sao_Paulo;;;
3114402;Carmo do Rio Claro;-209736;-461149;0;31;4287;35;America/Sao_Paulo;;;
5205000;Carmo do Rio Verde;-153549;-49708;0;52;9299;62;America/Sao_Paulo;;;
1703883;Carmolândia;-703262;-483978;0;17;175;63;America/Sao_Paulo;;;
2801504;Carmópolis;-106449;-369887;0;28;3129;79;America/Sao_Paulo;;;
3114501;Carmópolis de Minas;-205396;-446336;0;31;4289;37;America/Sao_Paulo;;;
2603900;Carnaíba;-779342;-377946;0;26;2377;87;America/Sao_Paulo;;;
2402402;Carnaúba dos Dantas;-655015;-365868;0;24;1647;84;America/Sao_Paulo;;;
2402501;Carnaubais;-534181;-368335;0;24;1649;84;America/Sao_Paulo;;;
2303402;Carnaubal;-415985;-409413;0;23;1367;88;America/Sao_Paulo;;;
2603926;Carnaubeira da Penha;-831799;-387512;0;26;2635;87;America/Sao_Paulo;;;
3114550;Carneirinho;-196987;-506894;0;31;2685;34;America/Sao_Paulo;;;
2701803;Carneiros;-948476;-373773;0;27;2735;82;America/Sao_Paulo;;;
1400233;Caroebe;884203;-596959;0;14;30;95;America/Porto_Velho;;;
2102804;Carolina;-733584;-474634;0;21;753;99;America/Sao_Paulo;;;
2604007;Carpina;-784566;-352514;0;26;2379;81;America/Sao_Paulo;;;
3114600;Carrancas;-214898;-446446;0;31;4291;35;America/Sao_Paulo;;;
2504108;Carrapateira;-703414;-383399;0;25;1983;83;America/Sao_Paulo;;;
1703891;Carrasco Bonito;-531415;-480314;0;17;177;63;America/Sao_Paulo;;;
2604106;Caruaru;-828455;-359699;0;26;2381;81;America/Sao_Paulo;;;
2102903;Carutapera;-119696;-460085;0;21;755;98;America/Sao_Paulo;;;
3114709;Carvalhópolis;-217735;-458421;0;31;4293;35;America/Sao_Paulo;;;
3114808;Carvalhos;-220;-444632;0;31;4295;35;America/Sao_Paulo;;;
3532405;Nazaré Paulista;-231747;-463983;0;35;6749;11;America/Sao_Paulo;;-23,1747;-46,3983
3114907;Casa Grande;-207925;-439343;0;31;4297;31;America/Sao_Paulo;;;
2907202;Casa Nova;-916408;-40974;0;29;3443;74;America/Sao_Paulo;;;
4304903;Casca;-285605;-519815;0;43;8595;54;America/Sao_Paulo;;;
3115003;Cascalho Rico;-185772;-478716;0;31;4299;34;America/Sao_Paulo;;;
4104808;Cascavel;-249573;-53459;0;41;7493;45;America/Sao_Paulo;;;
2303501;Cascavel;-412967;-382412;0;23;1369;85;America/Sao_Paulo;;;
1703909;Caseara;-927612;-499521;0;17;9717;63;America/Sao_Paulo;;;
4304952;Caseiros;-282582;-516861;0;43;8441;54;America/Sao_Paulo;;;
3301306;Casimiro de Abreu;-224812;-422066;0;33;5825;22;America/Sao_Paulo;;;
2604155;Casinhas;-774084;-357206;0;26;546;81;America/Sao_Paulo;;;
2504157;Casserengue;-677954;-358179;0;25;468;83;America/Sao_Paulo;;;
3115102;Cássia;-205831;-469201;0;31;4301;35;America/Sao_Paulo;;;
3543303;Ribeirão Pires;-237067;-464058;0;35;6967;11;America/Sao_Paulo;;-23,7067;-46,4058
5002902;Cassilândia;-191179;-517313;0;50;9057;67;America/Porto_Velho;;;
1502400;Castanhal;-129797;-479167;0;15;447;91;America/Sao_Paulo;;;
5102850;Castanheira;-111251;-586081;0;51;9783;66;America/Porto_Velho;;;
1100908;Castanheiras;-114253;-619482;0;11;691;69;America/Porto_Velho;;;
5205059;Castelândia;-180921;-50203;0;52;81;64;America/Sao_Paulo;;;
3201407;Castelo;-206033;-412031;0;32;5627;28;America/Sao_Paulo;;;
2202604;Castelo do Piauí;-531869;-415499;0;22;1051;86;America/Sao_Paulo;;;
3541000;Praia Grande;-240084;-464121;0;35;6921;13;America/Sao_Paulo;;-24,0084;-46,4121
4104907;Castro;-247891;-500108;0;41;7495;42;America/Sao_Paulo;;;
2907301;Castro Alves;-127579;-394248;0;29;3445;75;America/Sao_Paulo;;;
3115300;Cataguases;-213924;-426896;0;31;4305;32;America/Sao_Paulo;;;
5205109;Catalão;-181656;-47944;0;52;9301;64;America/Sao_Paulo;;;
3556354;Vargem;-228870;-464124;0;35;2957;11;America/Sao_Paulo;;-22,8870;-46,4124
4105003;Catanduvas;-252044;-531548;0;41;7497;45;America/Sao_Paulo;;;
4204004;Catanduvas;-27069;-516602;0;42;8077;49;America/Sao_Paulo;;;
2303600;Catarina;-612291;-398736;0;23;1371;88;America/Sao_Paulo;;;
3115359;Catas Altas;-200734;-434061;0;31;584;31;America/Sao_Paulo;;;
3115409;Catas Altas da Noruega;-206901;-434939;0;31;4307;31;America/Sao_Paulo;;;
2604205;Catende;-867509;-357024;0;26;2383;81;America/Sao_Paulo;;;
3536802;Pedra Bela;-227902;-464455;0;35;6837;11;America/Sao_Paulo;;-22,7902;-46,4455
2504207;Catingueira;-712008;-376064;0;25;1985;83;America/Sao_Paulo;;;
2907400;Catolândia;-1231;-448648;0;29;3447;77;America/Sao_Paulo;;;
2504306;Catolé do Rocha;-634062;-37747;0;25;1987;83;America/Sao_Paulo;;;
2907509;Catu;-123513;-383791;0;29;3449;71;America/Sao_Paulo;;;
4305009;Catuípe;-282554;-540132;0;43;8597;55;America/Sao_Paulo;;;
3115458;Catuji;-173018;-415276;0;31;2653;33;America/Sao_Paulo;;;
2303659;Catunda;-464336;-402;0;23;983;88;America/Sao_Paulo;;;
5205208;Caturaí;-164447;-494936;0;52;9303;62;America/Sao_Paulo;;;
2907558;Caturama;-133239;-422904;0;29;3273;77;America/Sao_Paulo;;;
2504355;Caturité;-741659;-360306;0;25;470;83;America/Sao_Paulo;;;
3115474;Catuti;-153616;-429627;0;31;586;38;America/Sao_Paulo;;;
2303709;Caucaia;-372797;-386619;0;23;1373;85;America/Sao_Paulo;;;
5205307;Cavalcante;-137976;-474566;0;52;9305;62;America/Sao_Paulo;;;
3115508;Caxambu;-219753;-449319;0;31;4309;35;America/Sao_Paulo;;;
4204103;Caxambu do Sul;-271624;-528807;0;42;8079;49;America/Sao_Paulo;;;
2103000;Caxias;-486505;-433617;0;21;757;99;America/Sao_Paulo;;;
4305108;Caxias do Sul;-291629;-511792;0;43;8599;54;America/Sao_Paulo;;;
2202653;Caxingó;-341904;-418955;0;22;302;86;America/Sao_Paulo;;;
2402600;Ceará-Mirim;-564323;-354247;0;24;1651;84;America/Sao_Paulo;;;
2103109;Cedral;-200027;-445281;0;21;759;98;America/Sao_Paulo;;;
3529401;Mauá;-236677;-464613;0;35;6689;11;America/Sao_Paulo;;-23,6677;-46,4613
2303808;Cedro;-660034;-390609;0;23;1375;88;America/Sao_Paulo;;;
2604304;Cedro;-771179;-392367;0;26;2385;87;America/Sao_Paulo;;;
2801603;Cedro de São João;-102534;-368856;0;28;3131;79;America/Sao_Paulo;;;
3115607;Cedro do Abaeté;-191458;-45712;0;31;4311;37;America/Sao_Paulo;;;
4204152;Celso Ramos;-276327;-51335;0;42;9943;49;America/Sao_Paulo;;;
4305116;Centenário;-277615;-519984;0;43;5963;54;America/Sao_Paulo;;;
1704105;Centenário;-896103;-473304;0;17;343;63;America/Sao_Paulo;;;
4105102;Centenário do Sul;-228188;-515973;0;41;7499;43;America/Sao_Paulo;;;
2907608;Central;-111376;-421116;0;29;3451;74;America/Sao_Paulo;;;
3115706;Central de Minas;-187612;-413143;0;31;4313;33;America/Sao_Paulo;;;
2103125;Central do Maranhão;-219831;-448254;0;21;144;98;America/Sao_Paulo;;;
3115805;Centralina;-185852;-492014;0;31;4315;34;America/Sao_Paulo;;;
2103158;Centro do Guilherme;-244891;-460345;0;21;146;98;America/Sao_Paulo;;;
2103174;Centro Novo do Maranhão;-212696;-461228;0;21;148;98;America/Sao_Paulo;;;
1100056;Cerejeiras;-13187;-608168;0;11;27;69;America/Porto_Velho;;;
5205406;Ceres;-153061;-496;0;52;9307;62;America/Sao_Paulo;;;
3507100;Bom Jesus dos Perdões;-231356;-464675;0;35;6241;11;America/Sao_Paulo;;-23,1356;-46,4675
3552106;Socorro;-225903;-465251;0;35;7143;19;America/Sao_Paulo;;-22,5903;-46,5251
4305124;Cerrito;-318419;-528004;0;43;966;53;America/Sao_Paulo;;;
4105201;Cerro Azul;-260891;-528691;0;41;7501;41;America/Sao_Paulo;;;
4305132;Cerro Branco;-29657;-529406;0;43;8439;51;America/Sao_Paulo;;;
2402709;Cerro Corá;-603503;-363503;0;24;1653;84;America/Sao_Paulo;;;
4305157;Cerro Grande;-276106;-531672;0;43;8437;55;America/Sao_Paulo;;;
4305173;Cerro Grande do Sul;-305905;-517418;0;43;8435;51;America/Sao_Paulo;;;
4305207;Cerro Largo;-281463;-547428;0;43;8601;55;America/Sao_Paulo;;;
4204178;Cerro Negro;-277942;-508673;0;42;5567;49;America/Sao_Paulo;;;
3518800;Guarulhos;-234538;-465333;0;35;6477;11;America/Sao_Paulo;;-23,4538;-46,5333
4105300;Céu Azul;-251489;-538415;0;41;7957;45;America/Sao_Paulo;;;
5205455;Cezarina;-169718;-497758;0;52;9785;64;America/Sao_Paulo;;;
2604403;Chã de Alegria;-800679;-35204;0;26;2387;81;America/Sao_Paulo;;;
2604502;Chã Grande;-823827;-354571;0;26;2389;81;America/Sao_Paulo;;;
2701902;Chã Preta;-92556;-362983;0;27;2737;82;America/Sao_Paulo;;;
3115904;Chácara;-216733;-43215;0;31;4317;32;America/Sao_Paulo;;;
3116001;Chalé;-200453;-416897;0;31;4319;33;America/Sao_Paulo;;;
4305306;Chapada;-280559;-530665;0;43;8603;54;America/Sao_Paulo;;;
1705102;Chapada da Natividade;-116175;-477486;0;17;80;63;America/Sao_Paulo;;;
1704600;Chapada de Areia;-101419;-491403;0;17;78;63;America/Sao_Paulo;;;
3116100;Chapada do Norte;-170881;-425392;0;31;4321;33;America/Sao_Paulo;;;
5103007;Chapada dos Guimarães;-154643;-557499;0;51;9059;65;America/Porto_Velho;;;
3116159;Chapada Gaúcha;-153014;-456116;0;31;588;38;America/Sao_Paulo;;;
5205471;Chapadão do Céu;-184073;-52549;0;52;73;64;America/Sao_Paulo;;;
4204194;Chapadão do Lageado;-275905;-495539;0;42;908;47;America/Sao_Paulo;;;
5002951;Chapadão do Sul;-18788;-526263;0;50;9787;67;America/Porto_Velho;;;
2103208;Chapadinha;-373875;-433538;0;21;761;98;America/Sao_Paulo;;;
4204202;Chapecó;-271004;-526152;0;42;8081;49;America/Sao_Paulo;;;
3507605;Bragança Paulista;-229527;-465419;0;35;6251;11;America/Sao_Paulo;;-22,9527;-46,5419
4305355;Charqueadas;-299625;-516289;0;43;8693;51;America/Sao_Paulo;;;
4305371;Charrua;-279493;-52015;0;43;5965;54;America/Sao_Paulo;;;
2303907;Chaval;-303571;-412435;0;23;1377;88;America/Sao_Paulo;;;
3547809;Santo André;-236737;-465432;0;35;7057;11;America/Sao_Paulo;;-23,6737;-46,5432
1502509;Chaves;-164154;-49987;0;15;449;91;America/Sao_Paulo;;;
3116209;Chiador;-219996;-430617;0;31;4323;32;America/Sao_Paulo;;;
4305405;Chiapetta;-27923;-539419;0;43;8605;55;America/Sao_Paulo;;;
4105409;Chopinzinho;-258515;-525173;0;41;7503;46;America/Sao_Paulo;;;
2303931;Choró;-483906;-391344;0;23;993;88;America/Sao_Paulo;;;
2303956;Chorozinho;-428873;-384986;0;23;1239;85;America/Sao_Paulo;;;
2907707;Chorrochó;-89695;-390979;0;29;3453;75;America/Sao_Paulo;;;
4305439;Chuí;-336866;-534594;0;43;968;53;America/Sao_Paulo;;;
1100924;Chupinguaia;-125611;-608877;0;11;6;69;America/Porto_Velho;;;
4305447;Chuvisca;-307504;-519737;0;43;970;51;America/Sao_Paulo;;;
4105508;Cianorte;-236599;-526054;0;41;7505;44;America/Sao_Paulo;;;
2907806;Cícero Dantas;-105897;-383794;0;29;3455;75;America/Sao_Paulo;;;
4105607;Cidade Gaúcha;-233772;-529436;0;41;7507;44;America/Sao_Paulo;;;
5205497;Cidade Ocidental;-160765;-479252;0;52;77;61;America/Sao_Paulo;;;
2103257;Cidelândia;-517465;-477781;0;21;150;99;America/Sao_Paulo;;;
4305454;Cidreira;-301604;-502337;0;43;8433;51;America/Sao_Paulo;;;
2907905;Cipó;-111032;-385179;0;29;3457;75;America/Sao_Paulo;;;
3116308;Cipotânea;-209026;-433629;0;31;4325;32;America/Sao_Paulo;;;
4305504;Ciríaco;-283419;-518741;0;43;8607;54;America/Sao_Paulo;;;
3116407;Claraval;-20397;-472768;0;31;4327;34;America/Sao_Paulo;;;
3116506;Claro dos Poções;-17082;-442061;0;31;4329;38;America/Sao_Paulo;;;
5103056;Cláudia;-115075;-548835;0;51;9789;66;America/Porto_Velho;;;
3116605;Cláudio;-204437;-447673;0;31;4331;37;America/Sao_Paulo;;;
3548807;São Caetano do Sul;-236229;-465548;0;35;7077;11;America/Sao_Paulo;;-23,6229;-46,5548
4105706;Clevelândia;-264043;-523508;0;41;7509;46;America/Sao_Paulo;;;
2908002;Coaraci;-14637;-395556;0;29;3459;73;America/Sao_Paulo;;;
1301209;Coari;-409412;-631441;0;13;225;97;America/Porto_Velho;;;
2202703;Cocal;-347279;-415546;0;22;1053;86;America/Sao_Paulo;;;
2202711;Cocal de Telha;-45571;-419587;0;22;304;86;America/Sao_Paulo;;;
4204251;Cocal do Sul;-285986;-493335;0;42;5543;48;America/Sao_Paulo;;;
2202729;Cocal dos Alves;-362047;-414402;0;22;306;86;America/Sao_Paulo;;;
5103106;Cocalinho;-143903;-510001;0;51;9865;66;America/Porto_Velho;;;
5205513;Cocalzinho de Goiás;-157914;-487747;0;52;55;62;America/Sao_Paulo;;;
2908101;Cocos;-141814;-445352;0;29;3461;77;America/Sao_Paulo;;;
1301308;Codajás;-383053;-620658;0;13;227;97;America/Porto_Velho;;;
2103307;Codó;-445562;-438924;0;21;763;99;America/Sao_Paulo;;;
2103406;Coelho Neto;-425245;-430108;0;21;765;98;America/Sao_Paulo;;;
3116704;Coimbra;-208535;-428008;0;31;4333;32;America/Sao_Paulo;;;
2702009;Coité do Nóia;-963348;-365845;0;27;2739;82;America/Sao_Paulo;;;
2202737;Coivaras;-509224;-42208;0;22;995;86;America/Sao_Paulo;;;
1502608;Colares;-936423;-482803;0;15;451;91;America/Sao_Paulo;;;
3201506;Colatina;-195493;-406269;0;32;5629;27;America/Sao_Paulo;;;
5103205;Colíder;-108135;-55461;0;51;8979;66;America/Porto_Velho;;;
3504107;Atibaia;-231171;-465563;0;35;6181;11;America/Sao_Paulo;;-23,1171;-46,5563
4305587;Colinas;-293948;-518556;0;43;6029;51;America/Sao_Paulo;;;
2103505;Colinas;-603199;-442543;0;21;767;99;America/Sao_Paulo;;;
5205521;Colinas do Sul;-141528;-48076;0;52;9791;62;America/Sao_Paulo;;;
1705508;Colinas do Tocantins;-805764;-484757;0;17;9311;63;America/Sao_Paulo;;;
1716703;Colméia;-872463;-487638;0;17;9529;63;America/Sao_Paulo;;;
5103254;Colniza;-946121;-592252;0;51;1080;66;America/Porto_Velho;;;
3548708;São Bernardo do Campo;-236914;-465646;0;35;7075;11;America/Sao_Paulo;;-23,6914;-46,5646
4105805;Colombo;-252925;-492262;0;41;7513;41;America/Sao_Paulo;;;
2202752;Colônia do Gurguéia;-81837;-43794;0;22;2249;89;America/Sao_Paulo;;;
2202778;Colônia do Piauí;-722651;-421756;0;22;2253;89;America/Sao_Paulo;;;
2702108;Colônia Leopoldina;-891806;-357214;0;27;2741;82;America/Sao_Paulo;;;
4305603;Colorado;-285258;-529928;0;43;8609;54;America/Sao_Paulo;;;
4105904;Colorado;-228374;-519743;0;41;7515;44;America/Sao_Paulo;;;
1100064;Colorado do Oeste;-131174;-605454;0;11;23;69;America/Porto_Velho;;;
3116803;Coluna;-182311;-428352;0;31;4335;33;America/Sao_Paulo;;;
1705557;Combinado;-127917;-465388;0;17;9697;63;America/Sao_Paulo;;;
3116902;Comendador Gomes;-196973;-490789;0;31;4337;34;America/Sao_Paulo;;;
3300951;Comendador Levy Gasparian;-220404;-43214;0;33;2927;24;America/Sao_Paulo;;;
3117009;Comercinho;-162963;-417945;0;31;4339;33;America/Sao_Paulo;;;
5103304;Comodoro;-136614;-597848;0;51;9883;65;America/Porto_Velho;;;
2504405;Conceição;-755106;-385014;0;25;1989;83;America/Sao_Paulo;;;
3117108;Conceição da Aparecida;-21096;-462049;0;31;4341;35;America/Sao_Paulo;;;
3201605;Conceição da Barra;-185883;-397362;0;32;5631;27;America/Sao_Paulo;;;
3115201;Conceição da Barra de Minas;-211316;-444729;0;31;4303;32;America/Sao_Paulo;;;
2908200;Conceição da Feira;-125078;-389978;0;29;3463;75;America/Sao_Paulo;;;
3117306;Conceição das Alagoas;-199172;-483839;0;31;4345;34;America/Sao_Paulo;;;
3117207;Conceição das Pedras;-221576;-454562;0;31;4343;35;America/Sao_Paulo;;;
3117405;Conceição de Ipanema;-199326;-416908;0;31;4347;33;America/Sao_Paulo;;;
3301405;Conceição de Macabu;-220834;-418719;0;33;5827;22;America/Sao_Paulo;;;
2908309;Conceição do Almeida;-127836;-391715;0;29;3465;75;America/Sao_Paulo;;;
1502707;Conceição do Araguaia;-826136;-492689;0;15;453;94;America/Sao_Paulo;;;
2202802;Conceição do Canindé;-787638;-415942;0;22;1055;89;America/Sao_Paulo;;;
3201704;Conceição do Castelo;-203639;-412417;0;32;5633;28;America/Sao_Paulo;;;
2908408;Conceição do Coité;-1156;-392808;0;29;3467;75;America/Sao_Paulo;;;
2908507;Conceição do Jacuípe;-123268;-387684;0;29;3469;75;America/Sao_Paulo;;;
2103554;Conceição do Lago-Açu;-385142;-448895;0;21;152;98;America/Sao_Paulo;;;
3117504;Conceição do Mato Dentro;-190344;-434221;0;31;4349;31;America/Sao_Paulo;;;
3117603;Conceição do Pará;-197456;-448945;0;31;4351;37;America/Sao_Paulo;;;
3117702;Conceição do Rio Verde;-218778;-45087;0;31;4353;35;America/Sao_Paulo;;;
1705607;Conceição do Tocantins;-122209;-472951;0;17;9313;63;America/Sao_Paulo;;;
3117801;Conceição dos Ouros;-224078;-457996;0;31;4355;35;America/Sao_Paulo;;;
3528502;Mairiporã;-233171;-465897;0;35;6671;11;America/Sao_Paulo;;-23,3171;-46,5897
3538204;Pinhalzinho;-227811;-465897;0;35;6867;11;America/Sao_Paulo;;-22,7811;-46,5897
4204301;Concórdia;-272335;-52026;0;42;8083;49;America/Sao_Paulo;;;
1502756;Concórdia do Pará;-199238;-479422;0;15;579;91;America/Sao_Paulo;;;
2504504;Condado;-689831;-37606;0;25;1991;83;America/Sao_Paulo;;;
2604601;Condado;-758787;-350999;0;26;2391;81;America/Sao_Paulo;;;
2504603;Conde;-725746;-348999;0;25;1993;83;America/Sao_Paulo;;;
2908606;Conde;-118179;-376131;0;29;3471;75;America/Sao_Paulo;;;
2908705;Condeúba;-149022;-419718;0;29;3473;77;America/Sao_Paulo;;;
4305702;Condor;-282075;-534905;0;43;8611;55;America/Sao_Paulo;;;
3117836;Cônego Marinho;-152892;-444181;0;31;590;38;America/Sao_Paulo;;;
3117876;Confins;-196282;-439931;0;31;592;31;America/Sao_Paulo;;;
5103353;Confresa;-106437;-515699;0;51;131;66;America/Porto_Velho;;;
2504702;Congo;-779078;-366581;0;25;1995;83;America/Sao_Paulo;;;
3117900;Congonhal;-221488;-46043;0;31;4357;35;America/Sao_Paulo;;;
3118007;Congonhas;-204958;-43851;0;31;4359;31;America/Sao_Paulo;;;
3118106;Congonhas do Norte;-188021;-436767;0;31;4361;31;America/Sao_Paulo;;;
4106001;Congonhinhas;-235493;-505569;0;41;7517;43;America/Sao_Paulo;;;
3118205;Conquista;-199312;-475492;0;31;4363;34;America/Sao_Paulo;;;
5103361;Conquista D'Oeste;-145381;-595444;0;51;1082;65;America/Porto_Velho;;;
3118304;Conselheiro Lafaiete;-206634;-437846;0;31;4365;31;America/Sao_Paulo;;;
4106100;Conselheiro Mairinck;-23623;-501707;0;41;7519;43;America/Sao_Paulo;;;
3118403;Conselheiro Pena;-191789;-414736;0;31;4367;33;America/Sao_Paulo;;;
3118502;Consolação;-225493;-459255;0;31;4369;35;America/Sao_Paulo;;;
4305801;Constantina;-27732;-529938;0;43;8613;54;America/Sao_Paulo;;;
3118601;Contagem;-199321;-440539;0;31;4371;31;America/Sao_Paulo;;;
4106209;Contenda;-256788;-49535;0;41;7521;41;America/Sao_Paulo;;;
2908804;Contendas do Sincorá;-137537;-41048;0;29;3475;77;America/Sao_Paulo;;;
3118700;Coqueiral;-211858;-454366;0;31;4373;35;America/Sao_Paulo;;;
4305835;Coqueiro Baixo;-291802;-520942;0;43;1136;51;America/Sao_Paulo;;;
2702207;Coqueiro Seco;-963715;-357994;0;27;2743;82;America/Sao_Paulo;;;
4305850;Coqueiros do Sul;-281194;-527842;0;43;5945;54;America/Sao_Paulo;;;
3118809;Coração de Jesus;-166841;-443635;0;31;4375;38;America/Sao_Paulo;;;
2908903;Coração de Maria;-122333;-387487;0;29;3477;75;America/Sao_Paulo;;;
4106308;Corbélia;-247971;-533006;0;41;7523;45;America/Sao_Paulo;;;
3301504;Cordeiro;-220267;-423648;0;33;5829;22;America/Sao_Paulo;;;
3513801;Diadema;-236813;-466205;0;35;6377;11;America/Sao_Paulo;;-23,6813;-46,6205
2909000;Cordeiros;-150356;-419308;0;29;3479;77;America/Sao_Paulo;;;
4204350;Cordilheira Alta;-269844;-526056;0;42;5579;49;America/Sao_Paulo;;;
3118908;Cordisburgo;-191224;-443224;0;31;4377;31;America/Sao_Paulo;;;
3119005;Cordislândia;-217891;-456999;0;31;4379;35;America/Sao_Paulo;;;
2304004;Coreaú;-35415;-406587;0;23;1381;88;America/Sao_Paulo;;;
2504801;Coremas;-700712;-379346;0;25;1997;83;America/Sao_Paulo;;;
5003108;Corguinho;-198243;-548281;0;50;9061;67;America/Porto_Velho;;;
2909109;Coribe;-138232;-444586;0;29;3481;77;America/Sao_Paulo;;;
3119104;Corinto;-18369;-444542;0;31;4381;38;America/Sao_Paulo;;;
4106407;Cornélio Procópio;-231829;-506498;0;41;7525;43;America/Sao_Paulo;;;
3119203;Coroaci;-186156;-422791;0;31;4383;33;America/Sao_Paulo;;;
3531100;Mongaguá;-240809;-466265;0;35;6723;13;America/Sao_Paulo;;-24,0809;-46,6265
2103604;Coroatá;-413442;-441244;0;21;769;99;America/Sao_Paulo;;;
3119302;Coromandel;-184734;-471933;0;31;4385;34;America/Sao_Paulo;;;
4305871;Coronel Barros;-283921;-540686;0;43;6055;55;America/Sao_Paulo;;;
4305900;Coronel Bicaco;-277197;-537022;0;43;8615;55;America/Sao_Paulo;;;
4106456;Coronel Domingos Soares;-262277;-520356;0;41;846;46;America/Sao_Paulo;;;
2402808;Coronel Ezequiel;-63748;-362223;0;24;1655;84;America/Sao_Paulo;;;
3119401;Coronel Fabriciano;-195179;-426276;0;31;4387;31;America/Sao_Paulo;;;
4204400;Coronel Freitas;-269057;-527011;0;42;8085;49;America/Sao_Paulo;;;
2402907;Coronel João Pessoa;-624974;-384441;0;24;1657;84;America/Sao_Paulo;;;
2909208;Coronel João Sá;-102847;-379198;0;29;3483;75;America/Sao_Paulo;;;
2202851;Coronel José Dias;-881397;-425232;0;22;2255;89;America/Sao_Paulo;;;
3500501;Águas de Lindóia;-224733;-466314;0;35;6109;19;America/Sao_Paulo;;-22,4733;-46,6314
4204459;Coronel Martins;-26511;-526694;0;42;5735;49;America/Sao_Paulo;;;
3119500;Coronel Murta;-166148;-42184;0;31;4389;33;America/Sao_Paulo;;;
3119609;Coronel Pacheco;-215898;-43256;0;31;4391;32;America/Sao_Paulo;;;
4305934;Coronel Pilar;-292695;-516847;0;43;1138;54;America/Sao_Paulo;;;
5003157;Coronel Sapucaia;-232724;-555278;0;50;9997;67;America/Porto_Velho;;;
4106506;Coronel Vivida;-259767;-525641;0;41;7527;46;America/Sao_Paulo;;;
3119708;Coronel Xavier Chaves;-210277;-442206;0;31;4393;32;America/Sao_Paulo;;;
3119807;Córrego Danta;-198198;-459032;0;31;4395;37;America/Sao_Paulo;;;
3119906;Córrego do Bom Jesus;-226269;-460241;0;31;4397;35;America/Sao_Paulo;;;
5205703;Córrego do Ouro;-162918;-505503;0;52;9315;64;America/Sao_Paulo;;;
3119955;Córrego Fundo;-204474;-455617;0;31;594;37;America/Sao_Paulo;;;
3120003;Córrego Novo;-198361;-423988;0;31;4399;33;America/Sao_Paulo;;;
4204558;Correia Pinto;-275877;-503614;0;42;8395;49;America/Sao_Paulo;;;
2202901;Corrente;-104333;-451633;0;22;1057;89;America/Sao_Paulo;;;
2604700;Correntes;-912117;-363244;0;26;2393;87;America/Sao_Paulo;;;
2909307;Correntina;-133477;-446333;0;29;3485;77;America/Sao_Paulo;;;
2604809;Cortês;-847443;-355468;0;26;2395;81;America/Sao_Paulo;;;
5003207;Corumbá;-190077;-57651;0;50;9063;67;America/Porto_Velho;;;
5205802;Corumbá de Goiás;-159245;-488117;0;52;9317;62;America/Sao_Paulo;;;
5205901;Corumbaíba;-181415;-485626;0;52;9319;64;America/Sao_Paulo;;;
3550308;São Paulo;-235329;-466395;1;35;7107;11;America/Sao_Paulo;;-23,5329;-46,6395
4106555;Corumbataí do Sul;-24101;-521177;0;41;8479;44;America/Sao_Paulo;;;
1100072;Corumbiara;-129551;-608947;0;11;981;69;America/Porto_Velho;;;
4204509;Corupá;-264246;-49246;0;42;8087;47;America/Sao_Paulo;;;
2702306;Coruripe;-101276;-361717;0;27;2745;82;America/Sao_Paulo;;;
3508702;Caconde;-215280;-466437;0;35;6275;19;America/Sao_Paulo;;-21,5280;-46,6437
3548104;Santo Antônio do Jardim;-221121;-466845;0;35;7063;19;America/Sao_Paulo;;-22,1121;-46,6845
1100080;Costa Marques;-124367;-64228;0;11;21;69;America/Porto_Velho;;;
5003256;Costa Rica;-185432;-531287;0;50;9803;67;America/Porto_Velho;;;
2909406;Cotegipe;-120228;-442566;0;29;3487;77;America/Sao_Paulo;;;
3554953;Tuiuti;-228193;-466937;0;35;2955;11;America/Sao_Paulo;;-22,8193;-46,6937
4305959;Cotiporã;-289891;-516971;0;43;8977;54;America/Sao_Paulo;;;
5103379;Cotriguaçu;-985656;-584192;0;51;89;66;America/Porto_Velho;;;
3120102;Couto de Magalhães de Minas;-180727;-434648;0;31;4401;38;America/Sao_Paulo;;;
1706001;Couto Magalhães;-828411;-492473;0;17;9321;63;America/Sao_Paulo;;;
4305975;Coxilha;-28128;-523023;0;43;5797;54;America/Sao_Paulo;;;
5003306;Coxim;-185013;-54751;0;50;9065;67;America/Porto_Velho;;;
2504850;Coxixola;-762365;-366064;0;25;472;83;America/Sao_Paulo;;;
2702355;Craíbas;-96178;-367697;0;27;2889;82;America/Sao_Paulo;;;
2304103;Crateús;-516768;-406536;0;23;1383;88;America/Sao_Paulo;;;
2304202;Crato;-72153;-394103;0;23;1385;88;America/Sao_Paulo;;;
3551603;Serra Negra;-226139;-467033;0;35;7133;19;America/Sao_Paulo;;-22,6139;-46,7033
2909505;Cravolândia;-133531;-398031;0;29;3489;73;America/Sao_Paulo;;;
4204608;Criciúma;-286723;-493729;0;42;8089;48;America/Sao_Paulo;;;
3120151;Crisólita;-172381;-409184;0;31;596;33;America/Sao_Paulo;;;
2909604;Crisópolis;-115059;-381515;0;29;3491;75;America/Sao_Paulo;;;
4306007;Crissiumal;-274999;-540994;0;43;8617;55;America/Sao_Paulo;;;
3120201;Cristais;-208733;-455167;0;31;4403;35;America/Sao_Paulo;;;
3500402;Águas da Prata;-219319;-467176;0;35;6107;19;America/Sao_Paulo;;-21,9319;-46,7176
4306056;Cristal;-310046;-520436;0;43;8431;51;America/Sao_Paulo;;;
4306072;Cristal do Sul;-27452;-532422;0;43;972;55;America/Sao_Paulo;;;
1706100;Cristalândia;-105985;-491942;0;17;9323;63;America/Sao_Paulo;;;
2203008;Cristalândia do Piauí;-106443;-451893;0;22;1059;89;America/Sao_Paulo;;;
3120300;Cristália;-16716;-428571;0;31;4405;38;America/Sao_Paulo;;;
5206206;Cristalina;-167676;-476131;0;52;9325;61;America/Sao_Paulo;;;
3120409;Cristiano Otoni;-208324;-438166;0;31;4407;31;America/Sao_Paulo;;;
5206305;Cristianópolis;-171987;-487034;0;52;9327;64;America/Sao_Paulo;;;
3120508;Cristina;-22208;-452673;0;31;4409;35;America/Sao_Paulo;;;
2801702;Cristinápolis;-114668;-377585;0;28;3133;79;America/Sao_Paulo;;;
2203107;Cristino Castro;-882273;-44223;0;22;1061;89;America/Sao_Paulo;;;
2909703;Cristópolis;-122249;-444214;0;29;3493;77;America/Sao_Paulo;;;
5206404;Crixás;-145412;-49974;0;52;9329;62;America/Sao_Paulo;;;
1706258;Crixás do Tocantins;-110994;-489152;0;17;82;63;America/Sao_Paulo;;;
2304236;Croatá;-440481;-409022;0;23;1241;88;America/Sao_Paulo;;;
5206503;Cromínia;-172883;-493798;0;52;9331;64;America/Sao_Paulo;;;
3120607;Crucilândia;-203923;-443334;0;31;4411;31;America/Sao_Paulo;;;
2304251;Cruz;-291813;-40176;0;23;1589;88;America/Sao_Paulo;;;
4306106;Cruz Alta;-28645;-536048;0;43;8619;55;America/Sao_Paulo;;;
2909802;Cruz das Almas;-126675;-391008;0;29;3495;75;America/Sao_Paulo;;;
2504900;Cruz do Espírito Santo;-713902;-350857;0;25;1999;83;America/Sao_Paulo;;;
4106803;Cruz Machado;-260166;-51343;0;41;7533;42;America/Sao_Paulo;;;
3513900;Divinolândia;-216637;-467361;0;35;6379;19;America/Sao_Paulo;;-21,6637;-46,7361
4306130;Cruzaltense;-276672;-526522;0;43;1140;54;America/Sao_Paulo;;;
3509007;Caieiras;-233607;-467397;0;35;6281;11;America/Sao_Paulo;;-23,3607;-46,7397
3120706;Cruzeiro da Fortaleza;-18944;-466669;0;31;4413;34;America/Sao_Paulo;;;
4106571;Cruzeiro do Iguaçu;-256192;-531285;0;41;5473;46;America/Sao_Paulo;;;
4106605;Cruzeiro do Oeste;-237799;-530774;0;41;7529;44;America/Sao_Paulo;;;
4106704;Cruzeiro do Sul;-229624;-521622;0;41;7531;44;America/Sao_Paulo;;;
4306205;Cruzeiro do Sul;-295148;-519928;0;43;8621;51;America/Sao_Paulo;;;
1200203;Cruzeiro do Sul;-762762;-726756;0;12;107;68;America/Rio_Branco;;;
2403004;Cruzeta;-640894;-367782;0;24;1659;84;America/Sao_Paulo;;;
3120805;Cruzília;-2184;-448067;0;31;4415;35;America/Sao_Paulo;;;
4106852;Cruzmaltina;-240132;-514563;0;41;848;43;America/Sao_Paulo;;;
3516309;Francisco Morato;-232792;-467448;0;35;6427;11;America/Sao_Paulo;;-23,2792;-46,7448
2505006;Cubati;-686686;-363619;0;25;2001;83;America/Sao_Paulo;;;
5103403;Cuiabá;-15601;-560974;1;51;9067;65;America/Porto_Velho;;;
2505105;Cuité;-647647;-361515;0;25;2003;83;America/Sao_Paulo;;;
2505238;Cuité de Mamanguape;-691292;-352502;0;25;474;83;America/Sao_Paulo;;;
2505204;Cuitegi;-689058;-355215;0;25;2005;83;America/Sao_Paulo;;;
1100940;Cujubim;-936065;-625846;0;11;8;69;America/Porto_Velho;;;
5206602;Cumari;-182644;-481511;0;52;9333;64;America/Sao_Paulo;;;
2604908;Cumaru;-800827;-356957;0;26;2397;81;America/Sao_Paulo;;;
1502764;Cumaru do Norte;-781097;-507698;0;15;385;94;America/Sao_Paulo;;;
2801900;Cumbe;-10352;-371846;0;28;3137;79;America/Sao_Paulo;;;
3553609;Tapiratiba;-214713;-467448;0;35;7173;19;America/Sao_Paulo;;-21,4713;-46,7448
4204707;Cunha Porã;-26895;-531662;0;42;8091;49;America/Sao_Paulo;;;
4204756;Cunhataí;-269709;-530895;0;42;910;49;America/Sao_Paulo;;;
3120839;Cuparaque;-189648;-410986;0;31;598;33;America/Sao_Paulo;;;
2605004;Cupira;-862432;-359518;0;26;2399;81;America/Sao_Paulo;;;
2909901;Curaçá;-898458;-398997;0;29;3497;74;America/Sao_Paulo;;;
2203206;Curimatá;-100326;-443002;0;22;1063;89;America/Sao_Paulo;;;
1502772;Curionópolis;-609965;-496068;0;15;581;94;America/Sao_Paulo;;;
4106902;Curitiba;-254195;-492646;1;41;7535;41;America/Sao_Paulo;;;
4204806;Curitibanos;-272824;-505816;0;42;8093;49;America/Sao_Paulo;;;
4107009;Curiúva;-240362;-504576;0;41;7537;43;America/Sao_Paulo;;;
2203230;Currais;-901175;-444062;0;22;308;89;America/Sao_Paulo;;;
2403103;Currais Novos;-625484;-365146;0;24;1661;84;America/Sao_Paulo;;;
2505279;Curral de Cima;-672325;-352639;0;25;476;83;America/Sao_Paulo;;;
3120870;Curral de Dentro;-159327;-418557;0;31;600;33;America/Sao_Paulo;;;
2203271;Curral Novo do Piauí;-78313;-408957;0;22;312;89;America/Sao_Paulo;;;
2505303;Curral Velho;-753075;-381962;0;25;2007;83;America/Sao_Paulo;;;
1502806;Curralinho;-181179;-497952;0;15;455;91;America/Sao_Paulo;;;
2203255;Curralinhos;-560825;-428376;0;22;310;86;America/Sao_Paulo;;;
1502855;Curuá;-188775;-551168;0;15;50;93;America/Sao_Paulo;;;
1502905;Curuçá;-733214;-478515;0;15;457;91;America/Sao_Paulo;;;
2103703;Cururupu;-181475;-448644;0;21;771;98;America/Sao_Paulo;;;
5103437;Curvelândia;-156084;-579133;0;51;1084;65;America/Porto_Velho;;;
3120904;Curvelo;-187527;-444303;0;31;4417;38;America/Sao_Paulo;;;
2605103;Custódia;-808546;-376443;0;26;2401;87;America/Sao_Paulo;;;
1600212;Cutias;970761;-508005;0;16;667;96;America/Sao_Paulo;;;
5206701;Damianópolis;-145604;-46178;0;52;9335;62;America/Sao_Paulo;;;
2505352;Damião;-663161;-359101;0;25;478;83;America/Sao_Paulo;;;
5206800;Damolândia;-162544;-493631;0;52;9337;62;America/Sao_Paulo;;;
1706506;Darcinópolis;-671591;-477597;0;17;179;63;America/Sao_Paulo;;;
2910008;Dário Meira;-144229;-399031;0;29;3499;73;America/Sao_Paulo;;;
3121001;Datas;-184478;-436591;0;31;4419;38;America/Sao_Paulo;;;
4306304;David Canabarro;-283849;-518482;0;43;8623;54;America/Sao_Paulo;;;
2103752;Davinópolis;-554637;-474217;0;21;154;99;America/Sao_Paulo;;;
5206909;Davinópolis;-181501;-475568;0;52;9339;64;America/Sao_Paulo;;;
3121100;Delfim Moreira;-225036;-452792;0;31;4421;35;America/Sao_Paulo;;;
3121209;Delfinópolis;-203468;-468456;0;31;4423;35;America/Sao_Paulo;;;
2702405;Delmiro Gouveia;-938534;-379987;0;27;2747;82;America/Sao_Paulo;;;
3121258;Delta;-199721;-477841;0;31;602;34;America/Sao_Paulo;;;
2203305;Demerval Lobão;-535875;-426776;0;22;1065;86;America/Sao_Paulo;;;
5103452;Denise;-147324;-570583;0;51;9833;65;America/Porto_Velho;;;
5003454;Deodápolis;-222763;-541682;0;50;9175;67;America/Porto_Velho;;;
2304269;Deputado Irapuan Pinheiro;-591485;-39257;0;23;1243;88;America/Sao_Paulo;;;
4306320;Derrubadas;-272642;-538645;0;43;6073;55;America/Sao_Paulo;;;
3515186;Espírito Santo do Pinhal;-221909;-467477;0;35;6865;19;America/Sao_Paulo;;-22,1909;-46,7477
4204905;Descanso;-26827;-535034;0;42;8095;49;America/Sao_Paulo;;;
3121308;Descoberto;-2146;-429618;0;31;4425;32;America/Sao_Paulo;;;
2505402;Desterro;-7287;-370925;0;25;2009;83;America/Sao_Paulo;;;
3121407;Desterro de Entre Rios;-20665;-443334;0;31;4427;31;America/Sao_Paulo;;;
3121506;Desterro do Melo;-21143;-435178;0;31;4429;32;America/Sao_Paulo;;;
4306353;Dezesseis de Novembro;-28219;-550617;0;43;8429;55;America/Sao_Paulo;;;
3552809;Taboão da Serra;-236019;-467526;0;35;7157;11;America/Sao_Paulo;;-23,6019;-46,7526
2505600;Diamante;-741738;-382615;0;25;2013;83;America/Sao_Paulo;;;
4107157;Diamante D'Oeste;-249419;-541052;0;41;9915;45;America/Sao_Paulo;;;
4107108;Diamante do Norte;-22655;-528617;0;41;7539;44;America/Sao_Paulo;;;
4107124;Diamante do Sul;-25035;-526768;0;41;5465;45;America/Sao_Paulo;;;
3121605;Diamantina;-182413;-436031;0;31;4431;38;America/Sao_Paulo;;;
5103502;Diamantino;-144037;-564366;0;51;9069;65;America/Porto_Velho;;;
1707009;Dianópolis;-11624;-468198;0;17;9341;63;America/Sao_Paulo;;;
2910057;Dias d'Ávila;-126187;-382926;0;29;3087;71;America/Sao_Paulo;;;
4306379;Dilermando de Aguiar;-297054;-542122;0;43;974;55;America/Sao_Paulo;;;
3121704;Diogo de Vasconcelos;-204879;-431953;0;31;4433;31;America/Sao_Paulo;;;
3121803;Dionísio;-198433;-427701;0;31;4435;31;America/Sao_Paulo;;;
4205001;Dionísio Cerqueira;-262648;-536351;0;42;8097;49;America/Sao_Paulo;;;
5207105;Diorama;-162329;-512543;0;52;9343;64;America/Sao_Paulo;;;
3509601;Campo Limpo Paulista;-232078;-467889;0;35;6293;11;America/Sao_Paulo;;-23,2078;-46,7889
2203354;Dirceu Arcoverde;-933939;-424348;0;22;1229;89;America/Sao_Paulo;;;
2802007;Divina Pastora;-106782;-371506;0;28;3139;79;America/Sao_Paulo;;;
3121902;Divinésia;-209917;-430003;0;31;4437;32;America/Sao_Paulo;;;
3122009;Divino;-206134;-421438;0;31;4439;32;America/Sao_Paulo;;;
3122108;Divino das Laranjeiras;-187755;-414781;0;31;4441;33;America/Sao_Paulo;;;
3201803;Divino de São Lourenço;-206229;-416937;0;32;5635;28;America/Sao_Paulo;;;
3532009;Morungaba;-228811;-467896;0;35;6741;11;America/Sao_Paulo;;-22,8811;-46,7896
3122207;Divinolândia de Minas;-188004;-426103;0;31;4443;33;America/Sao_Paulo;;;
3122306;Divinópolis;-201446;-448912;0;31;4445;37;America/Sao_Paulo;;;
5208301;Divinópolis de Goiás;-132853;-463999;0;52;9309;62;America/Sao_Paulo;;;
1707108;Divinópolis do Tocantins;-980018;-492169;0;17;9719;63;America/Sao_Paulo;;;
3122355;Divisa Alegre;-157221;-413463;0;31;604;33;America/Sao_Paulo;;;
3122405;Divisa Nova;-215092;-461904;0;31;4447;35;America/Sao_Paulo;;;
3122454;Divisópolis;-157254;-409997;0;31;2657;33;America/Sao_Paulo;;;
3534401;Osasco;-235324;-467916;0;35;6789;11;America/Sao_Paulo;;-23,5324;-46,7916
3549102;São João da Boa Vista;-219707;-467944;0;35;7083;19;America/Sao_Paulo;;-21,9707;-46,7944
4306403;Dois Irmãos;-295836;-510898;0;43;8625;51;America/Sao_Paulo;;;
4306429;Dois Irmãos das Missões;-276621;-535304;0;43;5971;55;America/Sao_Paulo;;;
5003488;Dois Irmãos do Buriti;-206848;-552915;0;50;9793;67;America/Porto_Velho;;;
1707207;Dois Irmãos do Tocantins;-925534;-490638;0;17;9345;63;America/Sao_Paulo;;;
4306452;Dois Lajeados;-28983;-518396;0;43;8427;54;America/Sao_Paulo;;;
2702504;Dois Riachos;-938465;-370965;0;27;2749;82;America/Sao_Paulo;;;
4107207;Dois Vizinhos;-257407;-53057;0;41;7541;46;America/Sao_Paulo;;;
3515103;Embu-Guaçu;-238297;-468136;0;35;6403;11;America/Sao_Paulo;;-23,8297;-46,8136
5103601;Dom Aquino;-158099;-549223;0;51;9071;66;America/Porto_Velho;;;
2910107;Dom Basílio;-137565;-417677;0;29;3501;77;America/Sao_Paulo;;;
3122470;Dom Bosco;-16652;-462597;0;31;606;38;America/Sao_Paulo;;;
3122504;Dom Cavati;-193735;-421121;0;31;4449;33;America/Sao_Paulo;;;
1502939;Dom Eliseu;-419944;-478245;0;15;583;94;America/Sao_Paulo;;;
2203404;Dom Expedito Lopes;-695332;-416396;0;22;1067;89;America/Sao_Paulo;;;
4306502;Dom Feliciano;-307004;-521026;0;43;8627;51;America/Sao_Paulo;;;
2203453;Dom Inocêncio;-900516;-419697;0;22;1289;89;America/Sao_Paulo;;;
3122603;Dom Joaquim;-18961;-432544;0;31;4451;31;America/Sao_Paulo;;;
2910206;Dom Macedo Costa;-129016;-391923;0;29;3503;75;America/Sao_Paulo;;;
4306601;Dom Pedrito;-309756;-546694;0;43;8629;53;America/Sao_Paulo;;;
2103802;Dom Pedro;-503518;-444409;0;21;773;99;America/Sao_Paulo;;;
4306551;Dom Pedro de Alcântara;-293639;-49853;0;43;976;51;America/Sao_Paulo;;;
3122702;Dom Silvério;-201627;-429627;0;31;4453;31;America/Sao_Paulo;;;
3122801;Dom Viçoso;-222511;-451643;0;31;4455;35;America/Sao_Paulo;;;
3201902;Domingos Martins;-203603;-406594;0;32;5637;27;America/Sao_Paulo;;;
2203420;Domingos Mourão;-42495;-412683;0;22;1141;86;America/Sao_Paulo;;;
4205100;Dona Emma;-26981;-497261;0;42;8099;47;America/Sao_Paulo;;;
3122900;Dona Eusébia;-21319;-42807;0;31;4457;32;America/Sao_Paulo;;;
4306700;Dona Francisca;-296195;-533617;0;43;8631;55;America/Sao_Paulo;;;
2505709;Dona Inês;-661566;-356205;0;25;2015;83;America/Sao_Paulo;;;
3123007;Dores de Campos;-211139;-440207;0;31;4459;32;America/Sao_Paulo;;;
3123106;Dores de Guanhães;-190516;-429254;0;31;4461;33;America/Sao_Paulo;;;
3123205;Dores do Indaiá;-194628;-455927;0;31;4463;37;America/Sao_Paulo;;;
3202009;Dores do Rio Preto;-206931;-418405;0;32;5639;28;America/Sao_Paulo;;;
3123304;Dores do Turvo;-209785;-431834;0;31;4465;32;America/Sao_Paulo;;;
3123403;Doresópolis;-202868;-459007;0;31;4467;37;America/Sao_Paulo;;;
2605152;Dormentes;-844116;-407662;0;26;2299;87;America/Sao_Paulo;;;
5003504;Douradina;-220405;-546158;0;50;9805;67;America/Porto_Velho;;;
4107256;Douradina;-233807;-532918;0;41;8465;44;America/Sao_Paulo;;;
3550803;São Sebastião da Grama;-217041;-468208;0;35;7117;19;America/Sao_Paulo;;-21,7041;-46,8208
3123502;Douradoquara;-184338;-475993;0;31;4469;34;America/Sao_Paulo;;;
5003702;Dourados;-222231;-54812;0;50;9073;67;America/Porto_Velho;;;
4107306;Doutor Camargo;-235582;-522178;0;41;7543;44;America/Sao_Paulo;;;
4306734;Doutor Maurício Cardoso;-275103;-543577;0;43;8425;55;America/Sao_Paulo;;;
4205159;Doutor Pedrinho;-267174;-494795;0;42;9945;47;America/Sao_Paulo;;;
4306759;Doutor Ricardo;-29084;-519972;0;43;978;51;America/Sao_Paulo;;;
2403202;Doutor Severiano;-608082;-383794;0;24;1663;84;America/Sao_Paulo;;;
4128633;Doutor Ulysses;-245665;-494219;0;41;5449;41;America/Sao_Paulo;;;
5207253;Doverlândia;-167188;-523189;0;52;9675;64;America/Sao_Paulo;;;
3522604;Itapira;-224357;-468224;0;35;6553;19;America/Sao_Paulo;;-22,4357;-46,8224
3556503;Várzea Paulista;-232136;-468234;0;35;7233;11;America/Sao_Paulo;;-23,2136;-46,8234
3301603;Duas Barras;-220536;-425232;0;33;5831;22;America/Sao_Paulo;;;
2505808;Duas Estradas;-668499;-35418;0;25;2017;83;America/Sao_Paulo;;;
1707306;Dueré;-113416;-492716;0;17;9347;63;America/Sao_Paulo;;;
3510609;Carapicuíba;-235235;-468407;0;35;6313;11;America/Sao_Paulo;;-23,5235;-46,8407
2103901;Duque Bacelar;-415002;-429477;0;21;775;98;America/Sao_Paulo;;;
3301702;Duque de Caxias;-227858;-433049;0;33;5833;21;America/Sao_Paulo;;;
3123528;Durandé;-202058;-417977;0;31;2675;33;America/Sao_Paulo;;;
3523404;Itatiba;-230035;-468464;0;35;6569;11;America/Sao_Paulo;;-23,0035;-46,8464
3202108;Ecoporanga;-183702;-40836;0;32;5641;27;America/Sao_Paulo;;;
5207352;Edealina;-174239;-496644;0;52;9795;64;America/Sao_Paulo;;;
5207402;Edéia;-173406;-499295;0;52;9349;64;America/Sao_Paulo;;;
1301407;Eirunepé;-665677;-698662;0;13;229;97;America/Rio_Branco;;;
5003751;Eldorado;-237868;-542838;0;50;9173;67;America/Porto_Velho;;;
3522208;Itapecerica da Serra;-237161;-468572;0;35;6545;11;America/Sao_Paulo;;-23,7161;-46,8572
1502954;Eldorado do Carajás;-610389;-493553;0;15;377;94;America/Sao_Paulo;;;
4306767;Eldorado do Sul;-300847;-516187;0;43;8423;51;America/Sao_Paulo;;;
2203503;Elesbão Veloso;-619947;-421355;0;22;1069;86;America/Sao_Paulo;;;
3515004;Embu das Artes;-236437;-468579;0;35;6401;11;America/Sao_Paulo;;-23,6437;-46,8579
2203602;Eliseu Martins;-809629;-436705;0;22;1071;89;America/Sao_Paulo;;;
3509205;Cajamar;-233550;-468781;0;35;6285;11;America/Sao_Paulo;;-23,3550;-46,8781
2910305;Elísio Medrado;-129417;-395191;0;29;3505;75;America/Sao_Paulo;;;
3123601;Elói Mendes;-216088;-455691;0;31;4471;35;America/Sao_Paulo;;;
2505907;Emas;-709964;-377163;0;25;2019;83;America/Sao_Paulo;;;
3549706;São José do Rio Pardo;-215953;-468873;0;35;7095;19;America/Sao_Paulo;;-21,5953;-46,8873
3556404;Vargem Grande do Sul;-218322;-468913;0;35;7231;19;America/Sao_Paulo;;-21,8322;-46,8913
3537107;Pedreira;-227413;-468948;0;35;6843;19;America/Sao_Paulo;;-22,7413;-46,8948
3525904;Jundiaí;-231852;-468974;0;35;6619;11;America/Sao_Paulo;;-23,1852;-46,8974
4306809;Encantado;-292351;-518703;0;43;8633;51;America/Sao_Paulo;;;
2403301;Encanto;-610691;-383033;0;24;1665;84;America/Sao_Paulo;;;
2910404;Encruzilhada;-155302;-409124;0;29;3507;77;America/Sao_Paulo;;;
4306908;Encruzilhada do Sul;-30543;-525204;0;43;8635;51;America/Sao_Paulo;;;
4107405;Enéas Marques;-259445;-531659;0;41;7545;46;America/Sao_Paulo;;;
4107504;Engenheiro Beltrão;-23797;-522659;0;41;7547;44;America/Sao_Paulo;;;
3123700;Engenheiro Caldas;-192065;-420503;0;31;4473;33;America/Sao_Paulo;;;
3525003;Jandira;-235275;-469023;0;35;6601;11;America/Sao_Paulo;;-23,5275;-46,9023
3123809;Engenheiro Navarro;-172831;-43947;0;31;4475;38;America/Sao_Paulo;;;
3301801;Engenheiro Paulo de Frontin;-225498;-436827;0;33;5835;24;America/Sao_Paulo;;;
4306924;Engenho Velho;-27706;-529145;0;43;5947;54;America/Sao_Paulo;;;
3123858;Entre Folhas;-196218;-422306;0;31;2663;33;America/Sao_Paulo;;;
2910503;Entre Rios;-119392;-380871;0;29;3509;75;America/Sao_Paulo;;;
4205175;Entre Rios;-267225;-525585;0;42;912;49;America/Sao_Paulo;;;
3123908;Entre Rios de Minas;-206706;-440654;0;31;4477;31;America/Sao_Paulo;;;
4107538;Entre Rios do Oeste;-247042;-542385;0;41;5529;45;America/Sao_Paulo;;;
4306957;Entre Rios do Sul;-275298;-527347;0;43;8421;54;America/Sao_Paulo;;;
4306932;Entre-Ijuís;-283686;-542686;0;43;8419;55;America/Sao_Paulo;;;
1301506;Envira;-743789;-700281;0;13;231;97;America/Rio_Branco;;;
1200252;Epitaciolândia;-110188;-687341;0;12;651;68;America/Rio_Branco;;;
2403400;Equador;-693835;-36717;0;24;1667;84;America/Sao_Paulo;;;
4306973;Erebango;-278544;-523005;0;43;8417;54;America/Sao_Paulo;;;
4307005;Erechim;-276364;-522697;0;43;8637;54;America/Sao_Paulo;;;
2304277;Ererê;-602751;-383461;0;23;1245;88;America/Sao_Paulo;;;
2900504;Érico Cardoso;-134215;-421352;0;29;3309;77;America/Sao_Paulo;;;
4205191;Ermo;-289869;-49643;0;42;914;48;America/Sao_Paulo;;;
4307054;Ernestina;-284977;-525836;0;43;8415;54;America/Sao_Paulo;;;
4307203;Erval Grande;-273926;-52574;0;43;8641;54;America/Sao_Paulo;;;
4307302;Erval Seco;-275443;-535005;0;43;8643;55;America/Sao_Paulo;;;
4205209;Erval Velho;-272743;-51443;0;42;8101;49;America/Sao_Paulo;;;
3124005;Ervália;-208403;-426544;0;31;4479;32;America/Sao_Paulo;;;
2605202;Escada;-835672;-352241;0;26;2403;81;America/Sao_Paulo;;;
4307401;Esmeralda;-280518;-511933;0;43;8645;54;America/Sao_Paulo;;;
3124104;Esmeraldas;-19764;-443065;0;31;4481;31;America/Sao_Paulo;;;
3124203;Espera Feliz;-206508;-419119;0;31;4483;32;America/Sao_Paulo;;;
2506004;Esperança;-702278;-358597;0;25;2021;83;America/Sao_Paulo;;;
4307450;Esperança do Sul;-273603;-539891;0;43;980;55;America/Sao_Paulo;;;
4107520;Esperança Nova;-237238;-53811;0;41;850;44;America/Sao_Paulo;;;
1707405;Esperantina;-536593;-485378;0;17;181;63;America/Sao_Paulo;;;
2203701;Esperantina;-388863;-422324;0;22;1073;86;America/Sao_Paulo;;;
2104008;Esperantinópolis;-487938;-446926;0;21;777;99;America/Sao_Paulo;;;
4107546;Espigão Alto do Iguaçu;-254216;-528348;0;41;852;46;America/Sao_Paulo;;;
1100098;Espigão D'Oeste;-115266;-610252;0;11;25;69;America/Porto_Velho;;;
3124302;Espinosa;-149249;-42809;0;31;4485;38;America/Sao_Paulo;;;
2403509;Espírito Santo;-633563;-353052;0;24;1669;84;America/Sao_Paulo;;;
3124401;Espírito Santo do Dourado;-220454;-459548;0;31;4487;35;America/Sao_Paulo;;;
3547304;Santana de Parnaíba;-234439;-469178;0;35;7047;11;America/Sao_Paulo;;-23,4439;-46,9178
3548005;Santo Antônio de Posse;-226029;-469192;0;35;7061;19;America/Sao_Paulo;;-22,6029;-46,9192
2910602;Esplanada;-117942;-379432;0;29;3511;75;America/Sao_Paulo;;;
4307500;Espumoso;-287286;-528461;0;43;8647;54;America/Sao_Paulo;;;
4307559;Estação;-279135;-522635;0;43;7301;54;America/Sao_Paulo;;;
2802106;Estância;-112659;-374484;0;28;3141;79;America/Sao_Paulo;;;
4307609;Estância Velha;-296535;-511843;0;43;8649;51;America/Sao_Paulo;;;
4307708;Esteio;-29852;-511841;0;43;8651;51;America/Sao_Paulo;;;
3124500;Estiva;-224577;-460191;0;31;4489;35;America/Sao_Paulo;;;
3522505;Itapevi;-235488;-469327;0;35;6551;11;America/Sao_Paulo;;-23,5488;-46,9327
2104057;Estreito;-656077;-474431;0;21;963;99;America/Sao_Paulo;;;
4307807;Estrela;-295002;-519495;0;43;8653;51;America/Sao_Paulo;;;
3530706;Mogi Guaçu;-223675;-469428;0;35;6715;19;America/Sao_Paulo;;-22,3675;-46,9428
3124609;Estrela Dalva;-217412;-424574;0;31;4491;32;America/Sao_Paulo;;;
2702553;Estrela de Alagoas;-939089;-367644;0;27;2643;82;America/Sao_Paulo;;;
3124708;Estrela do Indaiá;-195169;-457859;0;31;4493;37;America/Sao_Paulo;;;
5207501;Estrela do Norte;-138665;-490716;0;52;9351;62;America/Sao_Paulo;;;
3549953;São Lourenço da Serra;-238491;-469432;0;35;5447;11;America/Sao_Paulo;;-23,8491;-46,9432
3124807;Estrela do Sul;-187399;-476956;0;31;4495;34;America/Sao_Paulo;;;
4307815;Estrela Velha;-291713;-531639;0;43;982;51;America/Sao_Paulo;;;
2910701;Euclides da Cunha;-105078;-390153;0;29;3513;75;America/Sao_Paulo;;;
3557303;Estiva Gerbi;-222713;-469481;0;35;2959;19;America/Sao_Paulo;;-22,2713;-46,9481
4307831;Eugênio de Castro;-285315;-541506;0;43;8413;55;America/Sao_Paulo;;;
3124906;Eugenópolis;-211002;-421878;0;31;4497;32;America/Sao_Paulo;;;
2910727;Eunápolis;-163715;-395821;0;29;3117;73;America/Sao_Paulo;;;
2304285;Eusébio;-38925;-384559;0;23;1247;85;America/Sao_Paulo;;;
3125002;Ewbank da Câmara;-215498;-435068;0;31;4499;32;America/Sao_Paulo;;;
3125101;Extrema;-22854;-463178;0;31;4501;35;America/Sao_Paulo;;;
2403608;Extremoz;-570143;-353048;0;24;1671;84;America/Sao_Paulo;;;
2605301;Exu;-750364;-397238;0;26;2405;87;America/Sao_Paulo;;;
2506103;Fagundes;-734454;-357931;0;25;2023;83;America/Sao_Paulo;;;
4307864;Fagundes Varela;-288794;-517014;0;43;8411;54;America/Sao_Paulo;;;
5207535;Faina;-154473;-503622;0;52;9797;62;America/Sao_Paulo;;;
3125200;Fama;-214089;-458286;0;31;4503;35;America/Sao_Paulo;;;
3125309;Faria Lemos;-208097;-420213;0;31;4505;32;America/Sao_Paulo;;;
2304301;Farias Brito;-692146;-395651;0;23;1387;88;America/Sao_Paulo;;;
1503002;Faro;-216805;-567405;0;15;459;93;America/Sao_Paulo;;;
4107553;Farol;-240958;-526217;0;41;5511;44;America/Sao_Paulo;;;
4307906;Farroupilha;-292227;-513419;0;43;8655;54;America/Sao_Paulo;;;
3527306;Louveira;-230856;-469484;0;35;6647;19;America/Sao_Paulo;;-23,0856;-46,9484
2203750;Fartura do Piauí;-948342;-427912;0;22;2257;89;America/Sao_Paulo;;;
1707553;Fátima;-107603;-489076;0;17;9683;63;America/Sao_Paulo;;;
2910750;Fátima;-10616;-382239;0;29;3089;75;America/Sao_Paulo;;;
5003801;Fátima do Sul;-223789;-545131;0;50;9075;67;America/Porto_Velho;;;
4107603;Faxinal;-240077;-513227;0;41;7549;43;America/Sao_Paulo;;;
4308003;Faxinal do Soturno;-295788;-534484;0;43;8657;55;America/Sao_Paulo;;;
4205308;Faxinal dos Guedes;-268451;-522596;0;42;8103;49;America/Sao_Paulo;;;
4308052;Faxinalzinho;-274238;-526789;0;43;8409;54;America/Sao_Paulo;;;
5207600;Fazenda Nova;-161834;-507781;0;52;9353;62;America/Sao_Paulo;;;
4107652;Fazenda Rio Grande;-256624;-493073;0;41;9983;41;America/Sao_Paulo;;;
4308078;Fazenda Vilanova;-295885;-518217;0;43;984;51;America/Sao_Paulo;;;
1200302;Feijó;-817054;-70351;0;12;113;68;America/Rio_Branco;;;
2910776;Feira da Mata;-142044;-442744;0;29;3275;77;America/Sao_Paulo;;;
2910800;Feira de Santana;-122664;-389663;0;29;3515;75;America/Sao_Paulo;;;
2702603;Feira Grande;-989859;-366815;0;27;2751;82;America/Sao_Paulo;;;
2605400;Feira Nova;-794704;-353801;0;26;2407;81;America/Sao_Paulo;;;
2802205;Feira Nova;-102616;-373147;0;28;3143;79;America/Sao_Paulo;;;
2104073;Feira Nova do Maranhão;-696508;-466786;0;21;156;99;America/Sao_Paulo;;;
3125408;Felício dos Santos;-180755;-432422;0;31;4507;38;America/Sao_Paulo;;;
2403707;Felipe Guerra;-559274;-376875;0;24;1673;84;America/Sao_Paulo;;;
3125606;Felisburgo;-166348;-407605;0;31;4511;33;America/Sao_Paulo;;;
3125705;Felixlândia;-187507;-449004;0;31;4513;38;America/Sao_Paulo;;;
4308102;Feliz;-294527;-513032;0;43;8659;51;America/Sao_Paulo;;;
2702702;Feliz Deserto;-102935;-363028;0;27;2753;82;America/Sao_Paulo;;;
5103700;Feliz Natal;-12385;-549227;0;51;1036;66;America/Porto_Velho;;;
4107702;Fênix;-239135;-519805;0;41;7551;44;America/Sao_Paulo;;;
4107736;Fernandes Pinheiro;-254107;-505456;0;41;854;42;America/Sao_Paulo;;;
3125804;Fernandes Tourinho;-191541;-420803;0;31;4515;33;America/Sao_Paulo;;;
2605459;Fernando de Noronha;-38396;-324107;0;26;3001;81;America/Noronha;;;
2104081;Fernando Falcão;-616207;-448979;0;21;158;99;America/Sao_Paulo;;;
2403756;Fernando Pedroza;-569096;-365282;0;24;416;84;America/Sao_Paulo;;;
3530805;Mogi Mirim;-224332;-469532;0;35;6717;19;America/Sao_Paulo;;-22,4332;-46,9532
3500303;Aguaí;-220572;-469735;0;35;6105;19;America/Sao_Paulo;;-22,0572;-46,9735
3523800;Itobi;-217309;-469743;0;35;6577;19;America/Sao_Paulo;;-21,7309;-46,9743
3556701;Vinhedo;-230302;-469833;0;35;7237;19;America/Sao_Paulo;;-23,0302;-46,9833
1600238;Ferreira Gomes;857256;-511795;0;16;611;96;America/Sao_Paulo;;;
2605509;Ferreiros;-744666;-352373;0;26;2409;81;America/Sao_Paulo;;;
3125903;Ferros;-192343;-430192;0;31;4517;31;America/Sao_Paulo;;;
3125952;Fervedouro;-20726;-42279;0;31;2683;32;America/Sao_Paulo;;;
4107751;Figueira;-238455;-504031;0;41;8457;43;America/Sao_Paulo;;;
5003900;Figueirão;-186782;-53638;0;50;1178;67;America/Porto_Velho;;;
1707652;Figueirópolis;-121312;-491748;0;17;9667;63;America/Sao_Paulo;;;
5103809;Figueirópolis D'Oeste;-154439;-587391;0;51;9881;65;America/Porto_Velho;;;
1707702;Filadélfia;-733501;-474954;0;17;9355;63;America/Sao_Paulo;;;
2910859;Filadélfia;-107405;-401437;0;29;3091;74;America/Sao_Paulo;;;
2910909;Firmino Alves;-149823;-399269;0;29;3517;73;America/Sao_Paulo;;;
5207808;Firminópolis;-165778;-50304;0;52;9357;64;America/Sao_Paulo;;;
2702801;Flexeiras;-927281;-357139;0;27;2755;82;America/Sao_Paulo;;;
4107850;Flor da Serra do Sul;-262523;-533092;0;41;5475;46;America/Sao_Paulo;;;
4205357;Flor do Sertão;-267811;-533505;0;42;916;49;America/Sao_Paulo;;;
3524709;Jaguariúna;-227037;-469851;0;35;6595;19;America/Sao_Paulo;;-22,7037;-46,9851
4107801;Floraí;-233178;-523029;0;41;7553;44;America/Sao_Paulo;;;
2403806;Florânia;-612264;-368226;0;24;1675;84;America/Sao_Paulo;;;
3556206;Valinhos;-229698;-469974;0;35;7225;19;America/Sao_Paulo;;-22,9698;-46,9974
2605608;Flores;-785842;-379715;0;26;2411;87;America/Sao_Paulo;;;
4308201;Flores da Cunha;-290261;-511875;0;43;8661;54;America/Sao_Paulo;;;
5207907;Flores de Goiás;-144451;-470417;0;52;9359;62;America/Sao_Paulo;;;
2203800;Flores do Piauí;-778793;-42918;0;22;1075;89;America/Sao_Paulo;;;
4107900;Floresta;-236031;-520807;0;41;7555;44;America/Sao_Paulo;;;
2605707;Floresta;-860307;-385687;0;26;2413;87;America/Sao_Paulo;;;
2911006;Floresta Azul;-148629;-396579;0;29;3519;73;America/Sao_Paulo;;;
1503044;Floresta do Araguaia;-755335;-497125;0;15;52;94;America/Sao_Paulo;;;
2203859;Floresta do Piauí;-746682;-417883;0;22;314;89;America/Sao_Paulo;;;
3126000;Florestal;-19888;-444318;0;31;4519;31;America/Sao_Paulo;;;
4108007;Florestópolis;-228623;-513882;0;41;7557;43;America/Sao_Paulo;;;
2203909;Floriano;-677182;-430241;0;22;1077;89;America/Sao_Paulo;;;
4308250;Floriano Peixoto;-278614;-520838;0;43;986;54;America/Sao_Paulo;;;
4205407;Florianópolis;-275945;-485477;1;42;8105;48;America/Sao_Paulo;;;
4108106;Flórida;-230847;-519546;0;41;7559;44;America/Sao_Paulo;;;
3539103;Pirapora do Bom Jesus;-233965;-469991;0;35;6883;11;America/Sao_Paulo;;-23,3965;-46,9991
3537602;Peruíbe;-243120;-470012;0;35;6853;13;America/Sao_Paulo;;-24,3120;-47,0012
1301605;Fonte Boa;-252342;-660942;0;13;233;97;America/Porto_Velho;;;
4308300;Fontoura Xavier;-289817;-523445;0;43;8663;54;America/Sao_Paulo;;;
3126109;Formiga;-204618;-454268;0;31;4521;37;America/Sao_Paulo;;;
4308409;Formigueiro;-300035;-534959;0;43;8665;55;America/Sao_Paulo;;;
5208004;Formosa;-1554;-47337;0;52;9361;61;America/Sao_Paulo;;;
2104099;Formosa da Serra Negra;-644017;-461916;0;21;160;99;America/Sao_Paulo;;;
4108205;Formosa do Oeste;-242951;-533114;0;41;7561;44;America/Sao_Paulo;;;
2911105;Formosa do Rio Preto;-110328;-45193;0;29;3521;77;America/Sao_Paulo;;;
4205431;Formosa do Sul;-266453;-527946;0;42;5581;49;America/Sao_Paulo;;;
5208103;Formoso;-136499;-488775;0;52;9363;62;America/Sao_Paulo;;;
3126208;Formoso;-149446;-462371;0;31;4523;38;America/Sao_Paulo;;;
1708205;Formoso do Araguaia;-117976;-495316;0;17;9365;63;America/Sao_Paulo;;;
4308433;Forquetinha;-293828;-520981;0;43;1142;51;America/Sao_Paulo;;;
2304350;Forquilha;-379945;-402634;0;23;1591;88;America/Sao_Paulo;;;
4205456;Forquilhinha;-287454;-494785;0;42;973;48;America/Sao_Paulo;;;
2304400;Fortaleza;-371664;-385423;1;23;1389;85;America/Sao_Paulo;;;
3126307;Fortaleza de Minas;-208508;-46712;0;31;4525;35;America/Sao_Paulo;;;
1708254;Fortaleza do Tabocão;-905611;-485206;0;17;345;63;America/Sao_Paulo;;;
2104107;Fortaleza dos Nogueiras;-695983;-461749;0;21;779;99;America/Sao_Paulo;;;
4308458;Fortaleza dos Valos;-287986;-532249;0;43;9827;55;America/Sao_Paulo;;;
2304459;Fortim;-445126;-377981;0;23;987;88;America/Sao_Paulo;;;
2104206;Fortuna;-572792;-441565;0;21;781;99;America/Sao_Paulo;;;
3126406;Fortuna de Minas;-195578;-444472;0;31;4527;31;America/Sao_Paulo;;;
4108304;Foz do Iguaçu;-255427;-545827;0;41;7563;45;America/Sao_Paulo;;;
4108452;Foz do Jordão;-257371;-521188;0;41;856;42;America/Sao_Paulo;;;
4205506;Fraiburgo;-270233;-5092;0;42;8107;49;America/Sao_Paulo;;;
3530508;Mococa;-214647;-470024;0;35;6711;19;America/Sao_Paulo;;-21,4647;-47,0024
2204006;Francinópolis;-639334;-422591;0;22;1079;89;America/Sao_Paulo;;;
4108320;Francisco Alves;-240667;-538461;0;41;7977;44;America/Sao_Paulo;;;
2204105;Francisco Ayres;-662606;-426881;0;22;1081;89;America/Sao_Paulo;;;
3126505;Francisco Badaró;-169883;-423568;0;31;4529;33;America/Sao_Paulo;;;
4108403;Francisco Beltrão;-260817;-530535;0;41;7565;46;America/Sao_Paulo;;;
2403905;Francisco Dantas;-607234;-381212;0;24;1677;84;America/Sao_Paulo;;;
3126604;Francisco Dumont;-173107;-442317;0;31;4531;38;America/Sao_Paulo;;;
2204154;Francisco Macedo;-7331;-40788;0;22;316;89;America/Sao_Paulo;;;
3519055;Holambra;-226405;-470487;0;35;2953;19;America/Sao_Paulo;;-22,6405;-47,0487
3126703;Francisco Sá;-164827;-434896;0;31;4533;38;America/Sao_Paulo;;;
2204204;Francisco Santos;-699491;-411288;0;22;1083;89;America/Sao_Paulo;;;
3126752;Franciscópolis;-179578;-420094;0;31;608;33;America/Sao_Paulo;;;
3524006;Itupeva;-231526;-470593;0;35;6581;11;America/Sao_Paulo;;-23,1526;-47,0593
2304509;Frecheirinha;-375557;-40818;0;23;1391;88;America/Sao_Paulo;;;
4308508;Frederico Westphalen;-273586;-533958;0;43;8667;55;America/Sao_Paulo;;;
3126802;Frei Gaspar;-180709;-414325;0;31;4535;33;America/Sao_Paulo;;;
3126901;Frei Inocêncio;-185556;-419121;0;31;4537;33;America/Sao_Paulo;;;
3126950;Frei Lagonegro;-181751;-427617;0;31;610;33;America/Sao_Paulo;;;
2506202;Frei Martinho;-639759;-364526;0;25;2025;83;America/Sao_Paulo;;;
2605806;Frei Miguelinho;-793918;-359113;0;26;2415;81;America/Sao_Paulo;;;
2802304;Frei Paulo;-105513;-375279;0;28;3145;79;America/Sao_Paulo;;;
4205555;Frei Rogério;-27175;-508076;0;42;918;49;America/Sao_Paulo;;;
3127008;Fronteira;-202748;-491984;0;31;4539;34;America/Sao_Paulo;;;
3127057;Fronteira dos Vales;-168898;-40923;0;31;4935;33;America/Sao_Paulo;;;
2204303;Fronteiras;-708173;-406146;0;22;1085;89;America/Sao_Paulo;;;
3127073;Fruta de Leite;-161225;-425288;0;31;612;38;America/Sao_Paulo;;;
3127107;Frutal;-200259;-489355;0;31;4541;34;America/Sao_Paulo;;;
2404002;Frutuoso Gomes;-615669;-378375;0;24;1751;84;America/Sao_Paulo;;;
3202207;Fundão;-19937;-404078;0;32;5643;27;America/Sao_Paulo;;;
3127206;Funilândia;-193661;-44061;0;31;4543;31;America/Sao_Paulo;;;
3502754;Araçariguama;-234366;-470608;0;35;3067;11;America/Sao_Paulo;;-23,4366;-47,0608
2506251;Gado Bravo;-758279;-357899;0;25;480;83;America/Sao_Paulo;;;
3526209;Juquitiba;-239244;-470653;0;35;6625;11;America/Sao_Paulo;;-23,9244;-47,0653
3127305;Galiléia;-190005;-415387;0;31;4545;33;America/Sao_Paulo;;;
2404101;Galinhos;-50909;-362754;0;24;1679;84;America/Sao_Paulo;;;
4205605;Galvão;-264549;-526875;0;42;8109;49;America/Sao_Paulo;;;
2605905;Gameleira;-85798;-353846;0;26;2417;81;America/Sao_Paulo;;;
5208152;Gameleira de Goiás;-164854;-486454;0;52;1072;62;America/Sao_Paulo;;;
3127339;Gameleiras;-150829;-43125;0;31;614;38;America/Sao_Paulo;;;
2911204;Gandu;-137441;-394747;0;29;3523;73;America/Sao_Paulo;;;
2606002;Garanhuns;-888243;-364966;0;26;2419;87;America/Sao_Paulo;;;
2802403;Gararu;-99722;-370869;0;28;3149;79;America/Sao_Paulo;;;
3509502;Campinas;-229053;-470659;0;35;6291;19;America/Sao_Paulo;;-22,9053;-47,0659
4308607;Garibaldi;-29259;-515352;0;43;8669;54;America/Sao_Paulo;;;
4205704;Garopaba;-280275;-486192;0;42;8113;48;America/Sao_Paulo;;;
1503077;Garrafão do Norte;-192986;-470505;0;15;585;91;America/Sao_Paulo;;;
4308656;Garruchos;-281944;-556383;0;43;6081;55;America/Sao_Paulo;;;
4205803;Garuva;-260292;-48852;0;42;8115;47;America/Sao_Paulo;;;
4205902;Gaspar;-269336;-489534;0;42;8117;47;America/Sao_Paulo;;;
3510807;Casa Branca;-217708;-470852;0;35;6317;19;America/Sao_Paulo;;-21,7708;-47,0852
5103858;Gaúcha do Norte;-132443;-530809;0;51;1038;66;America/Porto_Velho;;;
4308706;Gaurama;-275856;-520915;0;43;8671;54;America/Sao_Paulo;;;
2911253;Gavião;-114688;-397757;0;29;3093;75;America/Sao_Paulo;;;
3550605;São Roque;-235226;-471357;0;35;7113;11;America/Sao_Paulo;;-23,5226;-47,1357
2204352;Geminiano;-715476;-413409;0;22;318;89;America/Sao_Paulo;;;
4308805;General Câmara;-299032;-517612;0;43;8673;51;America/Sao_Paulo;;;
5103908;General Carneiro;-157094;-527574;0;51;9077;66;America/Porto_Velho;;;
4108502;General Carneiro;-26425;-513172;0;41;7567;42;America/Sao_Paulo;;;
2802502;General Maynard;-106835;-369838;0;28;3147;79;America/Sao_Paulo;;;
3508405;Cabreúva;-233053;-471362;0;35;6269;11;America/Sao_Paulo;;-23,3053;-47,1362
2304608;General Sampaio;-404351;-39454;0;23;1393;85;America/Sao_Paulo;;;
4308854;Gentil;-284316;-520337;0;43;5799;54;America/Sao_Paulo;;;
2911303;Gentio do Ouro;-114342;-425077;0;29;3525;74;America/Sao_Paulo;;;
3547908;Santo Antônio da Alegria;-210864;-471464;0;35;7059;16;America/Sao_Paulo;;-21,0864;-47,1464
4308904;Getúlio Vargas;-278911;-522294;0;43;8677;54;America/Sao_Paulo;;;
2204402;Gilbués;-983001;-453423;0;22;1087;89;America/Sao_Paulo;;;
2702900;Girau do Ponciano;-988404;-368316;0;27;2757;82;America/Sao_Paulo;;;
4309001;Giruá;-280297;-543517;0;43;8679;55;America/Sao_Paulo;;;
3127354;Glaucilândia;-168481;-43692;0;31;616;38;America/Sao_Paulo;;;
3536505;Paulínia;-227542;-471488;0;35;6831;19;America/Sao_Paulo;;-22,7542;-47,1488
2911402;Glória;-934382;-382544;0;29;3527;75;America/Sao_Paulo;;;
5103957;Glória D'Oeste;-15768;-583108;0;51;135;65;America/Porto_Velho;;;
5004007;Glória de Dourados;-224136;-542335;0;50;9079;67;America/Porto_Velho;;;
2606101;Glória do Goitá;-800568;-352904;0;26;2421;81;America/Sao_Paulo;;;
4309050;Glorinha;-298798;-507734;0;43;8407;51;America/Sao_Paulo;;;
2104305;Godofredo Viana;-140259;-457795;0;21;783;98;America/Sao_Paulo;;;
4108551;Godoy Moreira;-24173;-519246;0;41;9947;43;America/Sao_Paulo;;;
3127370;Goiabeira;-189807;-412235;0;31;618;33;America/Sao_Paulo;;;
3127388;Goianá;-21536;-431957;0;31;620;32;America/Sao_Paulo;;;
2606200;Goiana;-75606;-349959;0;26;2423;81;America/Sao_Paulo;;;
5208400;Goianápolis;-165098;-490234;0;52;9367;62;America/Sao_Paulo;;;
5208509;Goiandira;-181352;-480875;0;52;9369;64;America/Sao_Paulo;;;
5208608;Goianésia;-153118;-491162;0;52;9371;62;America/Sao_Paulo;;;
1503093;Goianésia do Pará;-384338;-490974;0;15;627;94;America/Sao_Paulo;;;
5208707;Goiânia;-166864;-492643;1;52;9373;62;America/Sao_Paulo;;;
2404200;Goianinha;-626486;-351943;0;24;1681;84;America/Sao_Paulo;;;
5208806;Goianira;-164947;-49427;0;52;9375;62;America/Sao_Paulo;;;
1708304;Goianorte;-877413;-489313;0;17;9699;63;America/Sao_Paulo;;;
5208905;Goiás;-159333;-5014;0;52;9377;62;America/Sao_Paulo;;;
1709005;Goiatins;-771478;-473252;0;17;9533;63;America/Sao_Paulo;;;
5209101;Goiatuba;-180105;-493658;0;52;9379;64;America/Sao_Paulo;;;
4108601;Goioerê;-241835;-530248;0;41;7569;44;America/Sao_Paulo;;;
4108650;Goioxim;-251927;-519911;0;41;858;42;America/Sao_Paulo;;;
3127404;Gonçalves;-226545;-458556;0;31;4547;35;America/Sao_Paulo;;;
2104404;Gonçalves Dias;-51475;-443013;0;21;785;99;America/Sao_Paulo;;;
2911501;Gongogi;-143195;-39469;0;29;3529;73;America/Sao_Paulo;;;
3127503;Gonzaga;-188196;-424769;0;31;4549;33;America/Sao_Paulo;;;
3127602;Gouveia;-184519;-437423;0;31;4551;38;America/Sao_Paulo;;;
5209150;Gouvelândia;-186238;-500805;0;52;9799;64;America/Sao_Paulo;;;
2104503;Governador Archer;-502078;-442754;0;21;787;99;America/Sao_Paulo;;;
4206009;Governador Celso Ramos;-273172;-485576;0;42;8111;48;America/Sao_Paulo;;;
2404309;Governador Dix-Sept Rosado;-544887;-375183;0;24;1683;84;America/Sao_Paulo;;;
2104552;Governador Edison Lobão;-574973;-473646;0;21;162;99;America/Sao_Paulo;;;
2104602;Governador Eugênio Barros;-531897;-442469;0;21;789;99;America/Sao_Paulo;;;
1101005;Governador Jorge Teixeira;-1061;-627371;0;11;693;69;America/Porto_Velho;;;
3202256;Governador Lindenberg;-191864;-404473;0;32;1114;27;America/Sao_Paulo;;;
2104628;Governador Luiz Rocha;-547835;-440774;0;21;164;99;America/Sao_Paulo;;;
2911600;Governador Mangabeira;-125994;-390412;0;29;3531;75;America/Sao_Paulo;;;
2104651;Governador Newton Bello;-343245;-456619;0;21;166;98;America/Sao_Paulo;;;
2104677;Governador Nunes Freire;-212899;-458777;0;21;168;98;America/Sao_Paulo;;;
3127701;Governador Valadares;-188545;-419555;0;31;4553;33;America/Sao_Paulo;;;
2304657;Graça;-404422;-40749;0;23;1249;88;America/Sao_Paulo;;;
2104701;Graça Aranha;-540547;-443358;0;21;791;99;America/Sao_Paulo;;;
2802601;Gracho Cardoso;-102252;-372006;0;28;3151;79;America/Sao_Paulo;;;
2104800;Grajaú;-581367;-461462;0;21;793;99;America/Sao_Paulo;;;
4309100;Gramado;-293734;-508762;0;43;8681;54;America/Sao_Paulo;;;
4309126;Gramado dos Loureiros;-274429;-529149;0;43;5949;54;America/Sao_Paulo;;;
4309159;Gramado Xavier;-292706;-525795;0;43;5763;51;America/Sao_Paulo;;;
4108700;Grandes Rios;-241466;-515094;0;41;7959;43;America/Sao_Paulo;;;
2606309;Granito;-770711;-39615;0;26;2425;87;America/Sao_Paulo;;;
2304707;Granja;-312788;-408372;0;23;1395;88;America/Sao_Paulo;;;
2304806;Granjeiro;-688134;-392144;0;23;1397;88;America/Sao_Paulo;;;
3127800;Grão Mogol;-165662;-428923;0;31;4555;38;America/Sao_Paulo;;;
4206108;Grão Pará;-281809;-492252;0;42;8119;48;America/Sao_Paulo;;;
2606408;Gravatá;-821118;-355675;0;26;2427;81;America/Sao_Paulo;;;
4309209;Gravataí;-299413;-509869;0;43;8683;51;America/Sao_Paulo;;;
4206207;Gravatal;-283208;-490427;0;42;8121;48;America/Sao_Paulo;;;
2304905;Groaíras;-391787;-403852;0;23;1399;88;America/Sao_Paulo;;;
2404408;Grossos;-498068;-371621;0;24;1685;84;America/Sao_Paulo;;;
3127909;Grupiara;-185003;-477318;0;31;4557;34;America/Sao_Paulo;;;
4309258;Guabiju;-285421;-516948;0;43;8405;54;America/Sao_Paulo;;;
4206306;Guabiruba;-270808;-489804;0;42;8123;47;America/Sao_Paulo;;;
3202306;Guaçuí;-207668;-416734;0;32;5645;28;America/Sao_Paulo;;;
2204501;Guadalupe;-678285;-435594;0;22;1089;89;America/Sao_Paulo;;;
4309308;Guaíba;-301086;-513233;0;43;8685;51;America/Sao_Paulo;;;
3510906;Cássia dos Coqueiros;-212801;-471643;0;35;6319;16;America/Sao_Paulo;;-21,2801;-47,1643
3503802;Artur Nogueira;-225727;-471727;0;35;6175;19;America/Sao_Paulo;;-22,5727;-47,1727
3512209;Conchal;-223375;-471729;0;35;6345;19;America/Sao_Paulo;;-22,3375;-47,1729
4108809;Guaíra;-24085;-542573;0;41;7571;44;America/Sao_Paulo;;;
4108908;Guairaçá;-22932;-526906;0;41;7573;44;America/Sao_Paulo;;;
2304954;Guaiúba;-404057;-386404;0;23;1251;85;America/Sao_Paulo;;;
1301654;Guajará;-753797;-725907;0;13;967;97;America/Rio_Branco;;;
1100106;Guajará-Mirim;-107889;-653296;0;11;1;69;America/Porto_Velho;;;
2911659;Guajeru;-145467;-419381;0;29;3095;77;America/Sao_Paulo;;;
2404507;Guamaré;-510619;-363222;0;24;1687;84;America/Sao_Paulo;;;
4108957;Guamiranga;-251912;-508021;0;41;860;42;America/Sao_Paulo;;;
2911709;Guanambi;-142231;-427799;0;29;3533;77;America/Sao_Paulo;;;
3128006;Guanhães;-187713;-429312;0;31;4559;33;America/Sao_Paulo;;;
3128105;Guapé;-207631;-459152;0;31;4561;35;America/Sao_Paulo;;;
3523305;Itariri;-242834;-471736;0;35;6567;13;America/Sao_Paulo;;-24,2834;-47,1736
3512803;Cosmópolis;-226419;-471926;0;35;6357;19;America/Sao_Paulo;;-22,6419;-47,1926
3301850;Guapimirim;-225347;-429895;0;33;2907;21;America/Sao_Paulo;;;
4109005;Guapirama;-235203;-500407;0;41;7575;43;America/Sao_Paulo;;;
5209200;Guapó;-168297;-495345;0;52;9381;62;America/Sao_Paulo;;;
4309407;Guaporé;-288399;-518895;0;43;8687;54;America/Sao_Paulo;;;
4109104;Guaporema;-233402;-527786;0;41;7577;44;America/Sao_Paulo;;;
3520509;Indaiatuba;-230816;-472101;0;35;6511;19;America/Sao_Paulo;;-23,0816;-47,2101
2506301;Guarabira;-685064;-35485;0;25;2027;83;America/Sao_Paulo;;;
3519071;Hortolândia;-228529;-472143;0;35;2951;19;America/Sao_Paulo;;-22,8529;-47,2143
3523701;Itirapuã;-206416;-472194;0;35;6575;16;America/Sao_Paulo;;-20,6416;-47,2194
4109203;Guaraci;-229694;-516504;0;41;7579;43;America/Sao_Paulo;;;
3128204;Guaraciaba;-205716;-430094;0;31;4563;31;America/Sao_Paulo;;;
4206405;Guaraciaba;-266042;-535243;0;42;8125;49;America/Sao_Paulo;;;
2305001;Guaraciaba do Norte;-415814;-407476;0;23;1401;88;America/Sao_Paulo;;;
3128253;Guaraciama;-170142;-436675;0;31;622;38;America/Sao_Paulo;;;
1709302;Guaraí;-883543;-485114;0;17;9627;63;America/Sao_Paulo;;;
5209291;Guaraíta;-156121;-500265;0;52;65;62;America/Sao_Paulo;;;
2305100;Guaramiranga;-426248;-38932;0;23;1403;85;America/Sao_Paulo;;;
4206504;Guaramirim;-264688;-490026;0;42;8127;47;America/Sao_Paulo;;;
3128303;Guaranésia;-213009;-467964;0;31;4565;35;America/Sao_Paulo;;;
3128402;Guarani;-213563;-430328;0;31;4567;32;America/Sao_Paulo;;;
3537206;Pedro de Toledo;-242764;-472354;0;35;6845;13;America/Sao_Paulo;;-24,2764;-47,2354
4309506;Guarani das Missões;-281491;-545629;0;43;8689;55;America/Sao_Paulo;;;
5209408;Guarani de Goiás;-139421;-464868;0;52;9383;62;America/Sao_Paulo;;;
4109302;Guaraniaçu;-250968;-528755;0;41;7581;45;America/Sao_Paulo;;;
3501152;Alumínio;-235306;-472546;0;35;3065;11;America/Sao_Paulo;;-23,5306;-47,2546
5104104;Guarantã do Norte;-996218;-549121;0;51;9887;66;America/Porto_Velho;;;
3202405;Guarapari;-206772;-405093;0;32;5647;27;America/Sao_Paulo;;;
4109401;Guarapuava;-253902;-514623;0;41;7583;42;America/Sao_Paulo;;;
4109500;Guaraqueçaba;-253071;-483204;0;41;7585;41;America/Sao_Paulo;;;
3128501;Guarará;-217304;-430334;0;31;4569;32;America/Sao_Paulo;;;
3553302;Tambaú;-217029;-472703;0;35;7167;19;America/Sao_Paulo;;-21,7029;-47,2703
3552403;Sumaré;-228204;-472728;0;35;7149;19;America/Sao_Paulo;;-22,8204;-47,2728
2911808;Guaratinga;-165833;-397847;0;29;3535;73;America/Sao_Paulo;;;
3536307;Patrocínio Paulista;-206384;-472801;0;35;6827;16;America/Sao_Paulo;;-20,6384;-47,2801
4109609;Guaratuba;-258817;-485752;0;41;7587;41;America/Sao_Paulo;;;
3128600;Guarda-Mor;-177673;-470998;0;31;4571;38;America/Sao_Paulo;;;
3523909;Itu;-232544;-472927;0;35;6579;11;America/Sao_Paulo;;-23,2544;-47,2927
3545209;Salto;-231996;-472931;0;35;7005;11;America/Sao_Paulo;;-23,1996;-47,2931
2204550;Guaribas;-938647;-436943;0;22;320;89;America/Sao_Paulo;;;
5209457;Guarinos;-147292;-497006;0;52;9993;62;America/Sao_Paulo;;;
3533403;Nova Odessa;-227832;-472941;0;35;6769;19;America/Sao_Paulo;;-22,7832;-47,2941
4206603;Guarujá do Sul;-263858;-535296;0;42;8129;49;America/Sao_Paulo;;;
3531803;Monte Mor;-229450;-473122;0;35;6737;19;America/Sao_Paulo;;-22,9450;-47,3122
4206652;Guatambú;-271341;-527887;0;42;5583;49;America/Sao_Paulo;;;
3501608;Americana;-227374;-473331;0;35;6131;19;America/Sao_Paulo;;-22,7374;-47,3331
3128709;Guaxupé;-21305;-467081;0;31;4573;35;America/Sao_Paulo;;;
5004106;Guia Lopes da Laguna;-214583;-561117;0;50;9081;67;America/Porto_Velho;;;
3128808;Guidoval;-21155;-427887;0;31;4575;32;America/Sao_Paulo;;;
2104909;Guimarães;-212755;-44602;0;21;795;98;America/Sao_Paulo;;;
3128907;Guimarânia;-188425;-467901;0;31;4577;34;America/Sao_Paulo;;;
5104203;Guiratinga;-16346;-537575;0;51;9083;66;America/Porto_Velho;;;
3129004;Guiricema;-210098;-427207;0;31;4579;32;America/Sao_Paulo;;;
3129103;Gurinhatã;-192143;-497876;0;31;4581;34;America/Sao_Paulo;;;
2506400;Gurinhém;-71233;-354222;0;25;2029;83;America/Sao_Paulo;;;
2506509;Gurjão;-724833;-364923;0;25;2031;83;America/Sao_Paulo;;;
1503101;Gurupá;-141412;-516338;0;15;461;91;America/Sao_Paulo;;;
1709500;Gurupi;-117279;-49068;0;17;9385;63;America/Sao_Paulo;;;
3547601;Santa Rosa de Viterbo;-214776;-473622;0;35;7053;16;America/Sao_Paulo;;-21,4776;-47,3622
4309555;Harmonia;-295456;-514185;0;43;8403;51;America/Sao_Paulo;;;
5209606;Heitoraí;-15719;-498268;0;52;9387;62;America/Sao_Paulo;;;
3129202;Heliodora;-220644;-455453;0;31;4583;35;America/Sao_Paulo;;;
2911857;Heliópolis;-106825;-382907;0;29;3097;75;America/Sao_Paulo;;;
3514908;Elias Fausto;-230428;-473682;0;35;6399;19;America/Sao_Paulo;;-23,0428;-47,3682
4307104;Herval;-32024;-533944;0;43;8639;53;America/Sao_Paulo;;;
4206702;Herval d'Oeste;-271903;-514917;0;42;8131;49;America/Sao_Paulo;;;
4309571;Herveiras;-294552;-526553;0;43;988;51;America/Sao_Paulo;;;
5209705;Hidrolândia;-169626;-492265;0;52;9389;62;America/Sao_Paulo;;;
2305209;Hidrolândia;-440958;-404056;0;23;1405;88;America/Sao_Paulo;;;
5209804;Hidrolina;-147261;-494634;0;52;9391;62;America/Sao_Paulo;;;
3501004;Altinópolis;-210214;-473712;0;35;6119;16;America/Sao_Paulo;;-21,0214;-47,3712
4109658;Honório Serpa;-26139;-523848;0;41;9981;46;America/Sao_Paulo;;;
2305233;Horizonte;-41209;-384707;0;23;1253;85;America/Sao_Paulo;;;
4309605;Horizontina;-276282;-543053;0;43;8691;55;America/Sao_Paulo;;;
3526704;Leme;-221809;-473841;0;35;6635;19;America/Sao_Paulo;;-22,1809;-47,3841
2204600;Hugo Napoleão;-59886;-425598;0;22;1091;86;America/Sao_Paulo;;;
4309654;Hulha Negra;-314067;-538667;0;43;6085;53;America/Sao_Paulo;;;
4309704;Humaitá;-275691;-539695;0;43;8695;55;America/Sao_Paulo;;;
1301704;Humaitá;-751171;-630327;0;13;235;97;America/Porto_Velho;;;
2105005;Humberto de Campos;-259828;-434649;0;21;797;98;America/Sao_Paulo;;;
3503307;Araras;-223572;-473842;0;35;6165;19;America/Sao_Paulo;;-22,3572;-47,3842
5209903;Iaciara;-141011;-466335;0;52;9393;62;America/Sao_Paulo;;;
3516200;Franca;-205352;-474039;0;35;6425;16;America/Sao_Paulo;;-20,5352;-47,4039
2911907;Iaçu;-127666;-402056;0;29;3537;75;America/Sao_Paulo;;;
3129301;Iapu;-194387;-422147;0;31;4585;33;America/Sao_Paulo;;;
3545803;Santa Bárbara d'Oeste;-227553;-474143;0;35;7017;19;America/Sao_Paulo;;-22,7553;-47,4143
2606507;Iati;-904559;-368498;0;26;2429;87;America/Sao_Paulo;;;
4109708;Ibaiti;-238478;-501932;0;41;7589;43;America/Sao_Paulo;;;
4309753;Ibarama;-294203;-531295;0;43;8401;51;America/Sao_Paulo;;;
2305266;Ibaretama;-480376;-387501;0;23;1255;88;America/Sao_Paulo;;;
3513207;Cristais Paulista;-204036;-474209;0;35;6365;16;America/Sao_Paulo;;-20,4036;-47,4209
2703007;Ibateguara;-897823;-359373;0;27;2759;82;America/Sao_Paulo;;;
3202454;Ibatiba;-202347;-415087;0;32;5709;28;America/Sao_Paulo;;;
4109757;Ibema;-251193;-530072;0;41;9949;45;America/Sao_Paulo;;;
3129400;Ibertioga;-21433;-439639;0;31;4587;32;America/Sao_Paulo;;;
3129509;Ibiá;-194749;-465474;0;31;4589;34;America/Sao_Paulo;;;
4309803;Ibiaçá;-280566;-518599;0;43;8697;54;America/Sao_Paulo;;;
3129608;Ibiaí;-168591;-449046;0;31;4591;38;America/Sao_Paulo;;;
4206751;Ibiam;-271847;-512352;0;42;920;49;America/Sao_Paulo;;;
2305308;Ibiapina;-392403;-408911;0;23;1407;88;America/Sao_Paulo;;;
2506608;Ibiara;-747957;-384059;0;25;2033;83;America/Sao_Paulo;;;
2912004;Ibiassucê;-142711;-42257;0;29;3539;77;America/Sao_Paulo;;;
2912103;Ibicaraí;-148579;-395914;0;29;3541;73;America/Sao_Paulo;;;
4206801;Ibicaré;-270881;-513681;0;42;8133;49;America/Sao_Paulo;;;
2912202;Ibicoara;-134059;-41284;0;29;3543;77;America/Sao_Paulo;;;
2912301;Ibicuí;-14845;-399879;0;29;3545;73;America/Sao_Paulo;;;
2305332;Ibicuitinga;-496999;-386362;0;23;1257;88;America/Sao_Paulo;;;
2606606;Ibimirim;-854026;-377032;0;26;2431;87;America/Sao_Paulo;;;
2912400;Ibipeba;-116438;-420195;0;29;3547;74;America/Sao_Paulo;;;
2912509;Ibipitanga;-128804;-424856;0;29;3551;77;America/Sao_Paulo;;;
4109807;Ibiporã;-232659;-510522;0;41;7591;43;America/Sao_Paulo;;;
2912608;Ibiquera;-126444;-409338;0;29;3553;75;America/Sao_Paulo;;;
3537800;Piedade;-237139;-474256;0;35;6857;15;America/Sao_Paulo;;-23,7139;-47,4256
3129657;Ibiracatu;-156605;-441667;0;31;624;38;America/Sao_Paulo;;;
3129707;Ibiraci;-204611;-471222;0;31;4593;35;America/Sao_Paulo;;;
3202504;Ibiraçu;-198366;-403732;0;32;5649;27;America/Sao_Paulo;;;
4309902;Ibiraiaras;-283741;-516377;0;43;8699;54;America/Sao_Paulo;;;
2606705;Ibirajuba;-857633;-361812;0;26;2433;87;America/Sao_Paulo;;;
4206900;Ibirama;-270547;-495193;0;42;8135;47;America/Sao_Paulo;;;
2912707;Ibirapitanga;-141649;-393787;0;29;3555;73;America/Sao_Paulo;;;
2912806;Ibirapuã;-176832;-401129;0;29;3557;73;America/Sao_Paulo;;;
4309951;Ibirapuitã;-286247;-525158;0;43;7299;54;America/Sao_Paulo;;;
3539301;Pirassununga;-219960;-474257;0;35;6887;19;America/Sao_Paulo;;-21,9960;-47,4257
2912905;Ibirataia;-140643;-396459;0;29;3559;73;America/Sao_Paulo;;;
3129806;Ibirité;-200252;-440569;0;31;4595;31;America/Sao_Paulo;;;
4310009;Ibirubá;-286302;-530961;0;43;8701;54;America/Sao_Paulo;;;
2913002;Ibitiara;-126502;-422179;0;29;3561;77;America/Sao_Paulo;;;
3543600;Rifaina;-200803;-474291;0;35;6973;16;America/Sao_Paulo;;-20,0803;-47,4291
3202553;Ibitirama;-205466;-416667;0;32;6011;28;America/Sao_Paulo;;;
2913101;Ibititá;-115414;-419748;0;29;3563;74;America/Sao_Paulo;;;
3129905;Ibitiúra de Minas;-220604;-464368;0;31;4597;35;America/Sao_Paulo;;;
3130002;Ibituruna;-211541;-447479;0;31;4599;35;America/Sao_Paulo;;;
3546256;Santa Cruz da Esperança;-212951;-474304;0;35;820;16;America/Sao_Paulo;;-21,2951;-47,4304
2913200;Ibotirama;-121779;-432167;0;29;3565;77;America/Sao_Paulo;;;
2305357;Icapuí;-471206;-373531;0;23;1593;88;America/Sao_Paulo;;;
4207007;Içara;-287132;-493087;0;42;8137;48;America/Sao_Paulo;;;
3130051;Icaraí de Minas;-16214;-449034;0;31;2693;38;America/Sao_Paulo;;;
4109906;Icaraíma;-233944;-53615;0;41;7593;44;America/Sao_Paulo;;;
2105104;Icatu;-277206;-440501;0;21;799;98;America/Sao_Paulo;;;
3557006;Votorantim;-235446;-474388;0;35;7243;15;America/Sao_Paulo;;-23,5446;-47,4388
2913309;Ichu;-117431;-391905;0;29;3567;75;America/Sao_Paulo;;;
2305407;Icó;-639627;-388554;0;23;1409;88;America/Sao_Paulo;;;
3202603;Iconha;-207913;-408132;0;32;5651;28;America/Sao_Paulo;;;
2404606;Ielmo Marinho;-582447;-3555;0;24;1689;84;America/Sao_Paulo;;;
3552205;Sorocaba;-234969;-474451;0;35;7145;15;America/Sao_Paulo;;-23,4969;-47,4451
2703106;Igaci;-953768;-366372;0;27;2761;82;America/Sao_Paulo;;;
2913408;Igaporã;-13774;-427155;0;29;3569;77;America/Sao_Paulo;;;
3546207;Santa Cruz da Conceição;-221405;-474512;0;35;7025;19;America/Sao_Paulo;;-22,1405;-47,4512
2502607;Igaracy;-717184;-381478;0;25;1953;83;America/Sao_Paulo;;;
3512407;Cordeirópolis;-224778;-474519;0;35;6349;19;America/Sao_Paulo;;-22,4778;-47,4519
3130101;Igarapé;-200707;-442994;0;31;4601;31;America/Sao_Paulo;;;
2105153;Igarapé do Meio;-365771;-452114;0;21;170;98;America/Sao_Paulo;;;
2105203;Igarapé Grande;-46625;-448558;0;21;801;99;America/Sao_Paulo;;;
1503200;Igarapé-Açu;-112539;-47626;0;15;463;91;America/Sao_Paulo;;;
1503309;Igarapé-Miri;-197533;-489575;0;15;465;91;America/Sao_Paulo;;;
2606804;Igarassu;-782881;-349013;0;26;2435;81;America/Sao_Paulo;;;
3529906;Miracatu;-242766;-474625;0;35;6699;13;America/Sao_Paulo;;-24,2766;-47,4625
3130200;Igaratinga;-199476;-447063;0;31;4603;37;America/Sao_Paulo;;;
2913457;Igrapiúna;-138295;-391361;0;29;3277;73;America/Sao_Paulo;;;
2703205;Igreja Nova;-101235;-366597;0;27;2763;82;America/Sao_Paulo;;;
4310108;Igrejinha;-295693;-507919;0;43;8703;51;America/Sao_Paulo;;;
3301876;Iguaba Grande;-228495;-422299;0;33;774;22;America/Sao_Paulo;;;
2913507;Iguaí;-147528;-400894;0;29;3571;73;America/Sao_Paulo;;;
3537008;Pedregulho;-202535;-474775;0;35;6841;16;America/Sao_Paulo;;-20,2535;-47,4775
4110003;Iguaraçu;-231949;-518256;0;41;7595;44;America/Sao_Paulo;;;
2606903;Iguaracy;-783222;-375082;0;26;2437;87;America/Sao_Paulo;;;
3130309;Iguatama;-201776;-457111;0;31;4605;37;America/Sao_Paulo;;;
5004304;Iguatemi;-236736;-545637;0;50;9085;67;America/Porto_Velho;;;
2305506;Iguatu;-636281;-392892;0;23;1411;88;America/Sao_Paulo;;;
4110052;Iguatu;-247153;-530827;0;41;5467;45;America/Sao_Paulo;;;
3130408;Ijaci;-211738;-449233;0;31;4607;35;America/Sao_Paulo;;;
4310207;Ijuí;-28388;-5392;0;43;8705;55;America/Sao_Paulo;;;
3542701;Restinga;-206056;-474833;0;35;6955;16;America/Sao_Paulo;;-20,6056;-47,4833
2802700;Ilha das Flores;-104425;-365479;0;28;3153;79;America/Sao_Paulo;;;
2607604;Ilha de Itamaracá;-774766;-348303;0;26;2451;81;America/Sao_Paulo;;;
2204659;Ilha Grande;-285774;-418186;0;22;322;86;America/Sao_Paulo;;;
3553500;Tapiraí;-239612;-475062;0;35;7171;15;America/Sao_Paulo;;-23,9612;-47,5062
3510401;Capivari;-229951;-475071;0;35;6309;19;America/Sao_Paulo;;-22,9951;-47,5071
2913606;Ilhéus;-14793;-39046;0;29;3573;73;America/Sao_Paulo;;;
4207106;Ilhota;-269023;-488251;0;42;8139;47;America/Sao_Paulo;;;
3130507;Ilicínea;-209402;-458308;0;31;4609;35;America/Sao_Paulo;;;
4310306;Ilópolis;-289282;-521258;0;43;8707;51;America/Sao_Paulo;;;
2506707;Imaculada;-73889;-375079;0;25;2035;83;America/Sao_Paulo;;;
4207205;Imaruí;-283339;-48817;0;42;8141;48;America/Sao_Paulo;;;
4110078;Imbaú;-24448;-507533;0;41;862;42;America/Sao_Paulo;;;
4310330;Imbé;-299753;-501281;0;43;7297;51;America/Sao_Paulo;;;
3130556;Imbé de Minas;-196017;-419695;0;31;626;33;America/Sao_Paulo;;;
4207304;Imbituba;-282284;-486659;0;42;8143;48;America/Sao_Paulo;;;
4110102;Imbituva;-252285;-505989;0;41;7597;42;America/Sao_Paulo;;;
4207403;Imbuia;-274908;-494218;0;42;8145;47;America/Sao_Paulo;;;
4310363;Imigrante;-293508;-517748;0;43;7295;51;America/Sao_Paulo;;;
2105302;Imperatriz;-551847;-474777;0;21;803;99;America/Sao_Paulo;;;
4110201;Inácio Martins;-255704;-510769;0;41;7599;42;America/Sao_Paulo;;;
5209937;Inaciolândia;-184869;-499888;0;52;69;64;America/Sao_Paulo;;;
2607000;Inajá;-890206;-378351;0;26;2439;87;America/Sao_Paulo;;;
4110300;Inajá;-227509;-521995;0;41;7601;44;America/Sao_Paulo;;;
3130606;Inconfidentes;-223136;-463264;0;31;4611;35;America/Sao_Paulo;;;
3130655;Indaiabira;-154911;-422005;0;31;628;38;America/Sao_Paulo;;;
4207502;Indaial;-268992;-492354;0;42;8147;47;America/Sao_Paulo;;;
3540606;Porto Feliz;-232093;-475251;0;35;6913;15;America/Sao_Paulo;;-23,2093;-47,5251
4310405;Independência;-278354;-541886;0;43;8709;55;America/Sao_Paulo;;;
2305605;Independência;-538789;-403085;0;23;1413;88;America/Sao_Paulo;;;
3546702;Santa Gertrudes;-224572;-475272;0;35;7035;19;America/Sao_Paulo;;-22,4572;-47,5272
4110409;Indianópolis;-234762;-526989;0;41;7961;44;America/Sao_Paulo;;;
3130705;Indianópolis;-190341;-479155;0;31;4613;34;America/Sao_Paulo;;;
3542107;Rafard;-230105;-475318;0;35;6943;19;America/Sao_Paulo;;-23,0105;-47,5318
5209952;Indiara;-171387;-499862;0;52;9681;64;America/Sao_Paulo;;;
2802809;Indiaroba;-115157;-37515;0;28;3155;79;America/Sao_Paulo;;;
5104500;Indiavaí;-154921;-585802;0;51;9877;65;America/Porto_Velho;;;
2506806;Ingá;-728144;-35605;0;25;2037;83;America/Sao_Paulo;;;
3130804;Ingaí;-214024;-449152;0;31;4615;35;America/Sao_Paulo;;;
2607109;Ingazeira;-766909;-374576;0;26;2441;87;America/Sao_Paulo;;;
4310413;Inhacorá;-278752;-54015;0;43;6051;55;America/Sao_Paulo;;;
2913705;Inhambupe;-11781;-38355;0;29;3575;75;America/Sao_Paulo;;;
1503408;Inhangapi;-14349;-479114;0;15;467;91;America/Sao_Paulo;;;
2703304;Inhapi;-922594;-377509;0;27;2765;82;America/Sao_Paulo;;;
3130903;Inhapim;-195476;-421147;0;31;4617;33;America/Sao_Paulo;;;
3131000;Inhaúma;-194898;-443934;0;31;4619;31;America/Sao_Paulo;;;
2204709;Inhuma;-6665;-417041;0;22;1093;89;America/Sao_Paulo;;;
5210000;Inhumas;-163611;-495001;0;52;9395;62;America/Sao_Paulo;;;
3131109;Inimutaba;-187271;-443584;0;31;4621;38;America/Sao_Paulo;;;
5004403;Inocência;-197277;-519281;0;50;9087;67;America/Porto_Velho;;;
3520426;Ilha Comprida;-247307;-475383;0;35;2969;13;America/Sao_Paulo;;-24,7307;-47,5383
4207577;Iomerê;-270019;-512442;0;42;922;49;America/Sao_Paulo;;;
3131158;Ipaba;-194158;-424139;0;31;2665;31;America/Sao_Paulo;;;
5210109;Ipameri;-177215;-481581;0;52;9397;64;America/Sao_Paulo;;;
3131208;Ipanema;-197992;-417164;0;31;4623;33;America/Sao_Paulo;;;
2404705;Ipanguaçu;-548984;-368501;0;24;1691;84;America/Sao_Paulo;;;
2305654;Ipaporanga;-489764;-407537;0;23;1259;88;America/Sao_Paulo;;;
3131307;Ipatinga;-194703;-425476;0;31;4625;31;America/Sao_Paulo;;;
2305704;Ipaumirim;-678265;-387179;0;23;1415;88;America/Sao_Paulo;;;
3550902;São Simão;-214732;-475518;0;35;7119;16;America/Sao_Paulo;;-21,4732;-47,5518
4310439;Ipê;-288171;-512859;0;43;8399;54;America/Sao_Paulo;;;
2913804;Ipecaetá;-123028;-393069;0;29;3577;75;America/Sao_Paulo;;;
3520301;Iguape;-246990;-475537;0;35;6507;13;America/Sao_Paulo;;-24,6990;-47,5537
3543907;Rio Claro;-223984;-475546;0;35;6979;19;America/Sao_Paulo;;-22,3984;-47,5546
3131406;Ipiaçu;-186927;-499436;0;31;4627;34;America/Sao_Paulo;;;
2913903;Ipiaú;-141226;-397353;0;29;3579;73;America/Sao_Paulo;;;
3551405;Serra Azul;-213074;-475602;0;35;7129;16;America/Sao_Paulo;;-21,3074;-47,5602
2914000;Ipirá;-121561;-397359;0;29;3581;75;America/Sao_Paulo;;;
4207601;Ipira;-274038;-517758;0;42;8149;49;America/Sao_Paulo;;;
4110508;Ipiranga;-250238;-505794;0;41;7603;42;America/Sao_Paulo;;;
5210158;Ipiranga de Goiás;-151689;-496695;0;52;1074;62;America/Sao_Paulo;;;
5104526;Ipiranga do Norte;-122408;-561531;0;51;1184;65;America/Porto_Velho;;;
2204808;Ipiranga do Piauí;-682421;-417381;0;22;1095;89;America/Sao_Paulo;;;
4310462;Ipiranga do Sul;-279404;-524271;0;43;7399;54;America/Sao_Paulo;;;
1301803;Ipixuna;-704791;-716934;0;13;239;97;America/Rio_Branco;;;
1503457;Ipixuna do Pará;-255992;-475059;0;15;621;91;America/Sao_Paulo;;;
2607208;Ipojuca;-839303;-350609;0;26;2443;81;America/Sao_Paulo;;;
4110607;Iporã;-240083;-53706;0;41;7605;44;America/Sao_Paulo;;;
5210208;Iporá;-164398;-51118;0;52;9399;64;America/Sao_Paulo;;;
4207650;Iporã do Oeste;-269854;-535355;0;42;9951;49;America/Sao_Paulo;;;
3545308;Salto de Pirapora;-236474;-475743;0;35;7007;15;America/Sao_Paulo;;-23,6474;-47,5743
2305803;Ipu;-431748;-407059;0;23;1417;88;America/Sao_Paulo;;;
3543105;Ribeirão Corrente;-204579;-475904;0;35;6963;16;America/Sao_Paulo;;-20,4579;-47,5904
4207684;Ipuaçu;-26635;-524556;0;42;5737;49;America/Sao_Paulo;;;
2607307;Ipubi;-764505;-401476;0;26;2445;87;America/Sao_Paulo;;;
2404804;Ipueira;-680596;-372045;0;24;1693;84;America/Sao_Paulo;;;
1709807;Ipueiras;-112329;-4846;0;17;84;63;America/Sao_Paulo;;;
2305902;Ipueiras;-453802;-407118;0;23;1419;88;America/Sao_Paulo;;;
3131505;Ipuiúna;-221013;-461915;0;31;4629;35;America/Sao_Paulo;;;
4207700;Ipumirim;-270772;-521289;0;42;8151;49;America/Sao_Paulo;;;
2914109;Ipupiara;-118219;-426179;0;29;3583;77;America/Sao_Paulo;;;
1400282;Iracema;218305;-610415;0;14;32;95;America/Porto_Velho;;;
2306009;Iracema;-58124;-382919;0;23;1421;88;America/Sao_Paulo;;;
4110656;Iracema do Oeste;-244262;-533528;0;41;5485;44;America/Sao_Paulo;;;
3525409;Jeriquara;-203116;-475918;0;35;6609;16;America/Sao_Paulo;;-20,3116;-47,5918
4207759;Iraceminha;-268215;-532767;0;42;9953;49;America/Sao_Paulo;;;
4310504;Iraí;-271951;-532543;0;43;8711;55;America/Sao_Paulo;;;
3131604;Iraí de Minas;-189819;-47461;0;31;4631;34;America/Sao_Paulo;;;
2914208;Irajuba;-132563;-400848;0;29;3585;73;America/Sao_Paulo;;;
2914307;Iramaia;-132902;-409595;0;29;3587;77;America/Sao_Paulo;;;
1301852;Iranduba;-327479;-6019;0;13;9835;92;America/Porto_Velho;;;
4207809;Irani;-270287;-519012;0;42;8153;49;America/Sao_Paulo;;;
3505906;Batatais;-208929;-475921;0;35;6217;16;America/Sao_Paulo;;-20,8929;-47,5921
3551504;Serrana;-212043;-475952;0;35;7131;16;America/Sao_Paulo;;-21,2043;-47,5952
2914406;Iraquara;-122429;-416155;0;29;3589;75;America/Sao_Paulo;;;
2914505;Irará;-120504;-387631;0;29;3591;75;America/Sao_Paulo;;;
4110706;Irati;-254697;-506493;0;41;7607;42;America/Sao_Paulo;;;
4207858;Irati;-266539;-528955;0;42;5585;49;America/Sao_Paulo;;;
2306108;Irauçuba;-374737;-397843;0;23;1423;88;America/Sao_Paulo;;;
2914604;Irecê;-113033;-418535;0;29;3593;74;America/Sao_Paulo;;;
4110805;Iretama;-244253;-521012;0;41;7609;44;America/Sao_Paulo;;;
4207908;Irineópolis;-26242;-507957;0;42;8155;47;America/Sao_Paulo;;;
1503507;Irituia;-176984;-47446;0;15;469;91;America/Sao_Paulo;;;
3202652;Irupi;-203501;-416444;0;32;2931;28;America/Sao_Paulo;;;
2204907;Isaías Coelho;-773597;-416735;0;22;1097;89;America/Sao_Paulo;;;
5210307;Israelândia;-163144;-509087;0;52;9401;64;America/Sao_Paulo;;;
4208005;Itá;-272907;-523212;0;42;8157;49;America/Sao_Paulo;;;
4310538;Itaara;-296013;-537725;0;43;990;55;America/Sao_Paulo;;;
2506905;Itabaiana;-733167;-353317;0;25;2039;83;America/Sao_Paulo;;;
2802908;Itabaiana;-106826;-374273;0;28;3157;79;America/Sao_Paulo;;;
2803005;Itabaianinha;-112693;-377875;0;28;3159;79;America/Sao_Paulo;;;
2914653;Itabela;-165732;-395593;0;29;3279;73;America/Sao_Paulo;;;
3544004;Rio das Pedras;-228417;-476047;0;35;6981;19;America/Sao_Paulo;;-22,8417;-47,6047
2914703;Itaberaba;-125242;-403059;0;29;3595;75;America/Sao_Paulo;;;
5210406;Itaberaí;-160206;-49806;0;52;9403;62;America/Sao_Paulo;;;
2803104;Itabi;-101248;-371056;0;28;3161;79;America/Sao_Paulo;;;
3131703;Itabira;-196239;-432312;0;31;4633;31;America/Sao_Paulo;;;
3131802;Itabirinha;-185712;-41234;0;31;4635;33;America/Sao_Paulo;;;
3131901;Itabirito;-202501;-438038;0;31;4637;31;America/Sao_Paulo;;;
3301900;Itaboraí;-227565;-428639;0;33;5837;21;America/Sao_Paulo;;;
2914802;Itabuna;-147876;-392781;0;29;3597;73;America/Sao_Paulo;;;
1710508;Itacajá;-839293;-477726;0;17;9405;63;America/Sao_Paulo;;;
3132008;Itacambira;-170625;-433069;0;31;4639;38;America/Sao_Paulo;;;
3132107;Itacarambi;-15089;-44095;0;31;4641;38;America/Sao_Paulo;;;
2914901;Itacaré;-142784;-389959;0;29;3599;73;America/Sao_Paulo;;;
1301902;Itacoatiara;-313861;-584449;0;13;241;92;America/Porto_Velho;;;
2607406;Itacuruba;-882231;-386975;0;26;2447;87;America/Sao_Paulo;;;
4310553;Itacurubi;-287913;-552447;0;43;7397;55;America/Sao_Paulo;;;
2915007;Itaeté;-129831;-409677;0;29;3601;75;America/Sao_Paulo;;;
2915106;Itagi;-141615;-400131;0;29;3603;73;America/Sao_Paulo;;;
2915205;Itagibá;-142782;-398449;0;29;3605;73;America/Sao_Paulo;;;
2915304;Itagimirim;-160819;-396133;0;29;3607;73;America/Sao_Paulo;;;
3202702;Itaguaçu;-198018;-408601;0;32;5653;27;America/Sao_Paulo;;;
2915353;Itaguaçu da Bahia;-110147;-423997;0;29;3281;74;America/Sao_Paulo;;;
3302007;Itaguaí;-228636;-437798;0;33;5839;21;America/Sao_Paulo;;;
4110904;Itaguajé;-226183;-519674;0;41;7611;44;America/Sao_Paulo;;;
3132206;Itaguara;-203947;-444875;0;31;4643;31;America/Sao_Paulo;;;
5210562;Itaguari;-15918;-496071;0;52;9919;62;America/Sao_Paulo;;;
5210604;Itaguaru;-157565;-496354;0;52;9407;62;America/Sao_Paulo;;;
1710706;Itaguatins;-577267;-474864;0;17;9409;63;America/Sao_Paulo;;;
3502903;Araçoiaba da Serra;-235029;-476166;0;35;6157;15;America/Sao_Paulo;;-23,5029;-47,6166
2607505;Itaíba;-894569;-374173;0;26;2449;87;America/Sao_Paulo;;;
2306207;Itaiçaba;-467146;-37833;0;23;1425;88;America/Sao_Paulo;;;
2205003;Itainópolis;-744336;-414687;0;22;1099;89;America/Sao_Paulo;;;
4208104;Itaiópolis;-26339;-499092;0;42;8159;47;America/Sao_Paulo;;;
2105351;Itaipava do Grajaú;-514252;-457877;0;21;172;99;America/Sao_Paulo;;;
3132305;Itaipé;-174014;-416697;0;31;4645;33;America/Sao_Paulo;;;
4110953;Itaipulândia;-251366;-543001;0;41;5525;45;America/Sao_Paulo;;;
2306256;Itaitinga;-396577;-385298;0;23;991;85;America/Sao_Paulo;;;
1503606;Itaituba;-42667;-559926;0;15;471;93;America/Sao_Paulo;;;
2404853;Itajá;-563894;-368712;0;24;418;84;America/Sao_Paulo;;;
5210802;Itajá;-190673;-515495;0;52;9411;64;America/Sao_Paulo;;;
4208203;Itajaí;-269101;-486705;0;42;8161;47;America/Sao_Paulo;;;
3513702;Descalvado;-219002;-476181;0;35;6375;19;America/Sao_Paulo;;-21,9002;-47,6181
3512704;Corumbataí;-222213;-476215;0;35;6355;19;America/Sao_Paulo;;-22,2213;-47,6215
2915403;Itaju do Colônia;-151366;-397283;0;29;3609;73;America/Sao_Paulo;;;
3132404;Itajubá;-224225;-454598;0;31;4647;35;America/Sao_Paulo;;;
2915502;Itajuípe;-146788;-393698;0;29;3611;73;America/Sao_Paulo;;;
3302056;Italva;-214296;-417014;0;33;5929;22;America/Sao_Paulo;;;
2915601;Itamaraju;-170378;-395386;0;29;3613;73;America/Sao_Paulo;;;
3132503;Itamarandiba;-178552;-428561;0;31;4649;38;America/Sao_Paulo;;;
1301951;Itamarati;-643852;-682437;0;13;9837;97;America/Rio_Branco;;;
3132602;Itamarati de Minas;-214179;-42813;0;31;4651;32;America/Sao_Paulo;;;
2915700;Itamari;-137782;-39683;0;29;3615;73;America/Sao_Paulo;;;
3132701;Itambacuri;-18035;-41683;0;31;4653;33;America/Sao_Paulo;;;
4111001;Itambaracá;-230181;-504097;0;41;7613;43;America/Sao_Paulo;;;
4111100;Itambé;-236601;-519912;0;41;7615;44;America/Sao_Paulo;;;
2607653;Itambé;-741403;-350963;0;26;2597;81;America/Sao_Paulo;;;
2915809;Itambé;-152429;-4063;0;29;3617;77;America/Sao_Paulo;;;
3132800;Itambé do Mato Dentro;-194158;-433182;0;31;4655;31;America/Sao_Paulo;;;
3132909;Itamogi;-210758;-47046;0;31;4657;35;America/Sao_Paulo;;;
3133006;Itamonte;-222859;-44868;0;31;4659;35;America/Sao_Paulo;;;
2915908;Itanagra;-122614;-380436;0;29;3619;75;America/Sao_Paulo;;;
3549508;São José da Bela Vista;-205935;-476424;0;35;7091;16;America/Sao_Paulo;;-20,5935;-47,6424
3133105;Itanhandu;-222942;-449382;0;31;4661;35;America/Sao_Paulo;;;
5104542;Itanhangá;-122259;-566463;0;51;1186;66;America/Porto_Velho;;;
2916005;Itanhém;-171642;-403321;0;29;3621;73;America/Sao_Paulo;;;
3133204;Itanhomi;-191736;-41863;0;31;4663;33;America/Sao_Paulo;;;
3133303;Itaobim;-165571;-415017;0;31;4665;33;America/Sao_Paulo;;;
3526100;Juquiá;-243101;-476426;0;35;6623;13;America/Sao_Paulo;;-24,3101;-47,6426
3302106;Itaocara;-216748;-420758;0;33;5841;22;America/Sao_Paulo;;;
5210901;Itapaci;-149522;-495511;0;52;9413;62;America/Sao_Paulo;;;
3133402;Itapagipe;-199062;-493781;0;31;4667;34;America/Sao_Paulo;;;
2306306;Itapajé;-368314;-395855;0;23;1427;85;America/Sao_Paulo;;;
2916104;Itaparica;-128932;-3868;0;29;3623;71;America/Sao_Paulo;;;
2916203;Itapé;-148876;-394239;0;29;3625;73;America/Sao_Paulo;;;
2916302;Itapebi;-159551;-395329;0;29;3627;73;America/Sao_Paulo;;;
3133501;Itapecerica;-204704;-45127;0;31;4669;37;America/Sao_Paulo;;;
3538709;Piracicaba;-227338;-476476;0;35;6875;19;America/Sao_Paulo;;-22,7338;-47,6476
2105401;Itapecuru Mirim;-340202;-443508;0;21;807;98;America/Sao_Paulo;;;
4111209;Itapejara d'Oeste;-259619;-528152;0;41;7617;46;America/Sao_Paulo;;;
4208302;Itapema;-270861;-48616;0;42;8163;47;America/Sao_Paulo;;;
3202801;Itapemirim;-210095;-408307;0;32;5655;28;America/Sao_Paulo;;;
4111258;Itaperuçu;-252193;-493454;0;41;5451;41;America/Sao_Paulo;;;
3302205;Itaperuna;-211997;-418799;0;33;5843;22;America/Sao_Paulo;;;
2607703;Itapetim;-737178;-371863;0;26;2453;87;America/Sao_Paulo;;;
2916401;Itapetinga;-152475;-402482;0;29;3629;77;America/Sao_Paulo;;;
3507803;Brodowski;-209845;-476572;0;35;6257;16;America/Sao_Paulo;;-20,9845;-47,6572
3502002;Analândia;-221289;-476619;0;35;6139;19;America/Sao_Paulo;;-22,1289;-47,6619
3133600;Itapeva;-227665;-462241;0;31;4671;35;America/Sao_Paulo;;;
3545159;Saltinho;-228442;-476754;0;35;5445;19;America/Sao_Paulo;;-22,8442;-47,6754
2916500;Itapicuru;-113088;-382262;0;29;3631;75;America/Sao_Paulo;;;
2306405;Itapipoca;-349933;-395836;0;23;1429;88;America/Sao_Paulo;;;
3507001;Boituva;-232855;-476786;0;35;6239;15;America/Sao_Paulo;;-23,2855;-47,6786
1302009;Itapiranga;-274081;-580293;0;13;243;92;America/Porto_Velho;;;
4208401;Itapiranga;-271659;-537166;0;42;8165;49;America/Sao_Paulo;;;
5211008;Itapirapuã;-158205;-506094;0;52;9415;62;America/Sao_Paulo;;;
3521002;Iperó;-233513;-476927;0;35;6521;15;America/Sao_Paulo;;-23,3513;-47,6927
1710904;Itapiratins;-837982;-481072;0;17;347;63;America/Sao_Paulo;;;
2607752;Itapissuma;-776798;-348971;0;26;2633;81;America/Sao_Paulo;;;
2916609;Itapitanga;-144139;-395657;0;29;3633;73;America/Sao_Paulo;;;
2306504;Itapiúna;-455516;-389281;0;23;1431;88;America/Sao_Paulo;;;
4208450;Itapoá;-261158;-486182;0;42;9985;47;America/Sao_Paulo;;;
3508207;Buritizal;-201911;-477096;0;35;6265;16;America/Sao_Paulo;;-20,1911;-47,7096
5004502;Itaporã;-2208;-547934;0;50;9089;67;America/Porto_Velho;;;
1711100;Itaporã do Tocantins;-857172;-486895;0;17;9417;63;America/Sao_Paulo;;;
3521101;Ipeúna;-224355;-477151;0;35;6523;19;America/Sao_Paulo;;-22,4355;-47,7151
2507002;Itaporanga;-730202;-381504;0;25;2041;83;America/Sao_Paulo;;;
2803203;Itaporanga d'Ajuda;-1099;-373078;0;28;3163;79;America/Sao_Paulo;;;
2507101;Itapororoca;-682374;-352406;0;25;2043;83;America/Sao_Paulo;;;
1101104;Itapuã do Oeste;-919687;-631809;0;11;683;69;America/Porto_Velho;;;
4310579;Itapuca;-287768;-521693;0;43;6027;51;America/Sao_Paulo;;;
3554508;Tietê;-231101;-477164;0;35;7191;15;America/Sao_Paulo;;-23,1101;-47,7164
3537909;Pilar do Sul;-238077;-477222;0;35;6859;15;America/Sao_Paulo;;-23,8077;-47,7222
5211206;Itapuranga;-155606;-49949;0;52;9419;62;America/Sao_Paulo;;;
3513108;Cravinhos;-213380;-477324;0;35;6363;16;America/Sao_Paulo;;-21,3380;-47,7324
2916708;Itaquara;-134459;-399378;0;29;3635;73;America/Sao_Paulo;;;
4310603;Itaqui;-291311;-565515;0;43;8713;55;America/Sao_Paulo;;;
5004601;Itaquiraí;-234779;-54187;0;50;9807;67;America/Porto_Velho;;;
2607802;Itaquitinga;-766373;-351002;0;26;2455;81;America/Sao_Paulo;;;
3202900;Itarana;-19875;-408753;0;32;5657;27;America/Sao_Paulo;;;
2916807;Itarantim;-156528;-40065;0;29;3637;73;America/Sao_Paulo;;;
3510302;Capela do Alto;-234685;-477388;0;35;6307;15;America/Sao_Paulo;;-23,4685;-47,7388
2306553;Itarema;-29248;-399167;0;23;1595;88;America/Sao_Paulo;;;
3533601;Nuporanga;-207296;-477429;0;35;6773;16;America/Sao_Paulo;;-20,7296;-47,7429
5211305;Itarumã;-187646;-513485;0;52;9421;64;America/Sao_Paulo;;;
4310652;Itati;-294974;-501016;0;43;1144;51;America/Sao_Paulo;;;
3302254;Itatiaia;-224897;-445675;0;33;6003;24;America/Sao_Paulo;;;
3133709;Itatiaiuçu;-201983;-444211;0;31;4673;31;America/Sao_Paulo;;;
3511508;Cerquilho;-231665;-477459;0;35;6331;15;America/Sao_Paulo;;-23,1665;-47,7459
4310702;Itatiba do Sul;-273846;-524538;0;43;8715;54;America/Sao_Paulo;;;
2916856;Itatim;-127099;-396952;0;29;3283;75;America/Sao_Paulo;;;
3520103;Igarapava;-200407;-477466;0;35;6503;16;America/Sao_Paulo;;-20,0407;-47,7466
2306603;Itatira;-452608;-396202;0;23;1433;88;America/Sao_Paulo;;;
2507200;Itatuba;-738115;-35638;0;25;2045;83;America/Sao_Paulo;;;
2404903;Itaú;-58363;-379912;0;24;1695;84;America/Sao_Paulo;;;
3133758;Itaú de Minas;-207375;-467525;0;31;5731;35;America/Sao_Paulo;;;
5104559;Itaúba;-110614;-552766;0;51;9901;66;America/Porto_Velho;;;
1600253;Itaubal;602185;-506996;0;16;669;96;America/Sao_Paulo;;;
5211404;Itauçu;-162029;-496109;0;52;9423;62;America/Sao_Paulo;;;
2205102;Itaueira;-759989;-430249;0;22;1101;89;America/Sao_Paulo;;;
3133808;Itaúna;-200818;-445801;0;31;4675;37;America/Sao_Paulo;;;
4111308;Itaúna do Sul;-227289;-528874;0;41;7619;44;America/Sao_Paulo;;;
3133907;Itaverava;-206769;-436141;0;31;4677;31;America/Sao_Paulo;;;
3134004;Itinga;-1661;-417672;0;31;4679;33;America/Sao_Paulo;;;
2105427;Itinga do Maranhão;-445293;-475235;0;21;174;99;America/Sao_Paulo;;;
5104609;Itiquira;-172147;-541422;0;51;9091;65;America/Porto_Velho;;;
3525102;Jardinópolis;-210176;-477606;0;35;6603;16;America/Sao_Paulo;;-21,0176;-47,7606
3511706;Charqueada;-225096;-477755;0;35;6335;19;America/Sao_Paulo;;-22,5096;-47,7755
2916906;Itiruçu;-13529;-401472;0;29;3639;73;America/Sao_Paulo;;;
2917003;Itiúba;-106948;-398446;0;29;3641;74;America/Sao_Paulo;;;
3527603;Luís Antônio;-215500;-477801;0;35;6653;16;America/Sao_Paulo;;-21,5500;-47,7801
2917102;Itororó;-1511;-400684;0;29;3643;73;America/Sao_Paulo;;;
3525854;Jumirim;-230884;-477868;0;35;802;15;America/Sao_Paulo;;-23,0884;-47,7868
2917201;Ituaçu;-138107;-413003;0;29;3645;77;America/Sao_Paulo;;;
2917300;Ituberá;-137249;-391481;0;29;3647;73;America/Sao_Paulo;;;
3134103;Itueta;-193999;-411746;0;31;4681;33;America/Sao_Paulo;;;
3134202;Ituiutaba;-189772;-494639;0;31;4683;34;America/Sao_Paulo;;;
5211503;Itumbiara;-184093;-492158;0;52;9425;64;America/Sao_Paulo;;;
3134301;Itumirim;-213171;-448724;0;31;4685;35;America/Sao_Paulo;;;
3503000;Aramina;-200882;-477873;0;35;6159;16;America/Sao_Paulo;;-20,0882;-47,7873
1503705;Itupiranga;-513272;-493358;0;15;473;94;America/Sao_Paulo;;;
4208500;Ituporanga;-274101;-495963;0;42;8167;47;America/Sao_Paulo;;;
3134400;Iturama;-197276;-501966;0;31;4687;34;America/Sao_Paulo;;;
3134509;Itutinga;-213;-446567;0;31;4689;35;America/Sao_Paulo;;;
3524105;Ituverava;-203355;-477902;0;35;6583;16;America/Sao_Paulo;;-20,3355;-47,7902
2917334;Iuiú;-144054;-435595;0;29;3285;77;America/Sao_Paulo;;;
3203007;Iúna;-203531;-415334;0;32;5659;28;America/Sao_Paulo;;;
4111407;Ivaí;-250067;-50857;0;41;7621;42;America/Sao_Paulo;;;
4111506;Ivaiporã;-242485;-516754;0;41;7623;43;America/Sao_Paulo;;;
4111555;Ivaté;-234072;-533687;0;41;9955;44;America/Sao_Paulo;;;
4111605;Ivatuba;-236187;-522203;0;41;7625;44;America/Sao_Paulo;;;
5004700;Ivinhema;-223046;-538184;0;50;9093;67;America/Porto_Velho;;;
5211602;Ivolândia;-165995;-507921;0;52;9427;64;America/Sao_Paulo;;;
4310751;Ivorá;-295232;-535842;0;43;7395;55;America/Sao_Paulo;;;
4310801;Ivoti;-295995;-511533;0;43;8717;51;America/Sao_Paulo;;;
2607901;Jaboatão dos Guararapes;-811298;-35015;0;26;2457;81;America/Sao_Paulo;;;
4208609;Jaborá;-271782;-517279;0;42;8169;49;America/Sao_Paulo;;;
2917359;Jaborandi;-136071;-444255;0;29;9859;77;America/Sao_Paulo;;;
3543402;Ribeirão Preto;-211699;-478099;0;35;6969;16;America/Sao_Paulo;;-21,1699;-47,8099
4111704;Jaboti;-237435;-500729;0;41;7627;43;America/Sao_Paulo;;;
4310850;Jaboticaba;-276347;-532762;0;43;7393;55;America/Sao_Paulo;;;
3523602;Itirapina;-222562;-478166;0;35;6573;19;America/Sao_Paulo;;-22,2562;-47,8166
3134608;Jaboticatubas;-195119;-437373;0;31;4691;31;America/Sao_Paulo;;;
2405009;Jaçanã;-641856;-362031;0;24;1697;84;America/Sao_Paulo;;;
2917409;Jacaraci;-148541;-424329;0;29;3649;77;America/Sao_Paulo;;;
2507309;Jacaraú;-661453;-35289;0;25;2047;83;America/Sao_Paulo;;;
2703403;Jacaré dos Homens;-963545;-372076;0;27;2767;82;America/Sao_Paulo;;;
1503754;Jacareacanga;-621469;-577544;0;15;631;93;America/Sao_Paulo;;;
3517703;Guará;-204302;-478236;0;35;6455;16;America/Sao_Paulo;;-20,4302;-47,8236
4111803;Jacarezinho;-231591;-499739;0;41;7629;43;America/Sao_Paulo;;;
3551108;Sarapuí;-236397;-478249;0;35;7123;15;America/Sao_Paulo;;-23,6397;-47,8249
5104807;Jaciara;-159548;-549733;0;51;9095;66;America/Porto_Velho;;;
3134707;Jacinto;-161428;-40295;0;31;4693;33;America/Sao_Paulo;;;
4208708;Jacinto Machado;-289961;-497623;0;42;8171;48;America/Sao_Paulo;;;
2917508;Jacobina;-111812;-405117;0;29;3651;74;America/Sao_Paulo;;;
2205151;Jacobina do Piauí;-793063;-412075;0;22;2273;89;America/Sao_Paulo;;;
3134806;Jacuí;-210137;-467359;0;31;4695;35;America/Sao_Paulo;;;
2703502;Jacuípe;-883951;-354591;0;27;2769;82;America/Sao_Paulo;;;
4310876;Jacuizinho;-290401;-530657;0;43;1146;55;America/Sao_Paulo;;;
1503804;Jacundá;-444617;-491153;0;15;475;94;America/Sao_Paulo;;;
3544905;Sales Oliveira;-207696;-478369;0;35;6999;16;America/Sao_Paulo;;-20,7696;-47,8369
4310900;Jacutinga;-277291;-525372;0;43;8719;54;America/Sao_Paulo;;;
3134905;Jacutinga;-22286;-466166;0;31;4697;35;America/Sao_Paulo;;;
4111902;Jaguapitã;-231104;-515342;0;41;7631;43;America/Sao_Paulo;;;
2917607;Jaguaquara;-135248;-39964;0;29;3653;73;America/Sao_Paulo;;;
3135001;Jaguaraçu;-19647;-427498;0;31;4699;31;America/Sao_Paulo;;;
4311007;Jaguarão;-325604;-53377;0;43;8721;53;America/Sao_Paulo;;;
2917706;Jaguarari;-102569;-401999;0;29;3655;74;America/Sao_Paulo;;;
3203056;Jaguaré;-18907;-400759;0;32;5713;27;America/Sao_Paulo;;;
2306702;Jaguaretama;-56051;-387639;0;23;1435;88;America/Sao_Paulo;;;
4311106;Jaguari;-294936;-54703;0;43;8723;55;America/Sao_Paulo;;;
4112009;Jaguariaíva;-242439;-497066;0;41;7633;43;America/Sao_Paulo;;;
2306801;Jaguaribara;-567765;-385359;0;23;1437;88;America/Sao_Paulo;;;
2306900;Jaguaribe;-590213;-386227;0;23;1439;88;America/Sao_Paulo;;;
2917805;Jaguaripe;-131109;-388939;0;29;3657;75;America/Sao_Paulo;;;
3526407;Laranjal Paulista;-230506;-478375;0;35;6629;15;America/Sao_Paulo;;-23,0506;-47,8375
2307007;Jaguaruana;-483151;-37781;0;23;1441;88;America/Sao_Paulo;;;
4208807;Jaguaruna;-286146;-490296;0;42;8173;48;America/Sao_Paulo;;;
3135050;Jaíba;-153432;-436688;0;31;2893;38;America/Sao_Paulo;;;
2205201;Jaicós;-736229;-411371;0;22;1103;89;America/Sao_Paulo;;;
3542602;Registro;-244979;-478449;0;35;6953;13;America/Sao_Paulo;;-24,4979;-47,8449
3554003;Tatuí;-233487;-478461;0;35;7181;15;America/Sao_Paulo;;-23,3487;-47,8461
3135076;Jampruca;-18461;-41809;0;31;2655;33;America/Sao_Paulo;;;
3135100;Janaúba;-158022;-433132;0;31;4701;38;America/Sao_Paulo;;;
5211701;Jandaia;-170481;-501453;0;52;9429;64;America/Sao_Paulo;;;
4112108;Jandaia do Sul;-236011;-516448;0;41;7635;43;America/Sao_Paulo;;;
2405108;Jandaíra;-535211;-361278;0;24;1699;84;America/Sao_Paulo;;;
2917904;Jandaíra;-115616;-377853;0;29;3659;75;America/Sao_Paulo;;;
3549409;São Joaquim da Barra;-205812;-478593;0;35;7089;16;America/Sao_Paulo;;-20,5812;-47,8593
2405207;Janduís;-601474;-374048;0;24;1701;84;America/Sao_Paulo;;;
5104906;Jangada;-15235;-564917;0;51;9861;65;America/Porto_Velho;;;
4112207;Janiópolis;-241401;-527784;0;41;7637;44;America/Sao_Paulo;;;
3135209;Januária;-154802;-443639;0;31;4703;38;America/Sao_Paulo;;;
2405306;Januário Cicco (Boa Saúde);-616566;-356219;0;24;1703;84;America/Sao_Paulo;;;
3135308;Japaraíba;-201442;-455015;0;31;4705;37;America/Sao_Paulo;;;
2703601;Japaratinga;-908746;-352634;0;27;2771;82;America/Sao_Paulo;;;
2803302;Japaratuba;-105849;-369418;0;28;3165;79;America/Sao_Paulo;;;
3302270;Japeri;-226435;-436602;0;33;2913;21;America/Sao_Paulo;;;
2405405;Japi;-646544;-359346;0;24;1705;84;America/Sao_Paulo;;;
4112306;Japira;-238142;-501422;0;41;7639;43;America/Sao_Paulo;;;
2803401;Japoatã;-103477;-368045;0;28;3167;79;America/Sao_Paulo;;;
3135357;Japonvar;-159891;-442758;0;31;630;38;America/Sao_Paulo;;;
5004809;Japorã;-238903;-544059;0;50;161;67;America/Porto_Velho;;;
4112405;Japurá;-234693;-525557;0;41;7641;44;America/Sao_Paulo;;;
1302108;Japurá;-188237;-669291;0;13;245;97;America/Porto_Velho;;;
2607950;Jaqueira;-872618;-357942;0;26;548;81;America/Sao_Paulo;;;
4311122;Jaquirana;-288811;-503637;0;43;7391;54;America/Sao_Paulo;;;
5211800;Jaraguá;-157529;-493344;0;52;9431;62;America/Sao_Paulo;;;
4208906;Jaraguá do Sul;-264851;-490713;0;42;8175;47;America/Sao_Paulo;;;
5004908;Jaraguari;-201386;-543996;0;50;9097;67;America/Porto_Velho;;;
2703700;Jaramataia;-966224;-370046;0;27;2773;82;America/Sao_Paulo;;;
2307106;Jardim;-757599;-392826;0;23;1443;88;America/Sao_Paulo;;;
5005004;Jardim;-214799;-561489;0;50;9099;67;America/Porto_Velho;;;
4112504;Jardim Alegre;-241809;-516902;0;41;7643;43;America/Sao_Paulo;;;
2405504;Jardim de Angicos;-564999;-359713;0;24;1707;84;America/Sao_Paulo;;;
2405603;Jardim de Piranhas;-637665;-373496;0;24;1709;84;America/Sao_Paulo;;;
2205250;Jardim do Mulato;-6099;-4263;0;22;997;86;America/Sao_Paulo;;;
2405702;Jardim do Seridó;-658047;-367736;0;24;1711;84;America/Sao_Paulo;;;
4112603;Jardim Olinda;-225523;-520503;0;41;7645;44;America/Sao_Paulo;;;
3500600;Águas de São Pedro;-225977;-478734;0;35;6111;19;America/Sao_Paulo;;-22,5977;-47,8734
4208955;Jardinópolis;-267191;-528625;0;42;5587;49;America/Sao_Paulo;;;
4311130;Jari;-292922;-542237;0;43;992;55;America/Sao_Paulo;;;
3536208;Pariquera-Açu;-247147;-478742;0;35;6825;13;America/Sao_Paulo;;-24,7147;-47,8742
1100114;Jaru;-104318;-624788;0;11;15;69;America/Porto_Velho;;;
5211909;Jataí;-178784;-517204;0;52;9433;64;America/Sao_Paulo;;;
4112702;Jataizinho;-232578;-509777;0;41;7647;43;America/Sao_Paulo;;;
2608008;Jataúba;-797668;-364943;0;26;2459;81;America/Sao_Paulo;;;
5005103;Jateí;-224806;-543079;0;50;9101;67;America/Porto_Velho;;;
2307205;Jati;-76797;-390029;0;23;1445;88;America/Sao_Paulo;;;
2105450;Jatobá;-582282;-442153;0;21;176;99;America/Sao_Paulo;;;
2608057;Jatobá;-917476;-382607;0;26;550;87;America/Sao_Paulo;;;
2205276;Jatobá do Piauí;-477025;-41817;0;22;324;86;America/Sao_Paulo;;;
3534302;Orlândia;-207169;-478852;0;35;6787;16;America/Sao_Paulo;;-20,7169;-47,8852
1711506;Jaú do Tocantins;-126509;-48589;0;17;329;63;America/Sao_Paulo;;;
5212006;Jaupaci;-161773;-509508;0;52;9435;64;America/Sao_Paulo;;;
5105002;Jauru;-153342;-588723;0;51;8991;65;America/Porto_Velho;;;
3135407;Jeceaba;-205339;-439894;0;31;4707;31;America/Sao_Paulo;;;
3135456;Jenipapo de Minas;-170831;-422589;0;31;632;33;America/Sao_Paulo;;;
2105476;Jenipapo dos Vieiras;-536237;-456356;0;21;178;99;America/Sao_Paulo;;;
3135506;Jequeri;-204542;-426651;0;31;4709;31;America/Sao_Paulo;;;
2703759;Jequiá da Praia;-100133;-360142;0;27;562;82;America/Sao_Paulo;;;
2918001;Jequié;-138509;-400877;0;29;3661;73;America/Sao_Paulo;;;
3135605;Jequitaí;-17229;-444376;0;31;4711;38;America/Sao_Paulo;;;
3135704;Jequitibá;-192345;-440304;0;31;4713;31;America/Sao_Paulo;;;
3135803;Jequitinhonha;-164375;-410117;0;31;4715;33;America/Sao_Paulo;;;
2918100;Jeremoabo;-100685;-383471;0;29;3663;75;America/Sao_Paulo;;;
2507408;Jericó;-654577;-378036;0;25;2049;83;America/Sao_Paulo;;;
3550407;São Pedro;-225483;-479096;0;35;7109;19;America/Sao_Paulo;;-22,5483;-47,9096
3203106;Jerônimo Monteiro;-207994;-413948;0;32;5661;28;America/Sao_Paulo;;;
2205300;Jerumenha;-709128;-435033;0;22;1105;89;America/Sao_Paulo;;;
3135902;Jesuânia;-219887;-452911;0;31;4717;35;America/Sao_Paulo;;;
4112751;Jesuítas;-243839;-533849;0;41;7997;44;America/Sao_Paulo;;;
5212055;Jesúpolis;-159484;-493739;0;52;49;62;America/Sao_Paulo;;;
1100122;Ji-Paraná;-108777;-619322;0;11;5;69;America/Porto_Velho;;;
2307254;Jijoca de Jericoacoara;-279331;-405127;0;23;985;88;America/Sao_Paulo;;;
2918209;Jiquiriçá;-132621;-395737;0;29;3665;75;America/Sao_Paulo;;;
2918308;Jitaúna;-140131;-398969;0;29;3667;73;America/Sao_Paulo;;;
4209003;Joaçaba;-271721;-515108;0;42;8177;49;America/Sao_Paulo;;;
3136009;Joaíma;-166522;-410229;0;31;4719;33;America/Sao_Paulo;;;
3136108;Joanésia;-191729;-426775;0;31;4721;33;America/Sao_Paulo;;;
3551801;Sete Barras;-243820;-479279;0;35;7137;13;America/Sao_Paulo;;-24,3820;-47,9279
2608107;João Alfredo;-786565;-355787;0;26;2461;81;America/Sao_Paulo;;;
2405801;João Câmara;-554094;-358122;0;24;1713;84;America/Sao_Paulo;;;
2205359;João Costa;-850736;-424264;0;22;326;89;America/Sao_Paulo;;;
2405900;João Dias;-627215;-377885;0;24;1715;84;America/Sao_Paulo;;;
2918357;João Dourado;-113486;-416548;0;29;3099;74;America/Sao_Paulo;;;
2105500;João Lisboa;-544363;-474064;0;21;809;99;America/Sao_Paulo;;;
3136207;João Monlevade;-198126;-431735;0;31;4723;31;America/Sao_Paulo;;;
3203130;João Neiva;-197577;-40386;0;32;5721;27;America/Sao_Paulo;;;
2507507;João Pessoa;-711509;-348641;1;25;2051;83;America/Sao_Paulo;;;
3136306;João Pinheiro;-177398;-461715;0;31;4725;38;America/Sao_Paulo;;;
3509908;Cananéia;-250144;-479341;0;35;6299;13;America/Sao_Paulo;;-25,0144;-47,9341
3136405;Joaquim Felício;-17758;-441643;0;31;4727;38;America/Sao_Paulo;;;
2703809;Joaquim Gomes;-91328;-357474;0;27;2775;82;America/Sao_Paulo;;;
2608206;Joaquim Nabuco;-862281;-355288;0;26;2463;81;America/Sao_Paulo;;;
2205409;Joaquim Pires;-350164;-421865;0;22;1107;86;America/Sao_Paulo;;;
4112801;Joaquim Távora;-234987;-49909;0;41;7649;43;America/Sao_Paulo;;;
2513653;Joca Claudino;-648362;-384764;0;25;514;83;America/Sao_Paulo;;;
2205458;Joca Marques;-34804;-424255;0;22;328;86;America/Sao_Paulo;;;
4311155;Jóia;-286435;-541141;0;43;9829;55;America/Sao_Paulo;;;
4209102;Joinville;-263045;-488487;0;42;8179;47;America/Sao_Paulo;;;
3136504;Jordânia;-159009;-401841;0;31;4729;33;America/Sao_Paulo;;;
1200328;Jordão;-91908;-719503;0;12;653;68;America/Rio_Branco;;;
4209151;José Boiteux;-269566;-496286;0;42;9957;47;America/Sao_Paulo;;;
3511607;Cesário Lange;-232260;-479545;0;35;6333;15;America/Sao_Paulo;;-23,2260;-47,9545
2406007;José da Penha;-631095;-382823;0;24;1717;84;America/Sao_Paulo;;;
2205508;José de Freitas;-475146;-425746;0;22;1109;86;America/Sao_Paulo;;;
3136520;José Gonçalves de Minas;-169053;-426014;0;31;634;33;America/Sao_Paulo;;;
3136553;José Raydan;-182195;-424946;0;31;636;33;America/Sao_Paulo;;;
2105609;Joselândia;-498611;-446958;0;21;811;99;America/Sao_Paulo;;;
3136579;Josenópolis;-165417;-425151;0;31;638;38;America/Sao_Paulo;;;
5212105;Joviânia;-17802;-496197;0;52;9437;64;America/Sao_Paulo;;;
5105101;Juara;-112639;-575244;0;51;9819;66;America/Porto_Velho;;;
2507606;Juarez Távora;-71713;-355686;0;25;2053;83;America/Sao_Paulo;;;
1711803;Juarina;-811951;-490643;0;17;349;63;America/Sao_Paulo;;;
3136652;Juatuba;-199448;-443451;0;31;2691;31;America/Sao_Paulo;;;
2507705;Juazeirinho;-706092;-365793;0;25;2055;83;America/Sao_Paulo;;;
2918407;Juazeiro;-941622;-405033;0;29;3669;74;America/Sao_Paulo;;;
2307304;Juazeiro do Norte;-719621;-393076;0;23;1447;88;America/Sao_Paulo;;;
2205516;Juazeiro do Piauí;-517459;-416976;0;22;330;86;America/Sao_Paulo;;;
2307403;Jucás;-651523;-395187;0;23;1449;88;America/Sao_Paulo;;;
2608255;Jucati;-870195;-364871;0;26;2295;87;America/Sao_Paulo;;;
2918456;Jucuruçu;-168488;-401641;0;29;3287;73;America/Sao_Paulo;;;
2406106;Jucurutu;-60306;-37009;0;24;1719;84;America/Sao_Paulo;;;
5105150;Juína;-113728;-587483;0;51;9831;66;America/Porto_Velho;;;
3136702;Juiz de Fora;-217595;-433398;0;31;4733;32;America/Sao_Paulo;;;
2205524;Júlio Borges;-103225;-442381;0;22;332;89;America/Sao_Paulo;;;
4311205;Júlio de Castilhos;-292299;-536772;0;43;8725;55;America/Sao_Paulo;;;
3514601;Dumont;-212324;-479756;0;35;6393;16;America/Sao_Paulo;;-21,2324;-47,9756
3551702;Sertãozinho;-211316;-479875;0;35;7135;16;America/Sao_Paulo;;-21,1316;-47,9875
2105658;Junco do Maranhão;-183888;-4609;0;21;180;98;America/Sao_Paulo;;;
2507804;Junco do Seridó;-699269;-367166;0;25;2057;83;America/Sao_Paulo;;;
2406155;Jundiá;-626866;-353495;0;24;1108;84;America/Sao_Paulo;;;
2703908;Jundiá;-893297;-355669;0;27;2777;82;America/Sao_Paulo;;;
3519303;Ibaté;-219584;-479882;0;35;6487;16;America/Sao_Paulo;;-21,9584;-47,9882
4112900;Jundiaí do Sul;-234357;-502496;0;41;7651;43;America/Sao_Paulo;;;
2704005;Junqueiro;-990696;-364803;0;27;2779;82;America/Sao_Paulo;;;
3550209;São Miguel Arcanjo;-238782;-479935;0;35;7105;15;America/Sao_Paulo;;-23,8782;-47,9935
2608305;Jupi;-870904;-364126;0;26;2465;87;America/Sao_Paulo;;;
4209177;Jupiá;-26395;-527298;0;42;924;49;America/Sao_Paulo;;;
3524600;Jacupiranga;-246963;-480064;0;35;6593;13;America/Sao_Paulo;;-24,6963;-48,0064
3521309;Ipuã;-204438;-480129;0;35;6527;16;America/Sao_Paulo;;-20,4438;-48,0129
3136801;Juramento;-168473;-435865;0;31;4735;38;America/Sao_Paulo;;;
4112959;Juranda;-244209;-528413;0;41;8463;44;America/Sao_Paulo;;;
2608404;Jurema;-870714;-361347;0;26;2467;87;America/Sao_Paulo;;;
2205532;Jurema;-921992;-431337;0;22;334;89;America/Sao_Paulo;;;
2507903;Juripiranga;-736176;-352321;0;25;2059;83;America/Sao_Paulo;;;
2508000;Juru;-752983;-37815;0;25;2061;83;America/Sao_Paulo;;;
1302207;Juruá;-348438;-660718;0;13;247;97;America/Porto_Velho;;;
3136900;Juruaia;-212493;-465735;0;31;4737;35;America/Sao_Paulo;;;
5105176;Juruena;-103178;-583592;0;51;9921;66;America/Porto_Velho;;;
1503903;Juruti;-216347;-560889;0;15;477;93;America/Sao_Paulo;;;
5105200;Juscimeira;-160633;-548859;0;51;9189;66;America/Porto_Velho;;;
2918506;Jussara;-110431;-419702;0;29;3671;74;America/Sao_Paulo;;;
5212204;Jussara;-158659;-508668;0;52;9439;62;America/Sao_Paulo;;;
4113007;Jussara;-236219;-524693;0;41;7653;44;America/Sao_Paulo;;;
2918555;Jussari;-15192;-39491;0;29;3069;73;America/Sao_Paulo;;;
2918605;Jussiape;-135155;-415882;0;29;3673;77;America/Sao_Paulo;;;
1302306;Jutaí;-275814;-667595;0;13;249;97;America/Rio_Branco;;;
5005152;Juti;-228596;-546061;0;50;9923;67;America/Porto_Velho;;;
3136959;Juvenília;-142662;-441597;0;31;640;38;America/Sao_Paulo;;;
4113106;Kaloré;-238188;-516687;0;41;7655;43;America/Sao_Paulo;;;
1302405;Lábrea;-726413;-647948;0;13;251;97;America/Rio_Branco;;;
4209201;Lacerdópolis;-272579;-515577;0;42;8181;49;America/Sao_Paulo;;;
3137007;Ladainha;-176279;-417488;0;31;4739;33;America/Sao_Paulo;;;
5005202;Ladário;-190089;-575973;0;50;9103;67;America/Porto_Velho;;;
2918704;Lafaiete Coutinho;-136541;-402119;0;29;3675;73;America/Sao_Paulo;;;
3137106;Lagamar;-181759;-468063;0;31;4741;34;America/Sao_Paulo;;;
2803500;Lagarto;-109136;-376689;0;28;3169;79;America/Sao_Paulo;;;
4209300;Lages;-27815;-503259;0;42;8183;49;America/Sao_Paulo;;;
2105708;Lago da Pedra;-456974;-451319;0;21;813;99;America/Sao_Paulo;;;
2105807;Lago do Junco;-4609;-45049;0;21;815;99;America/Sao_Paulo;;;
2105948;Lago dos Rodrigues;-461173;-449798;0;21;184;99;America/Sao_Paulo;;;
2105906;Lago Verde;-394661;-44826;0;21;817;99;America/Sao_Paulo;;;
2508109;Lagoa;-658572;-379127;0;25;2063;83;America/Sao_Paulo;;;
2205557;Lagoa Alegre;-451539;-426309;0;22;999;86;America/Sao_Paulo;;;
4311239;Lagoa Bonita do Sul;-294939;-53017;0;43;1148;51;America/Sao_Paulo;;;
2406205;Lagoa d'Anta;-639493;-355949;0;24;1723;84;America/Sao_Paulo;;;
2704104;Lagoa da Canoa;-983291;-367413;0;27;2781;82;America/Sao_Paulo;;;
1711902;Lagoa da Confusão;-107906;-496199;0;17;367;63;America/Sao_Paulo;;;
3137205;Lagoa da Prata;-200237;-455401;0;31;4743;37;America/Sao_Paulo;;;
2508208;Lagoa de Dentro;-667213;-353706;0;25;2065;83;America/Sao_Paulo;;;
2608503;Lagoa de Itaenga;-793005;-352874;0;26;2469;81;America/Sao_Paulo;;;
2406304;Lagoa de Pedras;-615082;-354299;0;24;1725;84;America/Sao_Paulo;;;
2205573;Lagoa de São Francisco;-438505;-415969;0;22;338;86;America/Sao_Paulo;;;
2406403;Lagoa de Velhos;-60119;-358729;0;24;1727;84;America/Sao_Paulo;;;
2205565;Lagoa do Barro do Piauí;-847673;-415342;0;22;2259;89;America/Sao_Paulo;;;
2608453;Lagoa do Carro;-784383;-353108;0;26;2289;81;America/Sao_Paulo;;;
2105922;Lagoa do Mato;-605023;-435333;0;21;182;99;America/Sao_Paulo;;;
2608602;Lagoa do Ouro;-912567;-364584;0;26;2471;87;America/Sao_Paulo;;;
2205581;Lagoa do Piauí;-541864;-426437;0;22;340;86;America/Sao_Paulo;;;
2205599;Lagoa do Sítio;-650766;-415653;0;22;342;89;America/Sao_Paulo;;;
1711951;Lagoa do Tocantins;-10368;-47538;0;17;353;63;America/Sao_Paulo;;;
2608701;Lagoa dos Gatos;-86602;-35904;0;26;2473;81;America/Sao_Paulo;;;
3137304;Lagoa dos Patos;-16978;-445754;0;31;4745;38;America/Sao_Paulo;;;
4311270;Lagoa dos Três Cantos;-285676;-528618;0;43;5951;54;America/Sao_Paulo;;;
3137403;Lagoa Dourada;-209139;-440797;0;31;4747;32;America/Sao_Paulo;;;
3137502;Lagoa Formosa;-187715;-464012;0;31;4749;34;America/Sao_Paulo;;;
3137536;Lagoa Grande;-178323;-465165;0;31;2905;34;America/Sao_Paulo;;;
2608750;Lagoa Grande;-899452;-402767;0;26;552;87;America/Sao_Paulo;;;
2105963;Lagoa Grande do Maranhão;-498893;-453816;0;21;186;99;America/Sao_Paulo;;;
2406502;Lagoa Nova;-609339;-364703;0;24;1729;84;America/Sao_Paulo;;;
2918753;Lagoa Real;-140334;-421328;0;29;3289;77;America/Sao_Paulo;;;
2406601;Lagoa Salgada;-612295;-354724;0;24;1731;84;America/Sao_Paulo;;;
5212253;Lagoa Santa;-191832;-513998;0;52;1076;64;America/Sao_Paulo;;;
3137601;Lagoa Santa;-196397;-438932;0;31;4751;31;America/Sao_Paulo;;;
2508307;Lagoa Seca;-715535;-358491;0;25;2067;83;America/Sao_Paulo;;;
4311304;Lagoa Vermelha;-282093;-515248;0;43;8727;54;America/Sao_Paulo;;;
4311254;Lagoão;-292348;-527997;0;43;7389;51;America/Sao_Paulo;;;
3512308;Conchas;-230154;-480134;0;35;6347;14;America/Sao_Paulo;;-23,0154;-48,0134
2205540;Lagoinha do Piauí;-583074;-426223;0;22;336;86;America/Sao_Paulo;;;
4209409;Laguna;-284843;-487772;0;42;8185;48;America/Sao_Paulo;;;
5005251;Laguna Carapã;-225448;-551502;0;50;163;67;America/Porto_Velho;;;
2918803;Laje;-131673;-394213;0;29;3677;75;America/Sao_Paulo;;;
3302304;Laje do Muriaé;-212091;-421271;0;33;5845;22;America/Sao_Paulo;;;
1712009;Lajeado;-974996;-483565;0;17;351;63;America/Sao_Paulo;;;
4311403;Lajeado;-294591;-519644;0;43;8729;51;America/Sao_Paulo;;;
4311429;Lajeado do Bugre;-276913;-531818;0;43;5983;55;America/Sao_Paulo;;;
4209458;Lajeado Grande;-268576;-525648;0;42;5739;49;America/Sao_Paulo;;;
2105989;Lajeado Novo;-618539;-470293;0;21;188;99;America/Sao_Paulo;;;
2918902;Lajedão;-176056;-403383;0;29;3679;73;America/Sao_Paulo;;;
2919009;Lajedinho;-123529;-409048;0;29;3681;75;America/Sao_Paulo;;;
2608800;Lajedo;-865791;-363293;0;26;2475;87;America/Sao_Paulo;;;
2919058;Lajedo do Tabocal;-134663;-402204;0;29;3291;73;America/Sao_Paulo;;;
2406700;Lajes;-569322;-36247;0;24;1733;84;America/Sao_Paulo;;;
2406809;Lajes Pintadas;-614943;-361171;0;24;1735;84;America/Sao_Paulo;;;
3137700;Lajinha;-201539;-416228;0;31;4753;33;America/Sao_Paulo;;;
2919108;Lamarão;-11773;-38887;0;29;3683;75;America/Sao_Paulo;;;
3137809;Lambari;-219671;-453498;0;31;4755;35;America/Sao_Paulo;;;
5105234;Lambari D'Oeste;-153188;-580046;0;51;137;65;America/Porto_Velho;;;
3137908;Lamim;-2079;-434706;0;31;4757;31;America/Sao_Paulo;;;
2205607;Landri Sales;-725922;-439364;0;22;1111;89;America/Sao_Paulo;;;
4113205;Lapa;-257671;-497168;0;41;7657;41;America/Sao_Paulo;;;
2919157;Lapão;-113851;-418286;0;29;3973;74;America/Sao_Paulo;;;
3203163;Laranja da Terra;-198994;-410621;0;32;5723;27;America/Sao_Paulo;;;
3138005;Laranjal;-213715;-424732;0;31;4759;32;America/Sao_Paulo;;;
4113254;Laranjal;-248862;-5247;0;41;5501;42;America/Sao_Paulo;;;
1600279;Laranjal do Jari;-804911;-52453;0;16;613;96;America/Sao_Paulo;;;
3518859;Guatapará;-214944;-480356;0;35;7257;16;America/Sao_Paulo;;-21,4944;-48,0356
2803609;Laranjeiras;-107981;-371731;0;28;3171;79;America/Sao_Paulo;;;
4113304;Laranjeiras do Sul;-254077;-524109;0;41;7659;42;America/Sao_Paulo;;;
3138104;Lassance;-17887;-445735;0;31;4761;38;America/Sao_Paulo;;;
2508406;Lastro;-650603;-381742;0;25;2069;83;America/Sao_Paulo;;;
4209508;Laurentino;-272173;-497331;0;42;8187;47;America/Sao_Paulo;;;
2919207;Lauro de Freitas;-128978;-38321;0;29;3685;71;America/Sao_Paulo;;;
4209607;Lauro Muller;-283859;-494035;0;42;8189;48;America/Sao_Paulo;;;
1712157;Lavandeira;-127847;-465099;0;17;86;63;America/Sao_Paulo;;;
3540200;Pontal;-210216;-480423;0;35;6905;16;America/Sao_Paulo;;-21,0216;-48,0423
3138203;Lavras;-21248;-450009;0;31;4763;35;America/Sao_Paulo;;;
2307502;Lavras da Mangabeira;-67448;-389706;0;23;1451;88;America/Sao_Paulo;;;
4311502;Lavras do Sul;-308071;-538931;0;43;8731;55;America/Sao_Paulo;;;
3522307;Itapetininga;-235886;-480483;0;35;6547;15;America/Sao_Paulo;;-23,5886;-48,0483
3138302;Leandro Ferreira;-197193;-450279;0;31;4765;37;America/Sao_Paulo;;;
4209706;Lebon Régis;-26928;-506921;0;42;8191;49;America/Sao_Paulo;;;
3541653;Quadra;-232993;-480547;0;35;816;15;America/Sao_Paulo;;-23,2993;-48,0547
3138351;Leme do Prado;-170793;-426936;0;31;642;33;America/Sao_Paulo;;;
2919306;Lençóis;-125616;-413928;0;29;3687;75;America/Sao_Paulo;;;
3531902;Morro Agudo;-207288;-480581;0;35;6739;16;America/Sao_Paulo;;-20,7288;-48,0581
4209805;Leoberto Leal;-275081;-492789;0;42;8193;48;America/Sao_Paulo;;;
3138401;Leopoldina;-215296;-426421;0;31;4767;32;America/Sao_Paulo;;;
5212303;Leopoldo de Bulhões;-16619;-487428;0;52;9443;62;America/Sao_Paulo;;;
4113403;Leópolis;-230818;-507511;0;41;7661;43;America/Sao_Paulo;;;
4311601;Liberato Salzano;-27601;-530753;0;43;8733;55;America/Sao_Paulo;;;
3138500;Liberdade;-220275;-443208;0;31;4769;32;America/Sao_Paulo;;;
2919405;Licínio de Almeida;-146842;-425095;0;29;3689;77;America/Sao_Paulo;;;
4113429;Lidianópolis;-2411;-516506;0;41;5507;43;America/Sao_Paulo;;;
2106003;Lima Campos;-451837;-444646;0;21;819;99;America/Sao_Paulo;;;
3138609;Lima Duarte;-218386;-437934;0;31;4771;32;America/Sao_Paulo;;;
3540903;Pradópolis;-213626;-480679;0;35;6919;16;America/Sao_Paulo;;-21,3626;-48,0679
3138625;Limeira do Oeste;-195512;-505815;0;31;2687;34;America/Sao_Paulo;;;
2608909;Limoeiro;-78726;-354402;0;26;2477;81;America/Sao_Paulo;;;
2704203;Limoeiro de Anadia;-974098;-365121;0;27;2783;82;America/Sao_Paulo;;;
1504000;Limoeiro do Ajuru;-18985;-493903;0;15;479;91;America/Sao_Paulo;;;
2307601;Limoeiro do Norte;-514392;-380847;0;23;1453;88;America/Sao_Paulo;;;
4113452;Lindoeste;-252596;-535733;0;41;9959;45;America/Sao_Paulo;;;
3543709;Rincão;-215894;-480728;0;35;6975;16;America/Sao_Paulo;;-21,5894;-48,0728
4209854;Lindóia do Sul;-270545;-52069;0;42;9961;49;America/Sao_Paulo;;;
4311627;Lindolfo Collor;-295859;-512141;0;43;6017;51;America/Sao_Paulo;;;
4311643;Linha Nova;-294679;-512003;0;43;6047;51;America/Sao_Paulo;;;
3203205;Linhares;-193946;-400643;0;32;5663;27;America/Sao_Paulo;;;
3546900;Santa Lúcia;-216850;-480885;0;35;7039;16;America/Sao_Paulo;;-21,6850;-48,0885
2508505;Livramento;-737113;-369491;0;25;2071;83;America/Sao_Paulo;;;
2919504;Livramento de Nossa Senhora;-136369;-418432;0;29;3691;77;America/Sao_Paulo;;;
1712405;Lizarda;-959002;-466738;0;17;9569;63;America/Sao_Paulo;;;
4113502;Loanda;-229232;-531362;0;41;7663;44;America/Sao_Paulo;;;
4113601;Lobato;-230058;-519524;0;41;7665;44;America/Sao_Paulo;;;
2508554;Logradouro;-661191;-354384;0;25;482;83;America/Sao_Paulo;;;
4113700;Londrina;-23304;-511691;0;41;7667;43;America/Sao_Paulo;;;
3138658;Lontra;-159013;-44306;0;31;2695;38;America/Sao_Paulo;;;
4209904;Lontras;-271684;-49535;0;42;8195;47;America/Sao_Paulo;;;
3514809;Eldorado;-245281;-481141;0;35;6397;13;America/Sao_Paulo;;-24,5281;-48,1141
2106102;Loreto;-708111;-451451;0;21;821;99;America/Sao_Paulo;;;
3501707;Américo Brasiliense;-217288;-481147;0;35;6133;16;America/Sao_Paulo;;-21,7288;-48,1147
3540507;Porangaba;-231761;-481195;0;35;6911;15;America/Sao_Paulo;;-23,1761;-48,1195
5105259;Lucas do Rio Verde;-130588;-559042;0;51;9925;65;America/Porto_Velho;;;
3509254;Cajati;-247324;-481223;0;35;2967;13;America/Sao_Paulo;;-24,7324;-48,1223
2508604;Lucena;-690258;-348748;0;25;2073;83;America/Sao_Paulo;;;
3507902;Brotas;-222795;-481251;0;35;6259;14;America/Sao_Paulo;;-22,2795;-48,1251
5105309;Luciara;-112219;-506676;0;51;9105;66;America/Porto_Velho;;;
2406908;Lucrécia;-610525;-378134;0;24;1737;84;America/Sao_Paulo;;;
3502309;Anhembi;-227930;-481336;0;35;6145;14;America/Sao_Paulo;;-22,7930;-48,1336
2205706;Luís Correia;-288438;-416641;0;22;1113;86;America/Sao_Paulo;;;
2106201;Luís Domingues;-127492;-45867;0;21;823;98;America/Sao_Paulo;;;
2919553;Luís Eduardo Magalhães;-120956;-457866;0;29;1112;77;America/Sao_Paulo;;;
2407005;Luís Gomes;-640588;-383899;0;24;1739;84;America/Sao_Paulo;;;
3138674;Luisburgo;-204468;-420976;0;31;644;33;America/Sao_Paulo;;;
3138682;Luislândia;-161095;-445886;0;31;646;38;America/Sao_Paulo;;;
4210001;Luiz Alves;-267151;-489322;0;42;8197;47;America/Sao_Paulo;;;
4113734;Luiziana;-242853;-52269;0;41;8481;44;America/Sao_Paulo;;;
3532058;Motuca;-215103;-481538;0;35;7263;16;America/Sao_Paulo;;-21,5103;-48,1538
3138708;Luminárias;-215145;-449034;0;31;4773;35;America/Sao_Paulo;;;
4113759;Lunardelli;-240821;-517368;0;41;8459;43;America/Sao_Paulo;;;
3547007;Santa Maria da Serra;-225661;-481593;0;35;7041;19;America/Sao_Paulo;;-22,5661;-48,1593
4113809;Lupionópolis;-22755;-516601;0;41;7669;43;America/Sao_Paulo;;;
3505609;Barrinha;-211864;-481636;0;35;6211;16;America/Sao_Paulo;;-21,1864;-48,1636
3138807;Luz;-197911;-456794;0;31;4775;37;America/Sao_Paulo;;;
4210035;Luzerna;-271304;-514682;0;42;926;49;America/Sao_Paulo;;;
5212501;Luziânia;-16253;-4795;0;52;9445;61;America/Sao_Paulo;;;
2205805;Luzilândia;-34683;-423718;0;22;1115;86;America/Sao_Paulo;;;
1712454;Luzinópolis;-617794;-478582;0;17;88;63;America/Sao_Paulo;;;
3302403;Macaé;-223768;-417848;0;33;5847;22;America/Sao_Paulo;;;
2407104;Macaíba;-585229;-353552;0;24;1741;84;America/Sao_Paulo;;;
2919603;Macajuba;-121326;-403571;0;29;3693;74;America/Sao_Paulo;;;
4311718;Maçambará;-291445;-560674;0;43;994;55;America/Sao_Paulo;;;
2803708;Macambira;-106619;-375413;0;28;3173;79;America/Sao_Paulo;;;
1600303;Macapá;34934;-510694;1;16;605;96;America/Sao_Paulo;;;
2609006;Macaparana;-755564;-354425;0;26;2479;81;America/Sao_Paulo;;;
2919702;Macarani;-155646;-404209;0;29;3695;77;America/Sao_Paulo;;;
3554706;Torrinha;-224237;-481731;0;35;7195;14;America/Sao_Paulo;;-22,4237;-48,1731
2407203;Macau;-510795;-366318;0;24;1743;84;America/Sao_Paulo;;;
3518503;Guareí;-233714;-481837;0;35;6471;15;America/Sao_Paulo;;-23,3714;-48,1837
2919801;Macaúbas;-130186;-426945;0;29;3697;77;America/Sao_Paulo;;;
3554656;Torre de Pedra;-232462;-481955;0;35;3227;15;America/Sao_Paulo;;-23,2462;-48,1955
2704302;Maceió;-966599;-35735;1;27;2785;82;America/Sao_Paulo;;;
3138906;Machacalis;-170723;-407245;0;31;4777;33;America/Sao_Paulo;;;
4311700;Machadinho;-275667;-516668;0;43;8735;54;America/Sao_Paulo;;;
1100130;Machadinho D'Oeste;-944363;-619818;0;11;39;69;America/Porto_Velho;;;
3139003;Machado;-216778;-459219;0;31;4779;35;America/Sao_Paulo;;;
2609105;Machados;-768827;-355114;0;26;2481;81;America/Sao_Paulo;;;
4210050;Macieira;-268552;-513705;0;42;5575;49;America/Sao_Paulo;;;
3302452;Macuco;-219813;-422533;0;33;776;22;America/Sao_Paulo;;;
2919900;Macururé;-916226;-390518;0;29;3699;75;America/Sao_Paulo;;;
2307635;Madalena;-484601;-395725;0;23;1261;88;America/Sao_Paulo;;;
2205854;Madeiro;-348624;-424981;0;22;344;86;America/Sao_Paulo;;;
2919926;Madre de Deus;-127446;-386153;0;29;3293;71;America/Sao_Paulo;;;
3139102;Madre de Deus de Minas;-21483;-443287;0;31;4781;32;America/Sao_Paulo;;;
2508703;Mãe d'Água;-725201;-374322;0;25;2075;83;America/Sao_Paulo;;;
1504059;Mãe do Rio;-205683;-475601;0;15;587;91;America/Sao_Paulo;;;
2919959;Maetinga;-146623;-414915;0;29;3975;77;America/Sao_Paulo;;;
4210100;Mafra;-261159;-498086;0;42;8199;47;America/Sao_Paulo;;;
1504109;Magalhães Barata;-803391;-476014;0;15;481;91;America/Sao_Paulo;;;
2106300;Magalhães de Almeida;-339232;-422117;0;21;825;98;America/Sao_Paulo;;;
3518602;Guariba;-213594;-482316;0;35;6473;16;America/Sao_Paulo;;-21,3594;-48,2316
3302502;Magé;-226632;-430315;0;33;5849;21;America/Sao_Paulo;;;
2920007;Maiquinique;-15624;-402587;0;29;3701;77;America/Sao_Paulo;;;
2920106;Mairi;-117107;-401437;0;29;3703;74;America/Sao_Paulo;;;
3506904;Bofete;-231055;-482582;0;35;6237;14;America/Sao_Paulo;;-23,1055;-48,2582
3514304;Dourado;-221044;-483178;0;35;6387;16;America/Sao_Paulo;;-22,1044;-48,3178
5212600;Mairipotaba;-172975;-494898;0;52;9447;64;America/Sao_Paulo;;;
4210209;Major Gercino;-274192;-489488;0;42;8201;48;America/Sao_Paulo;;;
2704401;Major Isidoro;-953009;-36992;0;27;2787;82;America/Sao_Paulo;;;
2407252;Major Sales;-639949;-38324;0;24;420;84;America/Sao_Paulo;;;
4210308;Major Vieira;-263709;-503266;0;42;8203;47;America/Sao_Paulo;;;
3139201;Malacacheta;-178456;-420769;0;31;4783;33;America/Sao_Paulo;;;
2920205;Malhada;-143371;-437686;0;29;3705;77;America/Sao_Paulo;;;
2920304;Malhada de Pedras;-143847;-418842;0;29;3707;77;America/Sao_Paulo;;;
2803807;Malhada dos Bois;-103418;-369252;0;28;3175;79;America/Sao_Paulo;;;
2803906;Malhador;-106649;-373004;0;28;3177;79;America/Sao_Paulo;;;
4113908;Mallet;-258806;-508173;0;41;7671;42;America/Sao_Paulo;;;
2508802;Malta;-689719;-375221;0;25;2077;83;America/Sao_Paulo;;;
2508901;Mamanguape;-68337;-351213;0;25;2079;83;America/Sao_Paulo;;;
5212709;Mambaí;-144823;-461165;0;52;9449;62;America/Sao_Paulo;;;
4114005;Mamborê;-24317;-525271;0;41;7673;44;America/Sao_Paulo;;;
3139250;Mamonas;-150479;-429469;0;31;2895;38;America/Sao_Paulo;;;
4311734;Mampituba;-292136;-499311;0;43;996;51;America/Sao_Paulo;;;
1302504;Manacapuru;-329066;-606216;0;13;253;92;America/Porto_Velho;;;
2509008;Manaíra;-770331;-381523;0;25;2081;83;America/Sao_Paulo;;;
1302553;Manaquiri;-344078;-604612;0;13;9839;92;America/Porto_Velho;;;
2609154;Manari;-89649;-376313;0;26;554;87;America/Sao_Paulo;;;
1302603;Manaus;-311866;-600212;1;13;255;92;America/Porto_Velho;;;
1200336;Mâncio Lima;-761657;-728997;0;12;109;68;America/Rio_Branco;;;
4114104;Mandaguaçu;-233458;-520944;0;41;7675;44;America/Sao_Paulo;;;
4114203;Mandaguari;-235446;-51671;0;41;7677;44;America/Sao_Paulo;;;
4114302;Mandirituba;-25777;-493282;0;41;7679;41;America/Sao_Paulo;;;
3524303;Jaboticabal;-212520;-483252;0;35;6587;16;America/Sao_Paulo;;-21,2520;-48,3252
4114351;Manfrinópolis;-261441;-533113;0;41;864;46;America/Sao_Paulo;;;
3139300;Manga;-147529;-439391;0;31;4785;38;America/Sao_Paulo;;;
3302601;Mangaratiba;-229594;-440409;0;33;5851;21;America/Sao_Paulo;;;
4114401;Mangueirinha;-259421;-521743;0;41;7511;46;America/Sao_Paulo;;;
3139409;Manhuaçu;-202572;-42028;0;31;4787;33;America/Sao_Paulo;;;
3139508;Manhumirim;-203591;-419589;0;31;4789;33;America/Sao_Paulo;;;
1302702;Manicoré;-580462;-612895;0;13;257;97;America/Porto_Velho;;;
2205904;Manoel Emídio;-801234;-438755;0;22;1117;89;America/Sao_Paulo;;;
4114500;Manoel Ribas;-245144;-516658;0;41;7681;43;America/Sao_Paulo;;;
1200344;Manoel Urbano;-883291;-692679;0;12;155;68;America/Rio_Branco;;;
4311759;Manoel Viana;-295859;-554841;0;43;6079;55;America/Sao_Paulo;;;
2920403;Manoel Vitorino;-141476;-402399;0;29;3709;73;America/Sao_Paulo;;;
2920452;Mansidão;-107227;-440428;0;29;3977;77;America/Sao_Paulo;;;
3139607;Mantena;-187761;-409874;0;31;4791;33;America/Sao_Paulo;;;
3203304;Mantenópolis;-188594;-41124;0;32;5665;27;America/Sao_Paulo;;;
4311775;Maquiné;-296798;-502079;0;43;5783;51;America/Sao_Paulo;;;
3139805;Mar de Espanha;-218707;-430062;0;31;4795;32;America/Sao_Paulo;;;
2704906;Mar Vermelho;-944739;-363881;0;27;2797;82;America/Sao_Paulo;;;
5212808;Mara Rosa;-140148;-491777;0;52;9451;62;America/Sao_Paulo;;;
1302801;Maraã;-185313;-65573;0;13;259;97;America/Porto_Velho;;;
1504208;Marabá;-538075;-491327;0;15;483;94;America/Sao_Paulo;;;
3554409;Terra Roxa;-207870;-483314;0;35;7189;17;America/Sao_Paulo;;-20,7870;-48,3314
2106326;Maracaçumé;-204918;-459587;0;21;190;98;America/Sao_Paulo;;;
3554755;Trabiju;-220388;-483342;0;35;826;16;America/Sao_Paulo;;-22,0388;-48,3342
4210407;Maracajá;-288463;-494605;0;42;8391;48;America/Sao_Paulo;;;
5005400;Maracaju;-216105;-551678;0;50;9107;67;America/Porto_Velho;;;
1504307;Maracanã;-778899;-47452;0;15;485;91;America/Sao_Paulo;;;
2307650;Maracanaú;-386699;-386259;0;23;1585;85;America/Sao_Paulo;;;
2920502;Maracás;-134355;-404323;0;29;3711;73;America/Sao_Paulo;;;
2704500;Maragogi;-900744;-352267;0;27;2789;82;America/Sao_Paulo;;;
2920601;Maragogipe;-12776;-389175;0;29;3713;75;America/Sao_Paulo;;;
2609204;Maraial;-879062;-358266;0;26;2483;81;America/Sao_Paulo;;;
2106359;Marajá do Sena;-462806;-454531;0;21;192;98;America/Sao_Paulo;;;
2307700;Maranguape;-389143;-386829;0;23;1455;85;America/Sao_Paulo;;;
2106375;Maranhãozinho;-224078;-458507;0;21;194;98;America/Sao_Paulo;;;
1504406;Marapanim;-714702;-477034;0;15;487;91;America/Sao_Paulo;;;
3510203;Capão Bonito;-240113;-483482;0;35;6305;15;America/Sao_Paulo;;-24,0113;-48,3482
4311791;Maratá;-295457;-515573;0;43;6039;51;America/Sao_Paulo;;;
3203320;Marataízes;-210398;-408384;0;32;760;28;America/Sao_Paulo;;;
4311809;Marau;-284498;-521986;0;43;8737;54;America/Sao_Paulo;;;
2920700;Maraú;-141035;-390137;0;29;3715;73;America/Sao_Paulo;;;
2704609;Maravilha;-923045;-373524;0;27;2791;82;America/Sao_Paulo;;;
4210506;Maravilha;-267665;-531737;0;42;8205;49;America/Sao_Paulo;;;
3139706;Maravilhas;-195076;-446779;0;31;4793;37;America/Sao_Paulo;;;
2509057;Marcação;-676535;-350087;0;25;484;83;America/Sao_Paulo;;;
5105580;Marcelândia;-110463;-544377;0;51;9899;66;America/Porto_Velho;;;
4311908;Marcelino Ramos;-274676;-519095;0;43;8739;54;America/Sao_Paulo;;;
2407302;Marcelino Vieira;-62846;-381642;0;24;1745;84;America/Sao_Paulo;;;
2920809;Marcionílio Souza;-130064;-405295;0;29;3717;75;America/Sao_Paulo;;;
2307809;Marco;-31285;-401582;0;23;1457;88;America/Sao_Paulo;;;
2205953;Marcolândia;-744169;-406602;0;22;2275;89;America/Sao_Paulo;;;
2206001;Marcos Parente;-711565;-438926;0;22;1119;89;America/Sao_Paulo;;;
4114609;Marechal Cândido Rondon;-24557;-540571;0;41;7683;45;America/Sao_Paulo;;;
2704708;Marechal Deodoro;-970971;-358967;0;27;2793;82;America/Sao_Paulo;;;
3203346;Marechal Floriano;-204159;-4067;0;32;2929;27;America/Sao_Paulo;;;
1200351;Marechal Thaumaturgo;-893898;-727997;0;12;655;68;America/Rio_Branco;;;
4210555;Marema;-268024;-526264;0;42;9963;49;America/Sao_Paulo;;;
2509107;Mari;-705942;-35318;0;25;2083;83;America/Sao_Paulo;;;
3139904;Maria da Fé;-223044;-453773;0;31;4797;35;America/Sao_Paulo;;;
4114708;Maria Helena;-236158;-532053;0;41;7685;44;America/Sao_Paulo;;;
4114807;Marialva;-234843;-517928;0;41;7687;44;America/Sao_Paulo;;;
3140001;Mariana;-203765;-43414;0;31;4799;31;America/Sao_Paulo;;;
4311981;Mariana Pimentel;-30353;-515803;0;43;5759;51;America/Sao_Paulo;;;
4312005;Mariano Moro;-273568;-521467;0;43;8741;54;America/Sao_Paulo;;;
1712504;Marianópolis do Tocantins;-979377;-496553;0;17;9711;63;America/Sao_Paulo;;;
3543253;Ribeirão Grande;-241011;-483679;0;35;3057;15;America/Sao_Paulo;;-24,1011;-48,3679
2704807;Maribondo;-958353;-363045;0;27;2795;82;America/Sao_Paulo;;;
3302700;Maricá;-229354;-428246;0;33;5853;21;America/Sao_Paulo;;;
3140100;Marilac;-185079;-420822;0;31;4801;33;America/Sao_Paulo;;;
3203353;Marilândia;-194114;-405456;0;32;5707;27;America/Sao_Paulo;;;
4114906;Marilândia do Sul;-237425;-513137;0;41;7433;43;America/Sao_Paulo;;;
4115002;Marilena;-227336;-530402;0;41;7975;44;America/Sao_Paulo;;;
3536109;Pardinho;-230841;-483679;0;35;6823;14;America/Sao_Paulo;;-23,0841;-48,3679
4115101;Mariluz;-240089;-531432;0;41;7689;44;America/Sao_Paulo;;;
4115200;Maringá;-234205;-519333;0;41;7691;44;America/Sao_Paulo;;;
3514106;Dois Córregos;-223673;-483819;0;35;6383;14;America/Sao_Paulo;;-22,3673;-48,3819
3140159;Mário Campos;-200582;-441883;0;31;648;31;America/Sao_Paulo;;;
4115309;Mariópolis;-26355;-525532;0;41;7693;46;America/Sao_Paulo;;;
4115358;Maripá;-2442;-538286;0;41;5487;44;America/Sao_Paulo;;;
3140209;Maripá de Minas;-216979;-429546;0;31;4803;32;America/Sao_Paulo;;;
1504422;Marituba;-136002;-483421;0;15;54;91;America/Sao_Paulo;;;
2509156;Marizópolis;-682748;-383528;0;25;486;83;America/Sao_Paulo;;;
3140308;Marliéria;-197096;-427327;0;31;4805;31;America/Sao_Paulo;;;
4115408;Marmeleiro;-261472;-530267;0;41;7695;46;America/Sao_Paulo;;;
3140407;Marmelópolis;-22447;-451645;0;31;4807;35;America/Sao_Paulo;;;
4312054;Marques de Souza;-293311;-520973;0;43;998;51;America/Sao_Paulo;;;
4115457;Marquinho;-25112;-522497;0;41;866;42;America/Sao_Paulo;;;
3140506;Martinho Campos;-193306;-452434;0;31;4809;37;America/Sao_Paulo;;;
2307908;Martinópole;-32252;-406896;0;23;1459;88;America/Sao_Paulo;;;
3506706;Boa Esperança do Sul;-219918;-483906;0;35;6233;16;America/Sao_Paulo;;-21,9918;-48,3906
2407401;Martins;-608279;-37908;0;24;1747;84;America/Sao_Paulo;;;
3140530;Martins Soares;-202546;-418786;0;31;650;33;America/Sao_Paulo;;;
2804003;Maruim;-107308;-370856;0;28;3179;79;America/Sao_Paulo;;;
4115507;Marumbi;-237058;-516404;0;41;7697;43;America/Sao_Paulo;;;
5212907;Marzagão;-17983;-486415;0;52;9453;64;America/Sao_Paulo;;;
2920908;Mascote;-155542;-393016;0;29;3719;73;America/Sao_Paulo;;;
2308005;Massapê;-352364;-403423;0;23;1461;88;America/Sao_Paulo;;;
2206050;Massapê do Piauí;-747469;-411103;0;22;346;89;America/Sao_Paulo;;;
2509206;Massaranduba;-718995;-357848;0;25;2085;83;America/Sao_Paulo;;;
4210605;Massaranduba;-266109;-490054;0;42;8207;47;America/Sao_Paulo;;;
4312104;Mata;-295649;-544641;0;43;8743;55;America/Sao_Paulo;;;
2921005;Mata de São João;-125307;-383009;0;29;3721;71;America/Sao_Paulo;;;
2705002;Mata Grande;-911824;-377323;0;27;2799;82;America/Sao_Paulo;;;
2106409;Mata Roma;-362035;-431112;0;21;827;98;America/Sao_Paulo;;;
3140555;Mata Verde;-156869;-407366;0;31;2659;33;America/Sao_Paulo;;;
3514007;Dobrada;-215155;-483935;0;35;6381;16;America/Sao_Paulo;;-21,5155;-48,3935
2509305;Mataraca;-659673;-350531;0;25;2087;83;America/Sao_Paulo;;;
1712702;Mateiros;-105464;-464168;0;17;317;63;America/Sao_Paulo;;;
4115606;Matelândia;-252496;-539935;0;41;7699;45;America/Sao_Paulo;;;
3140605;Materlândia;-184699;-430579;0;31;4811;33;America/Sao_Paulo;;;
3140704;Mateus Leme;-199794;-444318;0;31;4813;31;America/Sao_Paulo;;;
3171501;Mathias Lobato;-1859;-419166;0;31;5431;33;America/Sao_Paulo;;;
3140803;Matias Barbosa;-21869;-433135;0;31;4815;32;America/Sao_Paulo;;;
3140852;Matias Cardoso;-148563;-439146;0;31;2897;38;America/Sao_Paulo;;;
2206100;Matias Olímpio;-371492;-425507;0;22;1121;86;America/Sao_Paulo;;;
2921054;Matina;-139109;-428439;0;29;3295;77;America/Sao_Paulo;;;
2106508;Matinha;-309849;-45035;0;21;829;98;America/Sao_Paulo;;;
2509339;Matinhas;-712486;-357669;0;25;488;83;America/Sao_Paulo;;;
4115705;Matinhos;-258237;-48549;0;41;7963;41;America/Sao_Paulo;;;
3140902;Matipó;-202873;-423401;0;31;4817;31;America/Sao_Paulo;;;
4312138;Mato Castelhano;-2828;-521932;0;43;5931;54;America/Sao_Paulo;;;
2509370;Mato Grosso;-654018;-377279;0;25;490;83;America/Sao_Paulo;;;
4312153;Mato Leitão;-295285;-521278;0;43;6031;51;America/Sao_Paulo;;;
4312179;Mato Queimado;-28252;-546159;0;43;1150;55;America/Sao_Paulo;;;
4115739;Mato Rico;-246995;-521454;0;41;5503;42;America/Sao_Paulo;;;
3141009;Mato Verde;-153944;-4286;0;31;4819;38;America/Sao_Paulo;;;
2106607;Matões;-551359;-432018;0;21;831;99;America/Sao_Paulo;;;
2106631;Matões do Norte;-36244;-445468;0;21;196;98;America/Sao_Paulo;;;
4210704;Matos Costa;-264709;-511501;0;42;8209;49;America/Sao_Paulo;;;
3141108;Matozinhos;-195543;-440868;0;31;4821;31;America/Sao_Paulo;;;
5212956;Matrinchã;-154342;-507456;0;52;9927;62;America/Sao_Paulo;;;
2705101;Matriz de Camaragibe;-915437;-355243;0;27;2801;82;America/Sao_Paulo;;;
5105606;Matupá;-101821;-549467;0;51;9929;66;America/Porto_Velho;;;
2509396;Maturéia;-726188;-37351;0;25;492;83;America/Sao_Paulo;;;
3141207;Matutina;-192179;-459664;0;31;4823;34;America/Sao_Paulo;;;
3546504;Santa Ernestina;-214618;-483953;0;35;7031;16;America/Sao_Paulo;;-21,4618;-48,3953
4115754;Mauá da Serra;-238988;-512277;0;41;5459;43;America/Sao_Paulo;;;
1302900;Maués;-339289;-577067;0;13;261;92;America/Porto_Velho;;;
5213004;Maurilândia;-179719;-503388;0;52;9457;64;America/Sao_Paulo;;;
1712801;Maurilândia do Tocantins;-595169;-475125;0;17;183;63;America/Sao_Paulo;;;
2308104;Mauriti;-738597;-387708;0;23;1463;88;America/Sao_Paulo;;;
2407500;Maxaranguape;-552181;-352631;0;24;1749;84;America/Sao_Paulo;;;
4312203;Maximiliano de Almeida;-276325;-51802;0;43;8745;54;America/Sao_Paulo;;;
1600402;Mazagão;-11336;-512891;0;16;607;96;America/Sao_Paulo;;;
3141306;Medeiros;-199865;-462181;0;31;4825;37;America/Sao_Paulo;;;
2921104;Medeiros Neto;-173707;-402238;0;29;3723;73;America/Sao_Paulo;;;
4115804;Medianeira;-252977;-540943;0;41;7701;45;America/Sao_Paulo;;;
1504455;Medicilândia;-344637;-528875;0;15;589;93;America/Sao_Paulo;;;
3141405;Medina;-162245;-414728;0;31;4827;33;America/Sao_Paulo;;;
4210803;Meleiro;-288244;-496378;0;42;8211;48;America/Sao_Paulo;;;
1504505;Melgaço;-18032;-507149;0;15;489;91;America/Sao_Paulo;;;
3302809;Mendes;-225245;-437312;0;33;5855;24;America/Sao_Paulo;;;
3141504;Mendes Pimentel;-186631;-414052;0;31;4829;33;America/Sao_Paulo;;;
3524204;Jaborandi;-206884;-484112;0;35;6585;17;America/Sao_Paulo;;-20,6884;-48,4112
4115853;Mercedes;-244538;-541618;0;41;5531;45;America/Sao_Paulo;;;
3141603;Mercês;-211976;-433337;0;31;4831;32;America/Sao_Paulo;;;
3553658;Taquaral;-210737;-484126;0;35;824;16;America/Sao_Paulo;;-21,0737;-48,4126
2308203;Meruoca;-353974;-404531;0;23;1465;88;America/Sao_Paulo;;;
3502200;Angatuba;-234917;-484139;0;35;6143;15;America/Sao_Paulo;;-23,4917;-48,4139
3302858;Mesquita;-228028;-434601;0;33;1116;21;America/Sao_Paulo;;;
3141702;Mesquita;-19224;-426079;0;31;4833;33;America/Sao_Paulo;;;
2705200;Messias;-939384;-358392;0;27;2803;82;America/Sao_Paulo;;;
2407609;Messias Targino;-607194;-375158;0;24;1721;84;America/Sao_Paulo;;;
2206209;Miguel Alves;-416857;-428963;0;22;1123;86;America/Sao_Paulo;;;
2921203;Miguel Calmon;-114299;-406031;0;29;3725;74;America/Sao_Paulo;;;
2206308;Miguel Leão;-568077;-427436;0;22;1125;86;America/Sao_Paulo;;;
3302908;Miguel Pereira;-224572;-434803;0;33;5857;24;America/Sao_Paulo;;;
3507506;Botucatu;-228837;-484437;0;35;6249;14;America/Sao_Paulo;;-22,8837;-48,4437
2308302;Milagres;-729749;-389378;0;23;1467;88;America/Sao_Paulo;;;
2921302;Milagres;-128646;-398611;0;29;3727;75;America/Sao_Paulo;;;
2106672;Milagres do Maranhão;-357443;-426131;0;21;198;98;America/Sao_Paulo;;;
2308351;Milhã;-567252;-391875;0;23;1597;88;America/Sao_Paulo;;;
2206357;Milton Brandão;-468295;-414173;0;22;348;86;America/Sao_Paulo;;;
5213053;Mimoso de Goiás;-150515;-481611;0;52;9931;62;America/Sao_Paulo;;;
3203403;Mimoso do Sul;-210628;-413615;0;32;5667;28;America/Sao_Paulo;;;
5213087;Minaçu;-135304;-482206;0;52;9647;62;America/Sao_Paulo;;;
2705309;Minador do Negrão;-931236;-368696;0;27;2805;82;America/Sao_Paulo;;;
4312252;Minas do Leão;-301346;-520423;0;43;5773;51;America/Sao_Paulo;;;
3141801;Minas Novas;-172156;-425884;0;31;4835;33;America/Sao_Paulo;;;
3141900;Minduri;-216797;-446051;0;31;4837;35;America/Sao_Paulo;;;
5213103;Mineiros;-175654;-525537;0;52;9459;64;America/Sao_Paulo;;;
3553203;Taiúva;-211223;-484528;0;35;7165;16;America/Sao_Paulo;;-21,1223;-48,4528
1101203;Ministro Andreazza;-11196;-615174;0;11;695;69;America/Porto_Velho;;;
3509452;Campina do Monte Alegre;-235895;-484758;0;35;2999;15;America/Sao_Paulo;;-23,5895;-48,4758
3142007;Mirabela;-16256;-441602;0;31;4839;38;America/Sao_Paulo;;;
3506102;Bebedouro;-209491;-484791;0;35;6221;17;America/Sao_Paulo;;-20,9491;-48,4791
3303005;Miracema;-214148;-421938;0;33;5859;22;America/Sao_Paulo;;;
1713205;Miracema do Tocantins;-956556;-48393;0;17;9461;63;America/Sao_Paulo;;;
2106706;Mirador;-637454;-443683;0;21;833;99;America/Sao_Paulo;;;
4115903;Mirador;-23255;-527761;0;41;7703;44;America/Sao_Paulo;;;
3142106;Miradouro;-208899;-423458;0;31;4841;32;America/Sao_Paulo;;;
4312302;Miraguaí;-27497;-536891;0;43;8747;55;America/Sao_Paulo;;;
3142205;Miraí;-212021;-426122;0;31;4843;32;America/Sao_Paulo;;;
2308377;Miraíma;-356867;-399663;0;23;1263;88;America/Sao_Paulo;;;
5005608;Miranda;-202355;-563746;0;50;9111;67;America/Porto_Velho;;;
2106755;Miranda do Norte;-356313;-445814;0;21;1283;98;America/Sao_Paulo;;;
2609303;Mirandiba;-812113;-387388;0;26;2485;87;America/Sao_Paulo;;;
3516853;Gavião Peixoto;-218367;-484957;0;35;798;16;America/Sao_Paulo;;-21,8367;-48,4957
2921401;Mirangaba;-10961;-40574;0;29;3729;74;America/Sao_Paulo;;;
1713304;Miranorte;-952907;-485922;0;17;9463;63;America/Sao_Paulo;;;
2921450;Mirante;-142385;-407718;0;29;3297;77;America/Sao_Paulo;;;
1101302;Mirante da Serra;-11029;-626696;0;11;697;69;America/Porto_Velho;;;
3531308;Monte Alto;-212655;-484971;0;35;6727;16;America/Sao_Paulo;;-21,2655;-48,4971
4116000;Miraselva;-229657;-514846;0;41;7705;43;America/Sao_Paulo;;;
3505401;Barra do Turvo;-247590;-485013;0;35;6207;15;America/Sao_Paulo;;-24,7590;-48,5013
5105622;Mirassol d'Oeste;-156759;-580951;0;51;9177;65;America/Porto_Velho;;;
3553708;Taquaritinga;-214049;-485103;0;35;7175;16;America/Sao_Paulo;;-21,4049;-48,5103
3142254;Miravânia;-147348;-444092;0;31;652;38;America/Sao_Paulo;;;
4210852;Mirim Doce;-27197;-500786;0;42;5559;47;America/Sao_Paulo;;;
2106805;Mirinzal;-207094;-447787;0;21;835;98;America/Sao_Paulo;;;
4116059;Missal;-250919;-542477;0;41;8469;45;America/Sao_Paulo;;;
2308401;Missão Velha;-723522;-39143;0;23;1469;88;America/Sao_Paulo;;;
1504604;Mocajuba;-25831;-495042;0;15;491;91;America/Sao_Paulo;;;
3553104;Taiaçu;-211431;-485112;0;35;7163;16;America/Sao_Paulo;;-21,1431;-48,5112
4210902;Modelo;-267729;-5304;0;42;8213;49;America/Sao_Paulo;;;
3142304;Moeda;-203399;-440509;0;31;4845;31;America/Sao_Paulo;;;
3142403;Moema;-198387;-454127;0;31;4847;37;America/Sao_Paulo;;;
2509404;Mogeiro;-728517;-354832;0;25;2089;83;America/Sao_Paulo;;;
3517604;Guapiara;-241892;-485295;0;35;6453;15;America/Sao_Paulo;;-24,1892;-48,5295
3512001;Colina;-207114;-485387;0;35;6341;17;America/Sao_Paulo;;-20,7114;-48,5387
3505302;Barra Bonita;-224909;-485583;0;35;6205;14;America/Sao_Paulo;;-22,4909;-48,5583
5213400;Moiporá;-165434;-50739;0;52;9465;64;America/Sao_Paulo;;;
2804102;Moita Bonita;-105769;-373512;0;28;3181;79;America/Sao_Paulo;;;
1504703;Moju;-188993;-487668;0;15;493;91;America/Sao_Paulo;;;
1504752;Mojuí dos Campos;-26822;-546425;0;15;1190;93;America/Sao_Paulo;;;
2308500;Mombaça;-573844;-3963;0;23;1471;88;America/Sao_Paulo;;;
3525300;Jaú;-222936;-485592;0;35;6607;14;America/Sao_Paulo;;-22,2936;-48,5592
2106904;Monção;-348125;-452496;0;21;837;98;America/Sao_Paulo;;;
3520004;Igaraçu do Tietê;-225090;-485597;0;35;6501;14;America/Sao_Paulo;;-22,5090;-48,5597
4211009;Mondaí;-271008;-534032;0;42;8215;49;America/Sao_Paulo;;;
3505500;Barretos;-205531;-485698;0;35;6209;17;America/Sao_Paulo;;-20,5531;-48,5698
3142502;Monjolos;-183245;-44118;0;31;4849;38;America/Sao_Paulo;;;
2206407;Monsenhor Gil;-5562;-426075;0;22;1127;86;America/Sao_Paulo;;;
2206506;Monsenhor Hipólito;-699275;-41026;0;22;1129;89;America/Sao_Paulo;;;
3142601;Monsenhor Paulo;-217579;-455391;0;31;4851;35;America/Sao_Paulo;;;
2308609;Monsenhor Tabosa;-479102;-400646;0;23;1473;88;America/Sao_Paulo;;;
2509503;Montadas;-708848;-359592;0;25;2091;83;America/Sao_Paulo;;;
3142700;Montalvânia;-144197;-443719;0;31;4853;38;America/Sao_Paulo;;;
3203502;Montanha;-181303;-403668;0;32;5669;27;America/Sao_Paulo;;;
2407708;Montanhas;-648522;-352842;0;24;1753;84;America/Sao_Paulo;;;
4312351;Montauri;-286462;-520767;0;43;7387;54;America/Sao_Paulo;;;
1504802;Monte Alegre;-199768;-540724;0;15;495;93;America/Sao_Paulo;;;
2407807;Monte Alegre;-607063;-353253;0;24;1755;84;America/Sao_Paulo;;;
5213509;Monte Alegre de Goiás;-132552;-468928;0;52;9467;62;America/Sao_Paulo;;;
3142809;Monte Alegre de Minas;-18869;-48881;0;31;4855;34;America/Sao_Paulo;;;
2804201;Monte Alegre de Sergipe;-100256;-375616;0;28;3183;79;America/Sao_Paulo;;;
2206605;Monte Alegre do Piauí;-975364;-453037;0;22;1131;89;America/Sao_Paulo;;;
3532900;Nova Europa;-217765;-485705;0;35;6759;16;America/Sao_Paulo;;-21,7765;-48,5705
4312377;Monte Alegre dos Campos;-286805;-507834;0;43;1000;54;America/Sao_Paulo;;;
3550100;São Manuel;-227321;-485723;0;35;7103;14;America/Sao_Paulo;;-22,7321;-48,5723
3508009;Buri;-237977;-485958;0;35;6261;15;America/Sao_Paulo;;-23,7977;-48,5958
3142908;Monte Azul;-151514;-428718;0;31;4857;38;America/Sao_Paulo;;;
3521200;Iporanga;-245847;-485971;0;35;6525;15;America/Sao_Paulo;;-24,5847;-48,5971
3143005;Monte Belo;-213271;-463635;0;31;4859;35;America/Sao_Paulo;;;
4312385;Monte Belo do Sul;-291607;-516333;0;43;5993;54;America/Sao_Paulo;;;
4211058;Monte Carlo;-272239;-509808;0;42;5561;49;America/Sao_Paulo;;;
3143104;Monte Carmelo;-187302;-474912;0;31;4861;34;America/Sao_Paulo;;;
4211108;Monte Castelo;-26461;-502327;0;42;8217;47;America/Sao_Paulo;;;
3523503;Itatinga;-231047;-486157;0;35;6571;14;America/Sao_Paulo;;-23,1047;-48,6157
2407906;Monte das Gameleiras;-643698;-357831;0;24;1757;84;America/Sao_Paulo;;;
1713601;Monte do Carmo;-107611;-481114;0;17;9469;63;America/Sao_Paulo;;;
3143153;Monte Formoso;-168691;-412473;0;31;654;33;America/Sao_Paulo;;;
2509602;Monte Horebe;-720402;-385838;0;25;2093;83;America/Sao_Paulo;;;
3556909;Vista Alegre do Alto;-211692;-486284;0;35;7241;16;America/Sao_Paulo;;-21,1692;-48,6284
1101401;Monte Negro;-102458;-6329;0;11;685;69;America/Porto_Velho;;;
2921500;Monte Santo;-104374;-393321;0;29;3731;75;America/Sao_Paulo;;;
3143203;Monte Santo de Minas;-211873;-469753;0;31;4863;35;America/Sao_Paulo;;;
1713700;Monte Santo do Tocantins;-100075;-489941;0;17;90;63;America/Sao_Paulo;;;
3143401;Monte Sião;-224335;-46573;0;31;4867;35;America/Sao_Paulo;;;
2509701;Monteiro;-788363;-371184;0;25;2095;83;America/Sao_Paulo;;;
3510104;Cândido Rodrigues;-213275;-486327;0;35;6303;16;America/Sao_Paulo;;-21,3275;-48,6327
2705408;Monteirópolis;-960357;-372505;0;27;2807;82;America/Sao_Paulo;;;
4312401;Montenegro;-296824;-514679;0;43;8749;51;America/Sao_Paulo;;;
2107001;Montes Altos;-583067;-470673;0;21;839;99;America/Sao_Paulo;;;
3143302;Montes Claros;-167282;-438578;0;31;4865;38;America/Sao_Paulo;;;
5213707;Montes Claros de Goiás;-160059;-513979;0;52;9471;62;America/Sao_Paulo;;;
3143450;Montezuma;-151702;-424941;0;31;2697;38;America/Sao_Paulo;;;
5213756;Montividiu;-174439;-511728;0;52;9933;64;America/Sao_Paulo;;;
5213772;Montividiu do Norte;-133485;-486853;0;52;79;62;America/Sao_Paulo;;;
2308708;Morada Nova;-509736;-383702;0;23;1475;88;America/Sao_Paulo;;;
3143500;Morada Nova de Minas;-185998;-453584;0;31;4869;37;America/Sao_Paulo;;;
2308807;Moraújo;-346311;-406776;0;23;1477;88;America/Sao_Paulo;;;
2614303;Moreilândia;-761931;-39546;0;26;2585;87;America/Sao_Paulo;;;
4116109;Moreira Sales;-240509;-530102;0;41;7707;44;America/Sao_Paulo;;;
2609402;Moreno;-810871;-350835;0;26;2487;81;America/Sao_Paulo;;;
4312427;Mormaço;-286968;-526999;0;43;5933;54;America/Sao_Paulo;;;
2921609;Morpará;-115569;-432766;0;29;3733;77;America/Sao_Paulo;;;
4116208;Morretes;-254744;-488345;0;41;7709;41;America/Sao_Paulo;;;
5213806;Morrinhos;-177334;-491059;0;52;9473;64;America/Sao_Paulo;;;
2308906;Morrinhos;-323426;-401233;0;23;1479;88;America/Sao_Paulo;;;
4312443;Morrinhos do Sul;-293578;-499328;0;43;5775;51;America/Sao_Paulo;;;
3531506;Monte Azul Paulista;-209065;-486387;0;35;6731;17;America/Sao_Paulo;;-20,9065;-48,6387
5213855;Morro Agudo de Goiás;-153184;-500553;0;52;9935;62;America/Sao_Paulo;;;
2206654;Morro Cabeça no Tempo;-971891;-439072;0;22;350;89;America/Sao_Paulo;;;
4211207;Morro da Fumaça;-286511;-492169;0;42;8219;48;America/Sao_Paulo;;;
3143609;Morro da Garça;-185356;-44601;0;31;4871;38;America/Sao_Paulo;;;
2921708;Morro do Chapéu;-115488;-411565;0;29;3735;74;America/Sao_Paulo;;;
2206670;Morro do Chapéu do Piauí;-373337;-423024;0;22;352;86;America/Sao_Paulo;;;
3143708;Morro do Pilar;-192236;-433795;0;31;4873;31;America/Sao_Paulo;;;
4211256;Morro Grande;-288006;-497214;0;42;5539;48;America/Sao_Paulo;;;
4312450;Morro Redondo;-315887;-526261;0;43;7385;53;America/Sao_Paulo;;;
4312476;Morro Reuter;-295379;-510811;0;43;6019;51;America/Sao_Paulo;;;
2107100;Morros;-285379;-440357;0;21;841;98;America/Sao_Paulo;;;
2921807;Mortugaba;-150225;-423727;0;29;3737;77;America/Sao_Paulo;;;
3539004;Pirangi;-210886;-486607;0;35;6881;17;America/Sao_Paulo;;-21,0886;-48,6607
5213905;Mossâmedes;-16124;-502136;0;52;9475;64;America/Sao_Paulo;;;
2408003;Mossoró;-518374;-373474;0;24;1759;84;America/Sao_Paulo;;;
4312500;Mostardas;-311054;-509167;0;43;8751;51;America/Sao_Paulo;;;
3541059;Pratânia;-228112;-486636;0;35;814;14;America/Sao_Paulo;;-22,8112;-48,6636
5214002;Mozarlândia;-147457;-505713;0;52;9477;62;America/Sao_Paulo;;;
1504901;Muaná;-153936;-492224;0;15;497;91;America/Sao_Paulo;;;
1400308;Mucajaí;243998;-609096;0;14;309;95;America/Porto_Velho;;;
2309003;Mucambo;-390271;-407452;0;23;1481;88;America/Sao_Paulo;;;
2921906;Mucugê;-130053;-413703;0;29;3739;75;America/Sao_Paulo;;;
4312609;Muçum;-29163;-518714;0;43;8753;51;America/Sao_Paulo;;;
2922003;Mucuri;-180754;-395565;0;29;3741;73;America/Sao_Paulo;;;
3203601;Mucurici;-180965;-4052;0;32;5671;27;America/Sao_Paulo;;;
4312617;Muitos Capões;-283132;-511836;0;43;1002;54;America/Sao_Paulo;;;
4312625;Muliterno;-283253;-517697;0;43;5935;54;America/Sao_Paulo;;;
2509800;Mulungu;-702525;-3546;0;25;2097;83;America/Sao_Paulo;;;
2309102;Mulungu;-430294;-389951;0;23;1483;85;America/Sao_Paulo;;;
2922052;Mulungu do Morro;-119648;-416374;0;29;3299;74;America/Sao_Paulo;;;
2922102;Mundo Novo;-118541;-404714;0;29;3743;74;America/Sao_Paulo;;;
5005681;Mundo Novo;-239355;-54281;0;50;9179;67;America/Porto_Velho;;;
5214051;Mundo Novo;-137729;-502814;0;52;9651;62;America/Sao_Paulo;;;
3143807;Munhoz;-226092;-46362;0;31;4875;35;America/Sao_Paulo;;;
4116307;Munhoz de Melo;-231487;-517737;0;41;7711;44;America/Sao_Paulo;;;
2922201;Muniz Ferreira;-130092;-391092;0;29;3745;75;America/Sao_Paulo;;;
3203700;Muniz Freire;-204652;-414156;0;32;5673;28;America/Sao_Paulo;;;
2922250;Muquém de São Francisco;-12065;-435497;0;29;3005;77;America/Sao_Paulo;;;
3203809;Muqui;-209509;-41346;0;32;5675;28;America/Sao_Paulo;;;
3143906;Muriaé;-2113;-423693;0;31;4877;32;America/Sao_Paulo;;;
2804300;Muribeca;-104271;-369588;0;28;3185;79;America/Sao_Paulo;;;
2705507;Murici;-930682;-359428;0;27;2809;82;America/Sao_Paulo;;;
2206696;Murici dos Portelas;-3319;-42094;0;22;354;86;America/Sao_Paulo;;;
1713957;Muricilândia;-714669;-486091;0;17;187;63;America/Sao_Paulo;;;
2922300;Muritiba;-126329;-389921;0;29;3747;75;America/Sao_Paulo;;;
3503604;Areiópolis;-226672;-486681;0;35;6171;14;America/Sao_Paulo;;-22,6672;-48,6681
2922409;Mutuípe;-132284;-395044;0;29;3749;75;America/Sao_Paulo;;;
3144003;Mutum;-198121;-414407;0;31;4879;33;America/Sao_Paulo;;;
5214101;Mutunópolis;-137303;-492745;0;52;9479;62;America/Sao_Paulo;;;
3144102;Muzambinho;-213692;-465213;0;31;4881;35;America/Sao_Paulo;;;
3144201;Nacip Raydan;-184544;-422481;0;31;4883;33;America/Sao_Paulo;;;
3512100;Colômbia;-201768;-486865;0;35;6343;17;America/Sao_Paulo;;-20,1768;-48,6865
3144300;Nanuque;-178481;-403533;0;31;4885;33;America/Sao_Paulo;;;
4312658;Não-Me-Toque;-284548;-528182;0;43;8755;54;America/Sao_Paulo;;;
3144359;Naque;-192291;-423312;0;31;656;33;America/Sao_Paulo;;;
3515608;Fernando Prestes;-212661;-486874;0;35;6413;16;America/Sao_Paulo;;-21,2661;-48,6874
2408102;Natal;-579357;-351986;1;24;1761;84;America/Sao_Paulo;;;
3144375;Natalândia;-165021;-464874;0;31;658;38;America/Sao_Paulo;;;
3144409;Natércia;-221158;-455123;0;31;4887;35;America/Sao_Paulo;;;
1714203;Natividade;-117034;-477223;0;17;9481;63;America/Sao_Paulo;;;
3303104;Natividade;-21039;-419697;0;33;5861;22;America/Sao_Paulo;;;
3552700;Tabatinga;-217239;-486896;0;35;7155;16;America/Sao_Paulo;;-21,7239;-48,6896
2509909;Natuba;-763514;-355586;0;25;2099;83;America/Sao_Paulo;;;
4211306;Navegantes;-268943;-486546;0;42;8221;47;America/Sao_Paulo;;;
5005707;Naviraí;-230618;-541995;0;50;9113;67;America/Porto_Velho;;;
2922508;Nazaré;-130235;-390108;0;29;3751;75;America/Sao_Paulo;;;
1714302;Nazaré;-637496;-476643;0;17;9483;63;America/Sao_Paulo;;;
2609501;Nazaré da Mata;-774149;-352193;0;26;2489;81;America/Sao_Paulo;;;
2206704;Nazaré do Piauí;-697023;-426773;0;22;1133;89;America/Sao_Paulo;;;
3553856;Taquarivaí;-239211;-486948;0;35;3063;15;America/Sao_Paulo;;-23,9211;-48,6948
3144508;Nazareno;-212168;-446138;0;31;4889;35;America/Sao_Paulo;;;
2510006;Nazarezinho;-69114;-38322;0;25;2101;83;America/Sao_Paulo;;;
2206720;Nazária;-535128;-428153;0;22;1180;86;America/Sao_Paulo;;;
5214408;Nazário;-165808;-498817;0;52;9485;64;America/Sao_Paulo;;;
2804409;Neópolis;-103215;-36585;0;28;3187;79;America/Sao_Paulo;;;
3144607;Nepomuceno;-212324;-45235;0;31;4891;35;America/Sao_Paulo;;;
5214507;Nerópolis;-164047;-492227;0;52;9487;62;America/Sao_Paulo;;;
3528007;Macatuba;-225002;-487102;0;35;6661;14;America/Sao_Paulo;;-22,5002;-48,7102
1303007;Nhamundá;-220793;-567112;0;13;263;92;America/Porto_Velho;;;
3522901;Itapuí;-222324;-487197;0;35;6559;14;America/Sao_Paulo;;-22,2324;-48,7197
4312674;Nicolau Vergueiro;-285298;-524676;0;43;5937;54;America/Sao_Paulo;;;
2922607;Nilo Peçanha;-13604;-391091;0;29;3753;73;America/Sao_Paulo;;;
3303203;Nilópolis;-228057;-434233;0;33;5863;21;America/Sao_Paulo;;;
2107209;Nina Rodrigues;-346788;-439134;0;21;843;98;America/Sao_Paulo;;;
3144656;Ninheira;-153148;-417564;0;31;660;38;America/Sao_Paulo;;;
5005806;Nioaque;-211419;-558296;0;50;9115;67;America/Porto_Velho;;;
3535804;Paranapanema;-233862;-487214;0;35;6817;14;America/Sao_Paulo;;-23,3862;-48,7214
5214606;Niquelândia;-144662;-484599;0;52;9489;62;America/Sao_Paulo;;;
2408201;Nísia Floresta;-609329;-351991;0;24;1763;84;America/Sao_Paulo;;;
3303302;Niterói;-228832;-431034;0;33;5865;21;America/Sao_Paulo;;;
5105903;Nobres;-147192;-563284;0;51;9117;65;America/Porto_Velho;;;
4312708;Nonoai;-273689;-527756;0;43;8757;54;America/Sao_Paulo;;;
2922656;Nordestina;-108192;-394297;0;29;3979;75;America/Sao_Paulo;;;
1400407;Normandia;38853;-596204;0;14;311;95;America/Porto_Velho;;;
5106000;Nortelândia;-14454;-567945;0;51;9119;65;America/Porto_Velho;;;
2804458;Nossa Senhora Aparecida;-103944;-374517;0;28;3135;79;America/Sao_Paulo;;;
2804508;Nossa Senhora da Glória;-102158;-374211;0;28;3189;79;America/Sao_Paulo;;;
2804607;Nossa Senhora das Dores;-104854;-371963;0;28;3191;79;America/Sao_Paulo;;;
4116406;Nossa Senhora das Graças;-229129;-517978;0;41;7713;44;America/Sao_Paulo;;;
2804706;Nossa Senhora de Lourdes;-100772;-370615;0;28;3193;79;America/Sao_Paulo;;;
2206753;Nossa Senhora de Nazaré;-463019;-42173;0;22;356;86;America/Sao_Paulo;;;
5106109;Nossa Senhora do Livramento;-15772;-563432;0;51;9121;65;America/Porto_Velho;;;
2804805;Nossa Senhora do Socorro;-108468;-371231;0;28;3195;79;America/Sao_Paulo;;;
2206803;Nossa Senhora dos Remédios;-397574;-426184;0;22;1135;86;America/Sao_Paulo;;;
3505203;Bariri;-220730;-487438;0;35;6203;14;America/Sao_Paulo;;-22,0730;-48,7438
4116505;Nova Aliança do Ivaí;-231763;-526032;0;41;7715;44;America/Sao_Paulo;;;
4312757;Nova Alvorada;-286822;-521631;0;43;7383;54;America/Sao_Paulo;;;
5006002;Nova Alvorada do Sul;-214657;-543825;0;50;143;67;America/Porto_Velho;;;
5214705;Nova América;-150206;-498953;0;52;9491;62;America/Sao_Paulo;;;
4116604;Nova América da Colina;-233308;-507168;0;41;7717;43;America/Sao_Paulo;;;
5006200;Nova Andradina;-22238;-533437;0;50;9123;67;America/Porto_Velho;;;
4312807;Nova Araçá;-286537;-517458;0;43;8759;54;America/Sao_Paulo;;;
4116703;Nova Aurora;-245289;-532575;0;41;7965;45;America/Sao_Paulo;;;
5214804;Nova Aurora;-180597;-482552;0;52;9493;64;America/Sao_Paulo;;;
5106158;Nova Bandeirantes;-984977;-578139;0;51;117;66;America/Porto_Velho;;;
4312906;Nova Bassano;-287291;-517072;0;43;8761;54;America/Sao_Paulo;;;
3144672;Nova Belém;-184925;-411107;0;31;662;33;America/Sao_Paulo;;;
4312955;Nova Boa Vista;-279926;-529784;0;43;5953;54;America/Sao_Paulo;;;
5106208;Nova Brasilândia;-149612;-549685;0;51;8981;66;America/Porto_Velho;;;
1100148;Nova Brasilândia D'Oeste;-117247;-623127;0;11;41;69;America/Porto_Velho;;;
4313003;Nova Bréscia;-292182;-520319;0;43;8763;51;America/Sao_Paulo;;;
3543006;Ribeirão Branco;-242206;-487635;0;35;6961;15;America/Sao_Paulo;;-24,2206;-48,7635
2922706;Nova Canaã;-147912;-401458;0;29;3755;73;America/Sao_Paulo;;;
5106216;Nova Canaã do Norte;-10558;-55953;0;51;9889;66;America/Porto_Velho;;;
3535705;Paraíso;-210159;-487761;0;35;6815;17;America/Sao_Paulo;;-21,0159;-48,7761
4313011;Nova Candelária;-276137;-541074;0;43;1004;55;America/Sao_Paulo;;;
4116802;Nova Cantu;-246723;-525661;0;41;7719;44;America/Sao_Paulo;;;
3536703;Pederneiras;-223511;-487781;0;35;6835;14;America/Sao_Paulo;;-22,3511;-48,7781
2107258;Nova Colinas;-712263;-462607;0;21;200;99;America/Sao_Paulo;;;
5214838;Nova Crixás;-140957;-5033;0;52;9653;62;America/Sao_Paulo;;;
2408300;Nova Cruz;-647511;-354286;0;24;1765;84;America/Sao_Paulo;;;
3144706;Nova Era;-197577;-430333;0;31;4893;31;America/Sao_Paulo;;;
4211405;Nova Erechim;-268982;-529066;0;42;8223;49;America/Sao_Paulo;;;
4116901;Nova Esperança;-23182;-522031;0;41;7721;44;America/Sao_Paulo;;;
1504950;Nova Esperança do Piriá;-226693;-469731;0;15;391;91;America/Sao_Paulo;;;
4116950;Nova Esperança do Sudoeste;-259004;-532618;0;41;5477;46;America/Sao_Paulo;;;
4313037;Nova Esperança do Sul;-294066;-548293;0;43;7381;55;America/Sao_Paulo;;;
3507308;Boracéia;-221926;-487808;0;35;6245;14;America/Sao_Paulo;;-22,1926;-48,7808
4117008;Nova Fátima;-234324;-505665;0;41;7723;43;America/Sao_Paulo;;;
2922730;Nova Fátima;-116031;-396302;0;29;3007;75;America/Sao_Paulo;;;
2510105;Nova Floresta;-645056;-362057;0;25;2103;83;America/Sao_Paulo;;;
3303401;Nova Friburgo;-222932;-425377;0;33;5867;22;America/Sao_Paulo;;;
5214861;Nova Glória;-15145;-495737;0;52;9655;62;America/Sao_Paulo;;;
3503703;Ariranha;-211872;-487904;0;35;6173;17;America/Sao_Paulo;;-21,1872;-48,7904
5108808;Nova Guarita;-10312;-554061;0;51;121;66;America/Porto_Velho;;;
3526803;Lençóis Paulista;-226027;-488037;0;35;6637;14;America/Sao_Paulo;;-22,6027;-48,8037
4313060;Nova Hartz;-295808;-509051;0;43;7379;51;America/Sao_Paulo;;;
2922755;Nova Ibiá;-13812;-396182;0;29;3009;73;America/Sao_Paulo;;;
3303500;Nova Iguaçu;-227556;-434603;0;33;5869;21;America/Sao_Paulo;;;
5214879;Nova Iguaçu de Goiás;-142868;-493872;0;52;87;62;America/Sao_Paulo;;;
3535101;Palmares Paulista;-210854;-488037;0;35;6803;17;America/Sao_Paulo;;-21,0854;-48,8037
2107308;Nova Iorque;-673047;-440471;0;21;845;99;America/Sao_Paulo;;;
1504976;Nova Ipixuna;-491622;-490822;0;15;56;94;America/Sao_Paulo;;;
4211454;Nova Itaberaba;-269428;-528141;0;42;5589;49;America/Sao_Paulo;;;
2922805;Nova Itarana;-130241;-400653;0;29;3757;73;America/Sao_Paulo;;;
5106182;Nova Lacerda;-144727;-596001;0;51;1040;65;America/Porto_Velho;;;
4117057;Nova Laranjeiras;-253054;-525447;0;41;5479;42;America/Sao_Paulo;;;
3144805;Nova Lima;-199758;-438509;0;31;4895;31;America/Sao_Paulo;;;
4117107;Nova Londrina;-227639;-529868;0;41;7725;44;America/Sao_Paulo;;;
3551900;Severínia;-208108;-488054;0;35;7139;17;America/Sao_Paulo;;-20,8108;-48,8054
1100338;Nova Mamoré;-104077;-653346;0;11;47;69;America/Porto_Velho;;;
5108857;Nova Marilândia;-143568;-569696;0;51;103;65;America/Porto_Velho;;;
5108907;Nova Maringá;-130136;-570908;0;51;111;66;America/Porto_Velho;;;
3144904;Nova Módica;-184417;-414984;0;31;4897;33;America/Sao_Paulo;;;
5108956;Nova Monte Verde;-999998;-575261;0;51;119;66;America/Porto_Velho;;;
5106224;Nova Mutum;-138374;-560743;0;51;9937;65;America/Porto_Velho;;;
5106174;Nova Nazaré;-139486;-518002;0;51;1086;66;America/Porto_Velho;;;
3545605;Santa Adélia;-212427;-488063;0;35;7013;17;America/Sao_Paulo;;-21,2427;-48,8063
4117206;Nova Olímpia;-234703;-530898;0;41;7967;44;America/Sao_Paulo;;;
5106232;Nova Olímpia;-147889;-572886;0;51;9893;65;America/Porto_Velho;;;
1714880;Nova Olinda;-763171;-484252;0;17;9663;63;America/Sao_Paulo;;;
2309201;Nova Olinda;-708415;-396713;0;23;1485;88;America/Sao_Paulo;;;
2510204;Nova Olinda;-747232;-380382;0;25;2105;83;America/Sao_Paulo;;;
2107357;Nova Olinda do Maranhão;-284227;-456953;0;21;202;98;America/Sao_Paulo;;;
1303106;Nova Olinda do Norte;-390037;-59094;0;13;265;92;America/Porto_Velho;;;
4313086;Nova Pádua;-290275;-513098;0;43;5991;54;America/Sao_Paulo;;;
4313102;Nova Palma;-29471;-534689;0;43;8765;55;America/Sao_Paulo;;;
2510303;Nova Palmeira;-667122;-36422;0;25;2107;83;America/Sao_Paulo;;;
4313201;Nova Petrópolis;-293741;-511136;0;43;8767;54;America/Sao_Paulo;;;
3145000;Nova Ponte;-191461;-476779;0;31;4899;34;America/Sao_Paulo;;;
3145059;Nova Porteirinha;-157993;-432941;0;31;664;38;America/Sao_Paulo;;;
4313300;Nova Prata;-287799;-516113;0;43;8769;54;America/Sao_Paulo;;;
4117255;Nova Prata do Iguaçu;-256309;-533469;0;41;7995;46;America/Sao_Paulo;;;
4313334;Nova Ramada;-280667;-536992;0;43;1006;55;America/Sao_Paulo;;;
2922854;Nova Redenção;-12815;-410748;0;29;3011;75;America/Sao_Paulo;;;
3145109;Nova Resende;-211286;-464157;0;31;4901;35;America/Sao_Paulo;;;
5214903;Nova Roma;-137388;-468734;0;52;9495;62;America/Sao_Paulo;;;
4313359;Nova Roma do Sul;-289882;-514095;0;43;7377;54;America/Sao_Paulo;;;
1715002;Nova Rosalândia;-105651;-489125;0;17;9721;63;America/Sao_Paulo;;;
2309300;Nova Russas;-470581;-405621;0;23;1487;88;America/Sao_Paulo;;;
4117214;Nova Santa Bárbara;-235865;-507598;0;41;5457;43;America/Sao_Paulo;;;
5106190;Nova Santa Helena;-108651;-551872;0;51;1088;66;America/Porto_Velho;;;
4313375;Nova Santa Rita;-298525;-512837;0;43;5757;51;America/Sao_Paulo;;;
2207959;Nova Santa Rita;-809707;-420471;0;22;370;89;America/Sao_Paulo;;;
4117222;Nova Santa Rosa;-244693;-539552;0;41;7979;45;America/Sao_Paulo;;;
3145208;Nova Serrana;-198713;-449847;0;31;4903;37;America/Sao_Paulo;;;
2922904;Nova Soure;-112329;-384871;0;29;3759;75;America/Sao_Paulo;;;
4117271;Nova Tebas;-24438;-519454;0;41;9913;42;America/Sao_Paulo;;;
1505007;Nova Timboteua;-120874;-473921;0;15;499;91;America/Sao_Paulo;;;
4211504;Nova Trento;-27278;-489298;0;42;8225;48;America/Sao_Paulo;;;
5106240;Nova Ubiratã;-129834;-552556;0;51;1042;66;America/Porto_Velho;;;
3136603;Nova União;-196876;-43583;0;31;4731;31;America/Sao_Paulo;;;
1101435;Nova União;-109068;-625564;0;11;10;69;America/Porto_Velho;;;
3203908;Nova Venécia;-18715;-404053;0;32;5677;27;America/Sao_Paulo;;;
4211603;Nova Veneza;-286338;-495055;0;42;8227;48;America/Sao_Paulo;;;
5215009;Nova Veneza;-163695;-493168;0;52;9497;62;America/Sao_Paulo;;;
2923001;Nova Viçosa;-178926;-393743;0;29;3761;73;America/Sao_Paulo;;;
5106257;Nova Xavantina;-146771;-523502;0;51;9195;66;America/Porto_Velho;;;
3509304;Cajobi;-208773;-488063;0;35;6287;17;America/Sao_Paulo;;-20,8773;-48,8063
1715101;Novo Acordo;-997063;-476785;0;17;9499;63;America/Sao_Paulo;;;
1303205;Novo Airão;-263637;-609434;0;13;201;92;America/Porto_Velho;;;
1715150;Novo Alegre;-129217;-465713;0;17;9703;63;America/Sao_Paulo;;;
1303304;Novo Aripuanã;-512593;-603732;0;13;267;97;America/Porto_Velho;;;
4313490;Novo Barreiro;-279077;-531103;0;43;5985;55;America/Sao_Paulo;;;
5215207;Novo Brasil;-160313;-507113;0;52;9501;62;America/Sao_Paulo;;;
4313391;Novo Cabrais;-297338;-529489;0;43;1008;51;America/Sao_Paulo;;;
3145307;Novo Cruzeiro;-174654;-418826;0;31;4905;33;America/Sao_Paulo;;;
5215231;Novo Gama;-160592;-480417;0;52;1058;61;America/Sao_Paulo;;;
4313409;Novo Hamburgo;-296875;-511328;0;43;8771;51;America/Sao_Paulo;;;
4211652;Novo Horizonte;-264442;-528281;0;42;5591;49;America/Sao_Paulo;;;
3522000;Itaju;-219857;-488116;0;35;6541;14;America/Sao_Paulo;;-21,9857;-48,8116
2923035;Novo Horizonte;-128083;-421682;0;29;3013;77;America/Sao_Paulo;;;
5106273;Novo Horizonte do Norte;-114089;-573488;0;51;9903;66;America/Porto_Velho;;;
1100502;Novo Horizonte do Oeste;-116961;-619951;0;11;689;69;America/Porto_Velho;;;
5006259;Novo Horizonte do Sul;-226693;-538601;0;50;159;67;America/Porto_Velho;;;
4117297;Novo Itacolomi;-237631;-515079;0;41;5517;43;America/Sao_Paulo;;;
1715259;Novo Jardim;-11826;-466325;0;17;321;63;America/Sao_Paulo;;;
2705606;Novo Lino;-894191;-35664;0;27;2811;82;America/Sao_Paulo;;;
4313425;Novo Machado;-275765;-545036;0;43;6057;55;America/Sao_Paulo;;;
5106265;Novo Mundo;-995616;-552029;0;51;1044;66;America/Porto_Velho;;;
2309409;Novo Oriente;-552552;-407713;0;23;1489;88;America/Sao_Paulo;;;
3145356;Novo Oriente de Minas;-174089;-412194;0;31;666;33;America/Sao_Paulo;;;
2206902;Novo Oriente do Piauí;-644901;-419261;0;22;1137;89;America/Sao_Paulo;;;
5215256;Novo Planalto;-132424;-49506;0;52;9735;62;America/Sao_Paulo;;;
1505031;Novo Progresso;-714347;-553786;0;15;633;93;America/Sao_Paulo;;;
1505064;Novo Repartimento;-424749;-499499;0;15;629;94;America/Sao_Paulo;;;
2206951;Novo Santo Antônio;-528749;-419325;0;22;358;86;America/Sao_Paulo;;;
5106315;Novo Santo Antônio;-122875;-509686;0;51;1090;66;America/Porto_Velho;;;
5106281;Novo São Joaquim;-149054;-530194;0;51;9867;66;America/Porto_Velho;;;
4313441;Novo Tiradentes;-275649;-531837;0;43;5973;55;America/Sao_Paulo;;;
2923050;Novo Triunfo;-103182;-384014;0;29;3015;75;America/Sao_Paulo;;;
4313466;Novo Xingu;-27749;-530639;0;43;1152;54;America/Sao_Paulo;;;
3145372;Novorizonte;-160162;-424044;0;31;668;38;America/Sao_Paulo;;;
3522703;Itápolis;-215942;-488149;0;35;6555;16;America/Sao_Paulo;;-21,5942;-48,8149
1505106;Óbidos;-190107;-555208;0;15;501;93;America/Sao_Paulo;;;
2309458;Ocara;-448523;-385933;0;23;1265;85;America/Sao_Paulo;;;
3519600;Ibitinga;-217562;-488319;0;35;6493;16;America/Sao_Paulo;;-21,7562;-48,8319
2207009;Oeiras;-701915;-421283;0;22;1139;89;America/Sao_Paulo;;;
1505205;Oeiras do Pará;-200358;-498628;0;15;503;91;America/Sao_Paulo;;;
1600501;Oiapoque;384074;-518331;0;16;609;96;America/Sao_Paulo;;;
3145406;Olaria;-218598;-439356;0;31;4907;32;America/Sao_Paulo;;;
3514957;Embaúba;-209796;-488325;0;35;7251;17;America/Sao_Paulo;;-20,9796;-48,8325
2510402;Olho d'Água;-722118;-377406;0;25;2109;83;America/Sao_Paulo;;;
2107407;Olho d'Água das Cunhãs;-413417;-451163;0;21;847;98;America/Sao_Paulo;;;
2705705;Olho d'Água das Flores;-953686;-372971;0;27;2813;82;America/Sao_Paulo;;;
2705804;Olho d'Água do Casado;-950357;-378301;0;27;2815;82;America/Sao_Paulo;;;
2207108;Olho D'Água do Piauí;-584125;-425594;0;22;360;86;America/Sao_Paulo;;;
2705903;Olho d'Água Grande;-100572;-368101;0;27;2817;82;America/Sao_Paulo;;;
2408409;Olho-d'Água do Borges;-59486;-377047;0;24;1767;84;America/Sao_Paulo;;;
3145455;Olhos d'Água;-173982;-435719;0;31;670;38;America/Sao_Paulo;;;
3522158;Itaóca;-246393;-488413;0;35;3053;15;America/Sao_Paulo;;-24,6393;-48,8413
3145505;Olímpio Noronha;-220685;-452657;0;31;4909;35;America/Sao_Paulo;;;
2609600;Olinda;-801017;-348545;0;26;2491;81;America/Sao_Paulo;;;
2107456;Olinda Nova do Maranhão;-299295;-449897;0;21;204;98;America/Sao_Paulo;;;
2923100;Olindina;-113497;-383379;0;29;3763;75;America/Sao_Paulo;;;
2510501;Olivedos;-698434;-36241;0;25;2111;83;America/Sao_Paulo;;;
3145604;Oliveira;-206982;-44829;0;31;4911;37;America/Sao_Paulo;;;
1715507;Oliveira de Fátima;-10707;-489086;0;17;92;63;America/Sao_Paulo;;;
2923209;Oliveira dos Brejinhos;-123132;-428969;0;29;3765;77;America/Sao_Paulo;;;
3145703;Oliveira Fortes;-213401;-434499;0;31;4913;32;America/Sao_Paulo;;;
2706000;Olivença;-951954;-371954;0;27;2819;82;America/Sao_Paulo;;;
3145802;Onça de Pitangui;-197276;-448058;0;31;4915;37;America/Sao_Paulo;;;
3502705;Apiaí;-245108;-488443;0;35;6153;15;America/Sao_Paulo;;-24,5108;-48,8443
3145851;Oratórios;-204298;-427977;0;31;672;31;America/Sao_Paulo;;;
3522406;Itapeva;-239788;-488764;0;35;6549;15;America/Sao_Paulo;;-23,9788;-48,8764
3532827;Nova Campina;-241224;-489022;0;35;3061;15;America/Sao_Paulo;;-24,1224;-48,9022
1505304;Oriximiná;-175989;-558579;0;15;505;93;America/Sao_Paulo;;;
3145877;Orizânia;-205142;-421991;0;31;674;32;America/Sao_Paulo;;;
5215306;Orizona;-170334;-482964;0;52;9503;64;America/Sao_Paulo;;;
3538105;Pindorama;-211853;-489086;0;35;6863;17;America/Sao_Paulo;;-21,1853;-48,9086
4211702;Orleans;-283487;-492986;0;42;8229;48;America/Sao_Paulo;;;
2609709;Orobó;-774553;-355956;0;26;2493;81;America/Sao_Paulo;;;
2609808;Orocó;-861026;-396026;0;26;2495;87;America/Sao_Paulo;;;
2309508;Orós;-625182;-389053;0;23;1491;88;America/Sao_Paulo;;;
4117305;Ortigueira;-242058;-509185;0;41;7727;42;America/Sao_Paulo;;;
3533908;Olímpia;-207366;-489106;0;35;6779;17;America/Sao_Paulo;;-20,7366;-48,9106
3503406;Arealva;-220310;-489135;0;35;6167;14;America/Sao_Paulo;;-22,0310;-48,9135
4313508;Osório;-298881;-502667;0;43;8773;51;America/Sao_Paulo;;;
3533254;Novais;-209893;-489141;0;35;2979;17;America/Sao_Paulo;;-20,9893;-48,9141
4211751;Otacílio Costa;-274789;-501231;0;42;8397;49;America/Sao_Paulo;;;
1505403;Ourém;-154168;-471126;0;15;507;91;America/Sao_Paulo;;;
2923308;Ouriçangas;-120175;-386166;0;29;3767;75;America/Sao_Paulo;;;
2609907;Ouricuri;-787918;-4008;0;26;2497;87;America/Sao_Paulo;;;
1505437;Ourilândia do Norte;-67529;-510858;0;15;591;94;America/Sao_Paulo;;;
3504503;Avaré;-231067;-489251;0;35;6189;14;America/Sao_Paulo;;-23,1067;-48,9251
4117404;Ourizona;-234053;-521964;0;41;7729;44;America/Sao_Paulo;;;
4211801;Ouro;-273379;-516194;0;42;8231;49;America/Sao_Paulo;;;
3145901;Ouro Branco;-205263;-436962;0;31;4917;31;America/Sao_Paulo;;;
2408508;Ouro Branco;-66958;-369428;0;24;1769;84;America/Sao_Paulo;;;
2706109;Ouro Branco;-915884;-373556;0;27;2821;82;America/Sao_Paulo;;;
3146008;Ouro Fino;-222779;-463716;0;31;4919;35;America/Sao_Paulo;;;
3146107;Ouro Preto;-203796;-43512;0;31;4921;31;America/Sao_Paulo;;;
1100155;Ouro Preto do Oeste;-107167;-622565;0;11;17;69;America/Porto_Velho;;;
2510600;Ouro Velho;-761604;-371519;0;25;2113;83;America/Sao_Paulo;;;
4211850;Ouro Verde;-26692;-523108;0;42;5741;49;America/Sao_Paulo;;;
3517901;Guaraci;-204977;-489391;0;35;6459;17;America/Sao_Paulo;;-20,4977;-48,9391
5215405;Ouro Verde de Goiás;-162181;-491942;0;52;9505;62;America/Sao_Paulo;;;
3146206;Ouro Verde de Minas;-180719;-412734;0;31;4923;33;America/Sao_Paulo;;;
4117453;Ouro Verde do Oeste;-247933;-539043;0;41;9965;45;America/Sao_Paulo;;;
3507456;Borebi;-225728;-489707;0;35;7247;14;America/Sao_Paulo;;-22,5728;-48,9707
2923357;Ourolândia;-109578;-410756;0;29;3017;74;America/Sao_Paulo;;;
5215504;Ouvidor;-182277;-478355;0;52;9507;64;America/Sao_Paulo;;;
3500709;Agudos;-224694;-489863;0;35;6113;14;America/Sao_Paulo;;-22,4694;-48,9863
1505486;Pacajá;-383542;-506399;0;15;593;91;America/Sao_Paulo;;;
2309607;Pacajus;-417107;-38465;0;23;1493;85;America/Sao_Paulo;;;
1400456;Pacaraima;44799;-611477;0;14;34;95;America/Porto_Velho;;;
2309706;Pacatuba;-39784;-386183;0;23;1495;85;America/Sao_Paulo;;;
2804904;Pacatuba;-104538;-366531;0;28;3197;79;America/Sao_Paulo;;;
2107506;Paço do Lumiar;-251657;-441019;0;21;849;98;America/Sao_Paulo;;;
2309805;Pacoti;-422492;-38922;0;23;1497;85;America/Sao_Paulo;;;
2309904;Pacujá;-398327;-406989;0;23;1499;88;America/Sao_Paulo;;;
5215603;Padre Bernardo;-151605;-482833;0;52;9509;61;America/Sao_Paulo;;;
3146255;Padre Carvalho;-163646;-425088;0;31;676;38;America/Sao_Paulo;;;
2207207;Padre Marcos;-735101;-408997;0;22;1143;89;America/Sao_Paulo;;;
3146305;Padre Paraíso;-170758;-414821;0;31;4925;33;America/Sao_Paulo;;;
2207306;Paes Landim;-777375;-422474;0;22;1145;89;America/Sao_Paulo;;;
3146552;Pai Pedro;-155271;-4307;0;31;678;38;America/Sao_Paulo;;;
4211876;Paial;-272541;-524975;0;42;928;49;America/Sao_Paulo;;;
4117503;Paiçandu;-234555;-52046;0;41;7731;44;America/Sao_Paulo;;;
4313607;Paim Filho;-277075;-51763;0;43;8775;54;America/Sao_Paulo;;;
3146404;Paineiras;-188993;-455321;0;31;4927;37;America/Sao_Paulo;;;
4211892;Painel;-279234;-500972;0;42;930;49;America/Sao_Paulo;;;
3146503;Pains;-203705;-456627;0;31;4929;37;America/Sao_Paulo;;;
3146602;Paiva;-212913;-434088;0;31;4931;32;America/Sao_Paulo;;;
2207355;Pajeú do Piauí;-785508;-428248;0;22;362;89;America/Sao_Paulo;;;
2706208;Palestina;-967493;-37339;0;27;2823;82;America/Sao_Paulo;;;
3542800;Ribeira;-246517;-490044;0;35;6957;15;America/Sao_Paulo;;-24,6517;-49,0044
5215652;Palestina de Goiás;-167392;-515309;0;52;9737;64;America/Sao_Paulo;;;
1505494;Palestina do Pará;-574027;-483181;0;15;379;94;America/Sao_Paulo;;;
2310001;Palhano;-473672;-379655;0;23;1501;88;America/Sao_Paulo;;;
4211900;Palhoça;-276455;-486697;0;42;8233;48;America/Sao_Paulo;;;
3146701;Palma;-213748;-423123;0;31;4933;32;America/Sao_Paulo;;;
4212007;Palma Sola;-263471;-532771;0;42;8235;49;America/Sao_Paulo;;;
2310100;Palmácia;-413831;-388446;0;23;1503;85;America/Sao_Paulo;;;
2610004;Palmares;-868423;-35589;0;26;2499;81;America/Sao_Paulo;;;
4313656;Palmares do Sul;-302535;-505103;0;43;8967;51;America/Sao_Paulo;;;
3505351;Barra do Chapéu;-244722;-490238;0;35;2997;15;America/Sao_Paulo;;-24,4722;-49,0238
4117602;Palmas;-264839;-519888;0;41;7733;46;America/Sao_Paulo;;;
1721000;Palmas;-1024;-483558;1;17;9733;63;America/Sao_Paulo;;;
2923407;Palmas de Monte Alto;-142676;-431609;0;29;3769;77;America/Sao_Paulo;;;
4117701;Palmeira;-254257;-50007;0;41;7735;42;America/Sao_Paulo;;;
4212056;Palmeira;-27583;-501577;0;42;932;49;America/Sao_Paulo;;;
3552601;Tabapuã;-209602;-490307;0;35;7153;17;America/Sao_Paulo;;-20,9602;-49,0307
4313706;Palmeira das Missões;-279007;-533134;0;43;8777;55;America/Sao_Paulo;;;
2207405;Palmeira do Piauí;-873076;-442466;0;22;1147;89;America/Sao_Paulo;;;
2706307;Palmeira dos Índios;-940568;-366328;0;27;2825;82;America/Sao_Paulo;;;
2207504;Palmeirais;-597086;-43056;0;22;1149;86;America/Sao_Paulo;;;
2107605;Palmeirândia;-264433;-448933;0;21;851;98;America/Sao_Paulo;;;
1715705;Palmeirante;-784786;-479242;0;17;189;63;America/Sao_Paulo;;;
2923506;Palmeiras;-125059;-415809;0;29;3771;75;America/Sao_Paulo;;;
5215702;Palmeiras de Goiás;-168044;-49924;0;52;9511;64;America/Sao_Paulo;;;
1713809;Palmeiras do Tocantins;-661658;-475464;0;17;185;63;America/Sao_Paulo;;;
2610103;Palmeirina;-90109;-363242;0;26;2501;87;America/Sao_Paulo;;;
1715754;Palmeirópolis;-130447;-484026;0;17;9649;63;America/Sao_Paulo;;;
5215801;Palmelo;-173258;-48426;0;52;9513;64;America/Sao_Paulo;;;
5215900;Palminópolis;-167924;-501652;0;52;9515;64;America/Sao_Paulo;;;
3503109;Arandu;-231386;-490487;0;35;6161;14;America/Sao_Paulo;;-23,1386;-49,0487
4117800;Palmital;-248853;-522029;0;41;7737;42;America/Sao_Paulo;;;
4313805;Palmitinho;-273596;-53558;0;43;8779;55;America/Sao_Paulo;;;
4212106;Palmitos;-270702;-531586;0;42;8237;49;America/Sao_Paulo;;;
3146750;Palmópolis;-167364;-404296;0;31;2661;33;America/Sao_Paulo;;;
4117909;Palotina;-242868;-538404;0;41;7739;44;America/Sao_Paulo;;;
5216007;Panamá;-181783;-49355;0;52;9517;64;America/Sao_Paulo;;;
4313904;Panambi;-282833;-535023;0;43;8781;55;America/Sao_Paulo;;;
3204005;Pancas;-192229;-408534;0;32;5679;27;America/Sao_Paulo;;;
2610202;Panelas;-866121;-360125;0;26;2503;81;America/Sao_Paulo;;;
3500907;Altair;-205242;-490571;0;35;6117;17;America/Sao_Paulo;;-20,5242;-49,0571
4313953;Pantano Grande;-301902;-523729;0;43;7375;51;America/Sao_Paulo;;;
2706406;Pão de Açúcar;-974032;-374403;0;27;2827;82;America/Sao_Paulo;;;
3146909;Papagaios;-194419;-447468;0;31;4937;37;America/Sao_Paulo;;;
4212205;Papanduva;-263777;-501419;0;42;8239;47;America/Sao_Paulo;;;
2207553;Paquetá;-710303;-417;0;22;364;89;America/Sao_Paulo;;;
3147105;Pará de Minas;-198534;-446114;0;31;4941;37;America/Sao_Paulo;;;
3303609;Paracambi;-226078;-437108;0;33;5871;21;America/Sao_Paulo;;;
3147006;Paracatu;-172252;-468711;0;31;4939;38;America/Sao_Paulo;;;
2310209;Paracuru;-341436;-3903;0;23;1505;85;America/Sao_Paulo;;;
1505502;Paragominas;-300212;-473527;0;15;509;91;America/Sao_Paulo;;;
3147204;Paraguaçu;-215465;-457374;0;31;4943;35;America/Sao_Paulo;;;
3511201;Catiguá;-210519;-490616;0;35;6325;17;America/Sao_Paulo;;-21,0519;-49,0616
4314001;Paraí;-285964;-517896;0;43;8783;54;America/Sao_Paulo;;;
3303708;Paraíba do Sul;-221585;-43304;0;33;5873;24;America/Sao_Paulo;;;
2107704;Paraibano;-64264;-439792;0;21;853;99;America/Sao_Paulo;;;
3521903;Itajobi;-213123;-490629;0;35;6539;17;America/Sao_Paulo;;-21,3123;-49,0629
2310258;Paraipaba;-343799;-391479;0;23;1599;85;America/Sao_Paulo;;;
3507407;Borborema;-216214;-490741;0;35;6247;16;America/Sao_Paulo;;-21,6214;-49,0741
4212239;Paraíso;-2662;-536716;0;42;5747;49;America/Sao_Paulo;;;
5006275;Paraíso das Águas;-190216;-530116;0;50;1196;67;America/Porto_Velho;;;
4118006;Paraíso do Norte;-232824;-526054;0;41;7741;44;America/Sao_Paulo;;;
4314027;Paraíso do Sul;-296717;-53144;0;43;7373;55;America/Sao_Paulo;;;
1716109;Paraíso do Tocantins;-10175;-488823;0;17;9519;63;America/Sao_Paulo;;;
3147303;Paraisópolis;-225539;-457803;0;31;4945;35;America/Sao_Paulo;;;
2310308;Parambu;-620768;-406905;0;23;1507;88;America/Sao_Paulo;;;
2923605;Paramirim;-134388;-422395;0;29;3773;77;America/Sao_Paulo;;;
2310407;Paramoti;-408815;-392417;0;23;1509;85;America/Sao_Paulo;;;
1716208;Paranã;-126167;-478734;0;17;9521;63;America/Sao_Paulo;;;
2408607;Paraná;-647565;-383057;0;24;1771;84;America/Sao_Paulo;;;
4118105;Paranacity;-229297;-521549;0;41;7743;44;America/Sao_Paulo;;;
4118204;Paranaguá;-255161;-485225;0;41;7745;41;America/Sao_Paulo;;;
5006309;Paranaíba;-196746;-511909;0;50;9125;67;America/Porto_Velho;;;
5216304;Paranaiguara;-189141;-506539;0;52;9455;64;America/Sao_Paulo;;;
5106299;Paranaíta;-965835;-564786;0;51;9885;66;America/Porto_Velho;;;
3506003;Bauru;-223246;-490871;0;35;6219;14;America/Sao_Paulo;;-22,3246;-49,0871
4118303;Paranapoema;-226412;-520905;0;41;7747;44;America/Sao_Paulo;;;
3514924;Elisiário;-211678;-491146;0;35;2975;17;America/Sao_Paulo;;-21,1678;-49,1146
2610301;Paranatama;-891875;-366549;0;26;2505;87;America/Sao_Paulo;;;
5106307;Paranatinga;-144265;-540524;0;51;8983;66;America/Porto_Velho;;;
4118402;Paranavaí;-230816;-524617;0;41;7749;44;America/Sao_Paulo;;;
5006358;Paranhos;-238911;-55429;0;50;9739;67;America/Porto_Velho;;;
3147402;Paraopeba;-192732;-444044;0;31;4947;31;America/Sao_Paulo;;;
3539400;Piratininga;-224142;-491339;0;35;6889;14;America/Sao_Paulo;;-22,4142;-49,1339
2510659;Parari;-730975;-366522;0;25;494;83;America/Sao_Paulo;;;
2923704;Paratinga;-12687;-431798;0;29;3775;77;America/Sao_Paulo;;;
3303807;Paraty;-232221;-447175;0;33;5875;24;America/Sao_Paulo;;;
2408706;Paraú;-576893;-371032;0;24;1773;84;America/Sao_Paulo;;;
1505536;Parauapebas;-606781;-499037;0;15;595;94;America/Sao_Paulo;;;
5216403;Paraúna;-169463;-504484;0;52;9523;64;America/Sao_Paulo;;;
2408805;Parazinho;-522276;-358398;0;24;1775;84;America/Sao_Paulo;;;
3507159;Bom Sucesso de Itararé;-243155;-491451;0;35;3059;15;America/Sao_Paulo;;-24,3155;-49,1451
4314035;Pareci Novo;-296365;-513974;0;43;6041;51;America/Sao_Paulo;;;
1101450;Parecis;-121754;-616032;0;11;12;69;America/Porto_Velho;;;
2408904;Parelhas;-668491;-366566;0;24;1777;84;America/Sao_Paulo;;;
2706422;Pariconha;-925634;-379988;0;27;2645;82;America/Sao_Paulo;;;
1303403;Parintins;-263741;-56729;0;13;269;92;America/Porto_Velho;;;
2923803;Paripiranga;-106859;-378626;0;29;3777;75;America/Sao_Paulo;;;
2706448;Paripueira;-946313;-35552;0;27;2641;82;America/Sao_Paulo;;;
3519253;Iaras;-228682;-491634;0;35;7259;14;America/Sao_Paulo;;-22,8682;-49,1634
3511409;Cerqueira César;-230380;-491655;0;35;6329;14;America/Sao_Paulo;;-23,0380;-49,1655
2207603;Parnaguá;-102166;-4463;0;22;1151;89;America/Sao_Paulo;;;
2207702;Parnaíba;-290585;-417754;0;22;1153;86;America/Sao_Paulo;;;
2403251;Parnamirim;-591116;-35271;0;24;1779;84;America/Sao_Paulo;;;
2610400;Parnamirim;-808729;-395795;0;26;2507;87;America/Sao_Paulo;;;
2107803;Parnarama;-567365;-431011;0;21;855;99;America/Sao_Paulo;;;
4314050;Parobé;-296243;-508312;0;43;9825;51;America/Sao_Paulo;;;
2409100;Passa e Fica;-643018;-356442;0;24;1781;84;America/Sao_Paulo;;;
3147600;Passa Quatro;-223871;-449709;0;31;4951;35;America/Sao_Paulo;;;
4314068;Passa Sete;-294577;-529599;0;43;1010;51;America/Sao_Paulo;;;
3147709;Passa Tempo;-206539;-444926;0;31;4953;37;America/Sao_Paulo;;;
3147808;Passa-Vinte;-222097;-442344;0;31;4955;32;America/Sao_Paulo;;;
3147501;Passabém;-193509;-431383;0;31;4949;31;America/Sao_Paulo;;;
2409209;Passagem;-627268;-3537;0;24;1783;84;America/Sao_Paulo;;;
2510709;Passagem;-713467;-370433;0;25;2115;83;America/Sao_Paulo;;;
2107902;Passagem Franca;-617745;-437755;0;21;857;99;America/Sao_Paulo;;;
2207751;Passagem Franca do Piauí;-586036;-424436;0;22;1293;86;America/Sao_Paulo;;;
2610509;Passira;-79971;-355813;0;26;2509;81;America/Sao_Paulo;;;
2706505;Passo de Camaragibe;-924511;-354745;0;27;2829;82;America/Sao_Paulo;;;
4212254;Passo de Torres;-293099;-49722;0;42;5541;48;America/Sao_Paulo;;;
4314076;Passo do Sobrado;-29748;-522748;0;43;5765;51;America/Sao_Paulo;;;
4314100;Passo Fundo;-282576;-524091;0;43;8785;54;America/Sao_Paulo;;;
3147907;Passos;-207193;-46609;0;31;4957;35;America/Sao_Paulo;;;
4212270;Passos Maia;-267829;-520568;0;42;5743;49;America/Sao_Paulo;;;
2108009;Pastos Bons;-660296;-440745;0;21;859;99;America/Sao_Paulo;;;
3147956;Patis;-160773;-440787;0;31;680;38;America/Sao_Paulo;;;
4118451;Pato Bragado;-246271;-542265;0;41;5533;45;America/Sao_Paulo;;;
4118501;Pato Branco;-262292;-526706;0;41;7751;46;America/Sao_Paulo;;;
2510808;Patos;-701743;-372747;0;25;2117;83;America/Sao_Paulo;;;
3148004;Patos de Minas;-185699;-465013;0;31;4959;34;America/Sao_Paulo;;;
2207777;Patos do Piauí;-767231;-412408;0;22;2277;89;America/Sao_Paulo;;;
3148103;Patrocínio;-189379;-469934;0;31;4961;34;America/Sao_Paulo;;;
3148202;Patrocínio do Muriaé;-211544;-422125;0;31;4963;32;America/Sao_Paulo;;;
3522653;Itapirapuã Paulista;-245720;-491661;0;35;3055;15;America/Sao_Paulo;;-24,5720;-49,1661
2409308;Patu;-610656;-376356;0;24;1785;84;America/Sao_Paulo;;;
3303856;Paty do Alferes;-224309;-434285;0;33;6005;24;America/Sao_Paulo;;;
2923902;Pau Brasil;-154572;-396458;0;29;3779;73;America/Sao_Paulo;;;
1505551;Pau d'Arco;-159772;-469268;0;15;387;94;America/Sao_Paulo;;;
1716307;Pau D'Arco;-753919;-49367;0;17;191;63;America/Sao_Paulo;;;
2207793;Pau D'Arco do Piauí;-526072;-423908;0;22;1104;86;America/Sao_Paulo;;;
2409407;Pau dos Ferros;-610498;-382077;0;24;1787;84;America/Sao_Paulo;;;
2610608;Paudalho;-790287;-351716;0;26;2511;81;America/Sao_Paulo;;;
1303502;Pauini;-771311;-66992;0;13;271;97;America/Rio_Branco;;;
3148301;Paula Cândido;-208754;-429752;0;31;4965;32;America/Sao_Paulo;;;
4118600;Paula Freitas;-262105;-50931;0;41;7753;42;America/Sao_Paulo;;;
3555604;Uchoa;-209511;-491713;0;35;7213;17;America/Sao_Paulo;;-20,9511;-49,1713
3519808;Icém;-203391;-491915;0;35;6497;17;America/Sao_Paulo;;-20,3391;-49,1915
2108058;Paulino Neves;-272094;-425258;0;21;206;98;America/Sao_Paulo;;;
2510907;Paulista;-659138;-376185;0;25;2119;83;America/Sao_Paulo;;;
2610707;Paulista;-793401;-348684;0;26;2513;81;America/Sao_Paulo;;;
2207801;Paulistana;-813436;-411431;0;22;1155;89;America/Sao_Paulo;;;
3517505;Guapiaçu;-207959;-492172;0;35;6451;17;America/Sao_Paulo;;-20,7959;-49,2172
3148400;Paulistas;-184276;-428628;0;31;4967;33;America/Sao_Paulo;;;
2924009;Paulo Afonso;-93983;-382216;0;29;3781;75;America/Sao_Paulo;;;
4314134;Paulo Bento;-277051;-524169;0;43;1154;54;America/Sao_Paulo;;;
3533502;Novo Horizonte;-214651;-492234;0;35;6771;17;America/Sao_Paulo;;-21,4651;-49,2234
4118709;Paulo Frontin;-260466;-508304;0;41;7755;42;America/Sao_Paulo;;;
2706604;Paulo Jacinto;-936792;-363672;0;27;2831;82;America/Sao_Paulo;;;
4212304;Paulo Lopes;-279607;-486864;0;42;8241;48;America/Sao_Paulo;;;
2108108;Paulo Ramos;-444485;-452398;0;21;959;98;America/Sao_Paulo;;;
3148509;Pavão;-174267;-410035;0;31;4969;33;America/Sao_Paulo;;;
4314159;Paverama;-295486;-517339;0;43;7371;51;America/Sao_Paulo;;;
2207850;Pavussu;-796059;-432284;0;22;366;89;America/Sao_Paulo;;;
2924058;Pé de Serra;-118313;-39611;0;29;3981;75;America/Sao_Paulo;;;
4118808;Peabiru;-23914;-523431;0;41;7757;44;America/Sao_Paulo;;;
3148608;Peçanha;-185441;-425583;0;31;4971;33;America/Sao_Paulo;;;
3542503;Reginópolis;-218914;-492268;0;35;6951;14;America/Sao_Paulo;;-21,8914;-49,2268
2610806;Pedra;-849641;-3694;0;26;2515;87;America/Sao_Paulo;;;
3148707;Pedra Azul;-160086;-412909;0;31;4973;33;America/Sao_Paulo;;;
3500550;Águas de Santa Bárbara;-228812;-492421;0;35;7019;14;America/Sao_Paulo;;-22,8812;-49,2421
3148756;Pedra Bonita;-205219;-423304;0;31;682;31;America/Sao_Paulo;;;
2511004;Pedra Branca;-742169;-380689;0;25;2121;83;America/Sao_Paulo;;;
2310506;Pedra Branca;-545341;-397078;0;23;1511;88;America/Sao_Paulo;;;
1600154;Pedra Branca do Amapari;777424;-519503;0;16;663;96;America/Sao_Paulo;;;
3148806;Pedra do Anta;-205968;-427123;0;31;4975;31;America/Sao_Paulo;;;
3148905;Pedra do Indaiá;-202563;-452107;0;31;4977;37;America/Sao_Paulo;;;
3149002;Pedra Dourada;-208266;-421515;0;31;4979;32;America/Sao_Paulo;;;
2409506;Pedra Grande;-514988;-35876;0;24;1789;84;America/Sao_Paulo;;;
2511103;Pedra Lavrada;-674997;-364758;0;25;2123;83;America/Sao_Paulo;;;
2805000;Pedra Mole;-106134;-376922;0;28;3199;79;America/Sao_Paulo;;;
2409605;Pedra Preta;-557352;-361084;0;24;1791;84;America/Sao_Paulo;;;
5106372;Pedra Preta;-166245;-544722;0;51;9181;66;America/Porto_Velho;;;
3149101;Pedralva;-222386;-454654;0;31;4981;35;America/Sao_Paulo;;;
3519402;Ibirá;-210830;-492448;0;35;6489;17;America/Sao_Paulo;;-21,0830;-49,2448
2924108;Pedrão;-121491;-386487;0;29;3783;75;America/Sao_Paulo;;;
4314175;Pedras Altas;-317365;-535814;0;43;1156;53;America/Sao_Paulo;;;
2511202;Pedras de Fogo;-739107;-351065;0;25;2125;83;America/Sao_Paulo;;;
3149150;Pedras de Maria da Cruz;-156032;-44391;0;31;2899;38;America/Sao_Paulo;;;
4212403;Pedras Grandes;-284339;-491949;0;42;8243;48;America/Sao_Paulo;;;
3511300;Cedral;-209009;-492664;0;35;6327;17;America/Sao_Paulo;;-20,9009;-49,2664
3555901;Uru;-217866;-492848;0;35;7219;14;America/Sao_Paulo;;-21,7866;-49,2848
2108207;Pedreiras;-456482;-446006;0;21;861;99;America/Sao_Paulo;;;
2805109;Pedrinhas;-111902;-376775;0;28;3201;79;America/Sao_Paulo;;;
3534005;Onda Verde;-206042;-492929;0;35;6781;17;America/Sao_Paulo;;-20,6042;-49,2929
3149200;Pedrinópolis;-192241;-474579;0;31;4983;34;America/Sao_Paulo;;;
1716505;Pedro Afonso;-897034;-481729;0;17;9525;63;America/Sao_Paulo;;;
2924207;Pedro Alexandre;-10012;-378932;0;29;3785;75;America/Sao_Paulo;;;
2409704;Pedro Avelino;-55161;-363867;0;24;1793;84;America/Sao_Paulo;;;
3204054;Pedro Canário;-183004;-399574;0;32;5715;27;America/Sao_Paulo;;;
3556008;Urupês;-212032;-492931;0;35;7221;17;America/Sao_Paulo;;-21,2032;-49,2931
2108256;Pedro do Rosário;-297272;-453493;0;21;208;98;America/Sao_Paulo;;;
5006408;Pedro Gomes;-180996;-545507;0;50;9127;67;America/Porto_Velho;;;
2207900;Pedro II;-442585;-414482;0;22;1157;86;America/Sao_Paulo;;;
2207934;Pedro Laurentino;-806807;-422847;0;22;368;89;America/Sao_Paulo;;;
3149309;Pedro Leopoldo;-196308;-440383;0;31;4985;31;America/Sao_Paulo;;;
4314209;Pedro Osório;-318642;-528184;0;43;8787;53;America/Sao_Paulo;;;
2512721;Pedro Régis;-663323;-352966;0;25;500;83;America/Sao_Paulo;;;
3149408;Pedro Teixeira;-217076;-43743;0;31;4987;32;America/Sao_Paulo;;;
2409803;Pedro Velho;-64356;-352195;0;24;1795;84;America/Sao_Paulo;;;
1716604;Peixe;-120254;-485395;0;17;9527;63;America/Sao_Paulo;;;
1505601;Peixe-Boi;-119382;-47324;0;15;511;91;America/Sao_Paulo;;;
5106422;Peixoto de Azevedo;-102262;-549794;0;51;9891;66;America/Porto_Velho;;;
4314308;Pejuçara;-284283;-536579;0;43;8789;55;America/Sao_Paulo;;;
4314407;Pelotas;-317649;-523371;0;43;8791;53;America/Sao_Paulo;;;
2310605;Penaforte;-782163;-390707;0;23;1513;88;America/Sao_Paulo;;;
2108306;Penalva;-327674;-451768;0;21;863;98;America/Sao_Paulo;;;
3533007;Nova Granada;-205321;-493123;0;35;6761;17;America/Sao_Paulo;;-20,5321;-49,3123
2409902;Pendências;-52564;-367095;0;24;1797;84;America/Sao_Paulo;;;
2706703;Penedo;-102874;-365819;0;27;2833;82;America/Sao_Paulo;;;
4212502;Penha;-267754;-486465;0;42;8245;47;America/Sao_Paulo;;;
2310704;Pentecoste;-379274;-392692;0;23;1515;85;America/Sao_Paulo;;;
3149507;Pequeri;-218341;-431145;0;31;4989;32;America/Sao_Paulo;;;
3149606;Pequi;-196284;-446604;0;31;4991;37;America/Sao_Paulo;;;
1716653;Pequizeiro;-85932;-489327;0;17;9705;63;America/Sao_Paulo;;;
3149705;Perdigão;-199411;-45078;0;31;4993;37;America/Sao_Paulo;;;
3149804;Perdizes;-193434;-472963;0;31;4995;34;America/Sao_Paulo;;;
3149903;Perdões;-210932;-450896;0;31;4997;35;America/Sao_Paulo;;;
3528601;Manduri;-230056;-493202;0;35;6673;14;America/Sao_Paulo;;-23,0056;-49,3202
3523206;Itararé;-241085;-493352;0;35;6565;15;America/Sao_Paulo;;-24,1085;-49,3352
2310803;Pereiro;-603576;-384624;0;23;1517;88;America/Sao_Paulo;;;
2108405;Peri Mirim;-257676;-448504;0;21;865;98;America/Sao_Paulo;;;
3149952;Periquito;-191573;-422333;0;31;684;33;America/Sao_Paulo;;;
4212601;Peritiba;-273754;-519018;0;42;8247;49;America/Sao_Paulo;;;
2108454;Peritoró;-437459;-443369;0;21;210;99;America/Sao_Paulo;;;
4118857;Perobal;-238949;-534098;0;41;868;44;America/Sao_Paulo;;;
4118907;Pérola;-238039;-536834;0;41;7969;44;America/Sao_Paulo;;;
4119004;Pérola d'Oeste;-258278;-537433;0;41;7759;46;America/Sao_Paulo;;;
5216452;Perolândia;-175258;-52065;0;52;75;64;America/Sao_Paulo;;;
3504305;Avaí;-221514;-493356;0;35;6185;14;America/Sao_Paulo;;-22,1514;-49,3356
3150000;Pescador;-18357;-416006;0;31;4999;33;America/Sao_Paulo;;;
4212650;Pescaria Brava;-283966;-488864;0;42;1194;48;America/Sao_Paulo;;;
2610905;Pesqueira;-835797;-366978;0;26;2517;87;America/Sao_Paulo;;;
2611002;Petrolândia;-906863;-383027;0;26;2519;87;America/Sao_Paulo;;;
4212700;Petrolândia;-275346;-496937;0;42;8249;47;America/Sao_Paulo;;;
2611101;Petrolina;-938866;-405027;0;26;2521;87;America/Sao_Paulo;;;
5216809;Petrolina de Goiás;-160968;-493364;0;52;9531;62;America/Sao_Paulo;;;
3303906;Petrópolis;-2252;-431926;0;33;5877;24;America/Sao_Paulo;;;
2706802;Piaçabuçu;-10406;-36434;0;27;2835;82;America/Sao_Paulo;;;
3508306;Cabrália Paulista;-224576;-493393;0;35;6267;14;America/Sao_Paulo;;-22,4576;-49,3393
2511301;Piancó;-719282;-379289;0;25;2127;83;America/Sao_Paulo;;;
2924306;Piatã;-131465;-417702;0;29;3787;77;America/Sao_Paulo;;;
3150109;Piau;-215096;-43313;0;31;5001;32;America/Sao_Paulo;;;
4314423;Picada Café;-294464;-511367;0;43;6021;54;America/Sao_Paulo;;;
1505635;Piçarra;-643778;-488716;0;15;58;94;America/Sao_Paulo;;;
2208007;Picos;-707721;-41467;0;22;1159;89;America/Sao_Paulo;;;
2511400;Picuí;-650845;-363497;0;25;2129;83;America/Sao_Paulo;;;
3533809;Óleo;-229435;-493419;0;35;6777;14;America/Sao_Paulo;;-22,9435;-49,3419
3150158;Piedade de Caratinga;-197593;-420756;0;31;686;33;America/Sao_Paulo;;;
3150208;Piedade de Ponte Nova;-202438;-427379;0;31;5003;31;America/Sao_Paulo;;;
3150307;Piedade do Rio Grande;-21469;-441938;0;31;5005;32;America/Sao_Paulo;;;
3150406;Piedade dos Gerais;-204715;-442243;0;31;5007;31;America/Sao_Paulo;;;
4119103;Piên;-260965;-494336;0;41;7761;41;America/Sao_Paulo;;;
2924405;Pilão Arcado;-100051;-424936;0;29;3789;74;America/Sao_Paulo;;;
2511509;Pilar;-726403;-352523;0;25;2131;83;America/Sao_Paulo;;;
2706901;Pilar;-960135;-359543;0;27;2837;82;America/Sao_Paulo;;;
5216908;Pilar de Goiás;-147608;-495784;0;52;9535;62;America/Sao_Paulo;;;
3534203;Orindiúva;-201861;-493464;0;35;6785;17;America/Sao_Paulo;;-20,1861;-49,3464
2410009;Pilões;-626364;-380461;0;24;1799;84;America/Sao_Paulo;;;
2511608;Pilões;-686827;-35613;0;25;2133;83;America/Sao_Paulo;;;
2511707;Pilõezinhos;-684277;-35531;0;25;2135;83;America/Sao_Paulo;;;
3150505;Pimenta;-204827;-458049;0;31;5009;37;America/Sao_Paulo;;;
1100189;Pimenta Bueno;-11672;-61198;0;11;11;69;America/Porto_Velho;;;
2208106;Pimenteiras;-623839;-414113;0;22;1161;89;America/Sao_Paulo;;;
1101468;Pimenteiras do Oeste;-134823;-610471;0;11;14;69;America/Porto_Velho;;;
2924504;Pindaí;-144921;-42686;0;29;3791;77;America/Sao_Paulo;;;
3540101;Pongaí;-217396;-493604;0;35;6903;14;America/Sao_Paulo;;-21,7396;-49,3604
2108504;Pindaré-Mirim;-360985;-45342;0;21;867;98;America/Sao_Paulo;;;
2707008;Pindoba;-947382;-362918;0;27;2839;82;America/Sao_Paulo;;;
2924603;Pindobaçu;-107433;-403675;0;29;3793;74;America/Sao_Paulo;;;
3504701;Balbinos;-218963;-493619;0;35;6193;14;America/Sao_Paulo;;-21,8963;-49,3619
1717008;Pindorama do Tocantins;-111311;-475726;0;17;9537;63;America/Sao_Paulo;;;
2310852;Pindoretama;-401584;-383061;0;23;1267;85;America/Sao_Paulo;;;
3150539;Pingo-d'Água;-197287;-424095;0;31;688;33;America/Sao_Paulo;;;
4119152;Pinhais;-254429;-491927;0;41;5453;41;America/Sao_Paulo;;;
4314456;Pinhal;-27508;-532082;0;43;7369;55;America/Sao_Paulo;;;
4314464;Pinhal da Serra;-278751;-511673;0;43;1158;54;America/Sao_Paulo;;;
4119251;Pinhal de São Bento;-260324;-53482;0;41;5495;46;America/Sao_Paulo;;;
4314472;Pinhal Grande;-29345;-533206;0;43;5787;55;America/Sao_Paulo;;;
4119202;Pinhalão;-237982;-500536;0;41;7763;43;America/Sao_Paulo;;;
3554201;Tejupá;-233425;-493722;0;35;7185;14;America/Sao_Paulo;;-23,3425;-49,3722
4212908;Pinhalzinho;-268495;-529913;0;42;8253;49;America/Sao_Paulo;;;
2805208;Pinhão;-105677;-377242;0;28;3203;79;America/Sao_Paulo;;;
4119301;Pinhão;-256944;-516536;0;41;7765;42;America/Sao_Paulo;;;
3303955;Pinheiral;-225172;-440022;0;33;778;24;America/Sao_Paulo;;;
4314498;Pinheirinho do Vale;-272109;-53608;0;43;5975;55;America/Sao_Paulo;;;
2108603;Pinheiro;-252224;-450788;0;21;869;98;America/Sao_Paulo;;;
4314506;Pinheiro Machado;-315794;-533798;0;43;8793;53;America/Sao_Paulo;;;
4213005;Pinheiro Preto;-270483;-512243;0;42;8255;49;America/Sao_Paulo;;;
3204104;Pinheiros;-184141;-402171;0;32;5681;27;America/Sao_Paulo;;;
2924652;Pintadas;-118117;-399009;0;29;3983;75;America/Sao_Paulo;;;
4314548;Pinto Bandeira;-290975;-514503;0;43;1160;54;America/Sao_Paulo;;;
3150570;Pintópolis;-160572;-451402;0;31;690;38;America/Sao_Paulo;;;
2208205;Pio IX;-683002;-406083;0;22;1163;89;America/Sao_Paulo;;;
2108702;Pio XII;-389315;-451759;0;21;871;98;America/Sao_Paulo;;;
3549805;São José do Rio Preto;-208113;-493758;0;35;7097;17;America/Sao_Paulo;;-20,8113;-49,3758
2310902;Piquet Carneiro;-580025;-39417;0;23;1519;88;America/Sao_Paulo;;;
3538808;Piraju;-231981;-493803;0;35;6877;14;America/Sao_Paulo;;-23,1981;-49,3803
3540804;Potirendaba;-210428;-493815;0;35;6917;17;America/Sao_Paulo;;-21,0428;-49,3815
5217104;Piracanjuba;-17302;-49017;0;52;9539;64;America/Sao_Paulo;;;
3150604;Piracema;-205089;-444783;0;31;5011;37;America/Sao_Paulo;;;
3521150;Ipiguá;-206557;-493842;0;35;800;17;America/Sao_Paulo;;-20,6557;-49,3842
2208304;Piracuruca;-393335;-417088;0;22;1165;86;America/Sao_Paulo;;;
3304003;Piraí;-226215;-439081;0;33;5879;24;America/Sao_Paulo;;;
2924678;Piraí do Norte;-13759;-393836;0;29;3019;73;America/Sao_Paulo;;;
4119400;Piraí do Sul;-245306;-499433;0;41;7767;42;America/Sao_Paulo;;;
3536570;Paulistânia;-225768;-494008;0;35;810;14;America/Sao_Paulo;;-22,5768;-49,4008
3150703;Pirajuba;-199092;-487027;0;31;5013;34;America/Sao_Paulo;;;
3553005;Taguaí;-234452;-494024;0;35;7161;14;America/Sao_Paulo;;-23,4452;-49,4024
2805307;Pirambu;-107215;-368544;0;28;3205;79;America/Sao_Paulo;;;
3150802;Piranga;-206834;-432967;0;31;5015;31;America/Sao_Paulo;;;
3514502;Duartina;-224146;-494084;0;35;6391;14;America/Sao_Paulo;;-22,4146;-49,4084
3150901;Piranguçu;-225249;-454945;0;31;5017;35;America/Sao_Paulo;;;
3151008;Piranguinho;-22395;-455324;0;31;5019;35;America/Sao_Paulo;;;
2707107;Piranhas;-9624;-37757;0;27;2841;82;America/Sao_Paulo;;;
5217203;Piranhas;-164258;-518235;0;52;9541;64;America/Sao_Paulo;;;
2108801;Pirapemas;-372041;-442216;0;21;873;98;America/Sao_Paulo;;;
3151107;Pirapetinga;-216554;-423434;0;31;5021;32;America/Sao_Paulo;;;
4314555;Pirapó;-280439;-552001;0;43;7367;55;America/Sao_Paulo;;;
3151206;Pirapora;-173392;-44934;0;31;5023;38;America/Sao_Paulo;;;
3521507;Irapuã;-212768;-494164;0;35;6531;17;America/Sao_Paulo;;-21,2768;-49,4164
3535002;Palestina;-203900;-494309;0;35;6801;17;America/Sao_Paulo;;-20,3900;-49,4309
4119509;Piraquara;-254422;-490624;0;41;7769;41;America/Sao_Paulo;;;
1717206;Piraquê;-677302;-482958;0;17;355;63;America/Sao_Paulo;;;
3515194;Espírito Santo do Turvo;-226925;-494341;0;35;7253;14;America/Sao_Paulo;;-22,6925;-49,4341
4314605;Piratini;-314473;-530973;0;43;8795;53;America/Sao_Paulo;;;
3541109;Presidente Alves;-220999;-494381;0;35;6923;14;America/Sao_Paulo;;-22,0999;-49,4381
4213104;Piratuba;-274242;-517668;0;42;8257;49;America/Sao_Paulo;;;
3151305;Piraúba;-212825;-430172;0;31;5025;32;America/Sao_Paulo;;;
5217302;Pirenópolis;-158507;-489584;0;52;9543;62;America/Sao_Paulo;;;
5217401;Pires do Rio;-173019;-482768;0;52;9545;64;America/Sao_Paulo;;;
2310951;Pires Ferreira;-423922;-406442;0;23;1269;88;America/Sao_Paulo;;;
2924702;Piripá;-149444;-417168;0;29;3795;77;America/Sao_Paulo;;;
2208403;Piripiri;-427157;-417716;0;22;1167;86;America/Sao_Paulo;;;
2924801;Piritiba;-1173;-405587;0;29;3797;74;America/Sao_Paulo;;;
2511806;Pirpirituba;-677922;-354906;0;25;2137;83;America/Sao_Paulo;;;
4119608;Pitanga;-247588;-517596;0;41;7771;42;America/Sao_Paulo;;;
3504602;Bady Bassitt;-209197;-494385;0;35;6191;17;America/Sao_Paulo;;-20,9197;-49,4385
4119657;Pitangueiras;-232281;-515873;0;41;5461;43;America/Sao_Paulo;;;
3151404;Pitangui;-196741;-448964;0;31;5027;37;America/Sao_Paulo;;;
2511905;Pitimbu;-74664;-348151;0;25;2139;83;America/Sao_Paulo;;;
1717503;Pium;-10442;-491876;0;17;9547;63;America/Sao_Paulo;;;
3204203;Piúma;-208334;-407268;0;32;5683;28;America/Sao_Paulo;;;
3151503;Piumhi;-204762;-459589;0;31;5029;37;America/Sao_Paulo;;;
1505650;Placas;-386813;-542124;0;15;60;93;America/Sao_Paulo;;;
1200385;Plácido de Castro;-102806;-671371;0;12;151;68;America/Rio_Branco;;;
5217609;Planaltina;-15452;-476089;0;52;9595;61;America/Sao_Paulo;;;
4119707;Planaltina do Paraná;-230101;-529162;0;41;7773;44;America/Sao_Paulo;;;
2924900;Planaltino;-132618;-403695;0;29;3799;73;America/Sao_Paulo;;;
2925006;Planalto;-146654;-404718;0;29;3801;77;America/Sao_Paulo;;;
4314704;Planalto;-273297;-530575;0;43;8797;55;America/Sao_Paulo;;;
3538907;Pirajuí;-219990;-494608;0;35;6879;14;America/Sao_Paulo;;-21,9990;-49,4608
4119806;Planalto;-257211;-537642;0;41;7775;46;America/Sao_Paulo;;;
4213153;Planalto Alegre;-270704;-52867;0;42;5593;49;America/Sao_Paulo;;;
5106455;Planalto da Serra;-146518;-547819;0;51;91;66;America/Porto_Velho;;;
3151602;Planura;-201376;-487;0;31;5031;34;America/Sao_Paulo;;;
3530409;Mirassolândia;-206179;-494617;0;35;6709;17;America/Sao_Paulo;;-20,6179;-49,4617
3506300;Bernardino de Campos;-230164;-494679;0;35;6225;14;America/Sao_Paulo;;-23,0164;-49,4679
2611200;Poção;-818726;-367111;0;26;2523;87;America/Sao_Paulo;;;
2108900;Poção de Pedras;-474626;-449432;0;21;875;99;America/Sao_Paulo;;;
2512002;Pocinhos;-706658;-360668;0;25;2141;83;America/Sao_Paulo;;;
2410108;Poço Branco;-562233;-356635;0;24;1801;84;America/Sao_Paulo;;;
2512036;Poço Dantas;-639876;-384909;0;25;496;83;America/Sao_Paulo;;;
4314753;Poço das Antas;-294481;-516719;0;43;7365;51;America/Sao_Paulo;;;
2707206;Poço das Trincheiras;-930742;-372889;0;27;2843;82;America/Sao_Paulo;;;
2512077;Poço de José de Moura;-656401;-385111;0;25;498;83;America/Sao_Paulo;;;
3151701;Poço Fundo;-2178;-459658;0;31;5033;35;America/Sao_Paulo;;;
2805406;Poço Redondo;-980616;-376833;0;28;3207;79;America/Sao_Paulo;;;
2805505;Poço Verde;-107151;-381813;0;28;3209;79;America/Sao_Paulo;;;
2925105;Poções;-145234;-403634;0;29;3803;77;America/Sao_Paulo;;;
5106505;Poconé;-16266;-566261;0;51;9129;65;America/Porto_Velho;;;
3151800;Poços de Caldas;-2178;-465692;0;31;5035;35;America/Sao_Paulo;;;
3151909;Pocrane;-196208;-416334;0;31;5037;33;America/Sao_Paulo;;;
2925204;Pojuca;-124303;-383374;0;29;3805;71;America/Sao_Paulo;;;
3551207;Sarutaiá;-232721;-494763;0;35;7125;14;America/Sao_Paulo;;-23,2721;-49,4763
2512101;Pombal;-676606;-378003;0;25;2143;83;America/Sao_Paulo;;;
2611309;Pombos;-813982;-353967;0;26;2525;81;America/Sao_Paulo;;;
4213203;Pomerode;-267384;-491785;0;42;8259;47;America/Sao_Paulo;;;
3522802;Itaporanga;-237043;-494819;0;35;6557;15;America/Sao_Paulo;;-23,7043;-49,4819
3152006;Pompéu;-192257;-450141;0;31;5039;37;America/Sao_Paulo;;;
3544806;Sales;-213427;-494897;0;35;6997;17;America/Sao_Paulo;;-21,3427;-49,4897
1505700;Ponta de Pedras;-139587;-488661;0;15;513;91;America/Sao_Paulo;;;
4119905;Ponta Grossa;-250916;-501668;0;41;7777;42;America/Sao_Paulo;;;
5006606;Ponta Porã;-225296;-557203;0;50;9131;67;America/Porto_Velho;;;
3532801;Nova Aliança;-210156;-494986;0;35;6757;17;America/Sao_Paulo;;-21,0156;-49,4986
5106653;Pontal do Araguaia;-159274;-523273;0;51;95;66;America/Porto_Velho;;;
4119954;Pontal do Paraná;-256735;-485111;0;41;870;41;America/Sao_Paulo;;;
5217708;Pontalina;-175225;-494489;0;52;9549;64;America/Sao_Paulo;;;
3515400;Fartura;-233916;-495124;0;35;6409;14;America/Sao_Paulo;;-23,3916;-49,5124
4314779;Pontão;-280585;-526791;0;43;5939;54;America/Sao_Paulo;;;
4213302;Ponte Alta;-274835;-503764;0;42;8261;49;America/Sao_Paulo;;;
1717800;Ponte Alta do Bom Jesus;-120853;-464825;0;17;9551;63;America/Sao_Paulo;;;
4213351;Ponte Alta do Norte;-271591;-504659;0;42;5569;49;America/Sao_Paulo;;;
1717909;Ponte Alta do Tocantins;-107481;-475276;0;17;9553;63;America/Sao_Paulo;;;
5106703;Ponte Branca;-167584;-528369;0;51;9133;66;America/Porto_Velho;;;
3152105;Ponte Nova;-204111;-428978;0;31;5041;31;America/Sao_Paulo;;;
4314787;Ponte Preta;-276587;-524848;0;43;5967;54;America/Sao_Paulo;;;
4213401;Ponte Serrada;-268733;-520112;0;42;8263;49;America/Sao_Paulo;;;
5106752;Pontes e Lacerda;-152219;-593435;0;51;8999;65;America/Porto_Velho;;;
3515657;Fernão;-223607;-495187;0;35;796;14;America/Sao_Paulo;;-22,3607;-49,5187
3204252;Ponto Belo;-181253;-405458;0;32;762;27;America/Sao_Paulo;;;
3152131;Ponto Chique;-166282;-450588;0;31;692;38;America/Sao_Paulo;;;
3152170;Ponto dos Volantes;-167473;-415025;0;31;694;33;America/Sao_Paulo;;;
2925253;Ponto Novo;-108653;-401311;0;29;3021;74;America/Sao_Paulo;;;
3530300;Mirassol;-208169;-495206;0;35;6707;17;America/Sao_Paulo;;-20,8169;-49,5206
2311009;Poranga;-474672;-409205;0;23;1521;88;America/Sao_Paulo;;;
3516606;Gália;-222918;-495504;0;35;6433;14;America/Sao_Paulo;;-22,2918;-49,5504
5218003;Porangatu;-134391;-491503;0;52;9555;62;America/Sao_Paulo;;;
3304102;Porciúncula;-209632;-420465;0;33;5881;22;America/Sao_Paulo;;;
4120002;Porecatu;-227537;-513795;0;41;7779;43;America/Sao_Paulo;;;
2410207;Portalegre;-602064;-379865;0;24;1803;84;America/Sao_Paulo;;;
4314803;Portão;-297015;-512429;0;43;8799;51;America/Sao_Paulo;;;
5218052;Porteirão;-178143;-501653;0;52;1060;64;America/Sao_Paulo;;;
2311108;Porteiras;-752265;-39114;0;23;1523;88;America/Sao_Paulo;;;
3152204;Porteirinha;-157404;-430281;0;31;5043;38;America/Sao_Paulo;;;
1505809;Portel;-193639;-508194;0;15;515;91;America/Sao_Paulo;;;
5218102;Portelândia;-173554;-526799;0;52;9557;64;America/Sao_Paulo;;;
2208502;Porto;-388815;-426998;0;22;1169;86;America/Sao_Paulo;;;
1200807;Porto Acre;-958138;-675478;0;12;649;68;America/Rio_Branco;;;
4314902;Porto Alegre;-300318;-512065;1;43;8801;51;America/Sao_Paulo;;;
5106778;Porto Alegre do Norte;-108761;-516357;0;51;9895;66;America/Porto_Velho;;;
2208551;Porto Alegre do Piauí;-696423;-441837;0;22;372;89;America/Sao_Paulo;;;
1718006;Porto Alegre do Tocantins;-11618;-470621;0;17;9723;63;America/Sao_Paulo;;;
4120101;Porto Amazonas;-2554;-498946;0;41;7781;42;America/Sao_Paulo;;;
4120150;Porto Barreiro;-255477;-524067;0;41;872;42;America/Sao_Paulo;;;
4213500;Porto Belo;-271586;-485469;0;42;8265;47;America/Sao_Paulo;;;
2707305;Porto Calvo;-905195;-353987;0;27;2845;82;America/Sao_Paulo;;;
2805604;Porto da Folha;-991626;-372842;0;28;3211;79;America/Sao_Paulo;;;
1505908;Porto de Moz;-174691;-522361;0;15;517;93;America/Sao_Paulo;;;
2707404;Porto de Pedras;-916006;-353049;0;27;2847;82;America/Sao_Paulo;;;
2410256;Porto do Mangue;-505441;-367887;0;24;426;84;America/Sao_Paulo;;;
5106802;Porto dos Gaúchos;-11533;-574132;0;51;9135;66;America/Porto_Velho;;;
5106828;Porto Esperidião;-15857;-584619;0;51;9875;65;America/Porto_Velho;;;
5106851;Porto Estrela;-153235;-572204;0;51;101;65;America/Porto_Velho;;;
3505005;Barão de Antonina;-236284;-495634;0;35;6201;15;America/Sao_Paulo;;-23,6284;-49,5634
3544608;Sabino;-214593;-495755;0;35;6993;14;America/Sao_Paulo;;-21,4593;-49,5755
3152303;Porto Firme;-206642;-430834;0;31;5045;31;America/Sao_Paulo;;;
2109007;Porto Franco;-634149;-473962;0;21;877;99;America/Sao_Paulo;;;
1600535;Porto Grande;71243;-514155;0;16;671;96;America/Sao_Paulo;;;
4315008;Porto Lucena;-278569;-5501;0;43;8803;55;America/Sao_Paulo;;;
4315057;Porto Mauá;-275796;-546657;0;43;6065;55;America/Sao_Paulo;;;
5006903;Porto Murtinho;-216981;-578836;0;50;9137;67;America/Porto_Velho;;;
1718204;Porto Nacional;-107027;-48408;0;17;9559;63;America/Sao_Paulo;;;
3304110;Porto Real;-224175;-442952;0;33;780;24;America/Sao_Paulo;;;
2707503;Porto Real do Colégio;-101849;-368376;0;27;2849;82;America/Sao_Paulo;;;
4120200;Porto Rico;-227747;-532677;0;41;7783;44;America/Sao_Paulo;;;
2109056;Porto Rico do Maranhão;-185925;-445842;0;21;212;98;America/Sao_Paulo;;;
2925303;Porto Seguro;-164435;-390643;0;29;3807;73;America/Sao_Paulo;;;
4213609;Porto União;-262451;-510759;0;42;8267;42;America/Sao_Paulo;;;
1100205;Porto Velho;-876077;-638999;1;11;3;69;America/Porto_Velho;;;
4315073;Porto Vera Cruz;-277405;-548994;0;43;6067;55;America/Sao_Paulo;;;
4120309;Porto Vitória;-261674;-51231;0;41;7785;42;America/Sao_Paulo;;;
1200393;Porto Walter;-826323;-727537;0;12;657;68;America/Rio_Branco;;;
4315107;Porto Xavier;-279082;-551379;0;43;8805;55;America/Sao_Paulo;;;
5218300;Posse;-140859;-463704;0;52;9561;62;America/Sao_Paulo;;;
3152402;Poté;-178077;-41786;0;31;5047;33;America/Sao_Paulo;;;
2311207;Potengi;-709154;-400233;0;23;1525;88;America/Sao_Paulo;;;
3529500;Mendonça;-211757;-495791;0;35;6691;17;America/Sao_Paulo;;-21,1757;-49,5791
2925402;Potiraguá;-155943;-398638;0;29;3809;73;America/Sao_Paulo;;;
3524501;Jaci;-208805;-495797;0;35;6591;17;America/Sao_Paulo;;-20,8805;-49,5797
2311231;Potiretama;-571287;-381578;0;23;1271;88;America/Sao_Paulo;;;
3152501;Pouso Alegre;-222266;-459389;0;31;5049;35;America/Sao_Paulo;;;
3152600;Pouso Alto;-221964;-449748;0;31;5051;35;America/Sao_Paulo;;;
4315131;Pouso Novo;-291738;-522136;0;43;7363;51;America/Sao_Paulo;;;
4213708;Pouso Redondo;-272567;-499301;0;42;8269;47;America/Sao_Paulo;;;
5107008;Poxoréu;-158299;-544208;0;51;9139;66;America/Porto_Velho;;;
3504800;Bálsamo;-207348;-495865;0;35;6195;17;America/Sao_Paulo;;-20,7348;-49,5865
1600550;Pracuúba;174543;-507892;0;16;673;96;America/Sao_Paulo;;;
2925501;Prado;-173364;-392227;0;29;3811;73;America/Sao_Paulo;;;
4120333;Prado Ferreira;-230357;-514429;0;41;874;43;America/Sao_Paulo;;;
3518107;Guarantã;-218942;-495914;0;35;6463;14;America/Sao_Paulo;;-21,8942;-49,5914
3152709;Prados;-210597;-440778;0;31;5053;32;America/Sao_Paulo;;;
3508801;Cafelândia;-218031;-496092;0;35;6277;14;America/Sao_Paulo;;-21,8031;-49,6092
4213807;Praia Grande;-291918;-499525;0;42;8271;48;America/Sao_Paulo;;;
1718303;Praia Norte;-539281;-478111;0;17;9725;63;America/Sao_Paulo;;;
1506005;Prainha;-1798;-534779;0;15;519;93;America/Sao_Paulo;;;
4120358;Pranchita;-260209;-537397;0;41;7991;46;America/Sao_Paulo;;;
3152808;Prata;-193086;-489276;0;31;5055;34;America/Sao_Paulo;;;
2512200;Prata;-768826;-370801;0;25;2145;83;America/Sao_Paulo;;;
2208601;Prata do Piauí;-567265;-422046;0;22;1171;86;America/Sao_Paulo;;;
3554607;Timburi;-232057;-496096;0;35;7193;14;America/Sao_Paulo;;-23,2057;-49,6096
3152907;Pratápolis;-207411;-468624;0;31;5057;35;America/Sao_Paulo;;;
3153004;Pratinha;-19739;-463755;0;31;5059;34;America/Sao_Paulo;;;
3520905;Ipaussu;-230575;-496279;0;35;6519;14;America/Sao_Paulo;;-23,0575;-49,6279
3546405;Santa Cruz do Rio Pardo;-228988;-496354;0;35;7029;14;America/Sao_Paulo;;-22,8988;-49,6354
3153103;Presidente Bernardes;-207656;-431895;0;31;5061;32;America/Sao_Paulo;;;
4213906;Presidente Castello Branco;-272218;-518089;0;42;8273;49;America/Sao_Paulo;;;
4120408;Presidente Castelo Branco;-232782;-521536;0;41;7787;44;America/Sao_Paulo;;;
2925600;Presidente Dutra;-112923;-419843;0;29;3813;74;America/Sao_Paulo;;;
2109106;Presidente Dutra;-52898;-44495;0;21;879;99;America/Sao_Paulo;;;
3532504;Neves Paulista;-208430;-496358;0;35;6751;17;America/Sao_Paulo;;-20,8430;-49,6358
1303536;Presidente Figueiredo;-202981;-600234;0;13;9841;92;America/Porto_Velho;;;
4214003;Presidente Getúlio;-270474;-496246;0;42;8275;47;America/Sao_Paulo;;;
2925709;Presidente Jânio Quadros;-146885;-416798;0;29;3815;77;America/Sao_Paulo;;;
3153202;Presidente Juscelino;-186401;-4406;0;31;5063;38;America/Sao_Paulo;;;
2109205;Presidente Juscelino;-291872;-440715;0;21;881;98;America/Sao_Paulo;;;
1718402;Presidente Kennedy;-85406;-485062;0;17;9629;63;America/Sao_Paulo;;;
3204302;Presidente Kennedy;-210964;-410468;0;32;5685;28;America/Sao_Paulo;;;
3153301;Presidente Kubitschek;-186193;-435628;0;31;5065;38;America/Sao_Paulo;;;
4315149;Presidente Lucena;-295175;-511798;0;43;6023;51;America/Sao_Paulo;;;
1100254;Presidente Médici;-11169;-618986;0;11;19;69;America/Porto_Velho;;;
2109239;Presidente Médici;-238991;-4582;0;21;214;98;America/Sao_Paulo;;;
4214102;Presidente Nereu;-272768;-493889;0;42;8277;47;America/Sao_Paulo;;;
3153400;Presidente Olegário;-184096;-464165;0;31;5067;34;America/Sao_Paulo;;;
3500204;Adolfo;-212325;-496451;0;35;6103;17;America/Sao_Paulo;;-21,2325;-49,6451
2109270;Presidente Sarney;-258799;-453595;0;21;216;98;America/Sao_Paulo;;;
2925758;Presidente Tancredo Neves;-134471;-394203;0;29;3023;73;America/Sao_Paulo;;;
2109304;Presidente Vargas;-340787;-440234;0;21;883;98;America/Sao_Paulo;;;
3516705;Garça;-222125;-496546;0;35;6435;14;America/Sao_Paulo;;-22,2125;-49,6546
2611408;Primavera;-832999;-353544;0;26;2527;81;America/Sao_Paulo;;;
1506104;Primavera;-945439;-471253;0;15;521;91;America/Sao_Paulo;;;
1101476;Primavera de Rondônia;-118295;-613153;0;11;16;69;America/Porto_Velho;;;
5107040;Primavera do Leste;-15544;-542811;0;51;9871;66;America/Porto_Velho;;;
2109403;Primeira Cruz;-250568;-434232;0;21;885;98;America/Sao_Paulo;;;
4120507;Primeiro de Maio;-228517;-510293;0;41;7789;43;America/Sao_Paulo;;;
4214151;Princesa;-264441;-535994;0;42;934;49;America/Sao_Paulo;;;
2512309;Princesa Isabel;-773175;-379886;0;25;2147;83;America/Sao_Paulo;;;
5218391;Professor Jamil;-172497;-49244;0;52;51;64;America/Sao_Paulo;;;
4315156;Progresso;-292441;-523197;0;43;7361;51;America/Sao_Paulo;;;
3553401;Tanabi;-206228;-496563;0;35;7169;17;America/Sao_Paulo;;-20,6228;-49,6563
2805703;Propriá;-102138;-368442;0;28;3213;79;America/Sao_Paulo;;;
4315172;Protásio Alves;-287572;-514757;0;43;7359;54;America/Sao_Paulo;;;
3153608;Prudente de Morais;-194742;-441591;0;31;5071;31;America/Sao_Paulo;;;
4120606;Prudentópolis;-252111;-509754;0;41;7791;42;America/Sao_Paulo;;;
1718451;Pugmil;-10424;-488957;0;17;94;63;America/Sao_Paulo;;;
2410405;Pureza;-546393;-355554;0;24;1807;84;America/Sao_Paulo;;;
4315206;Putinga;-290045;-521569;0;43;8807;51;America/Sao_Paulo;;;
2512408;Puxinanã;-715479;-359543;0;25;2149;83;America/Sao_Paulo;;;
3555505;Ubirajara;-225272;-496613;0;35;7211;14;America/Sao_Paulo;;-22,5272;-49,6613
4315305;Quaraí;-30384;-564483;0;43;8809;55;America/Sao_Paulo;;;
3153707;Quartel Geral;-192703;-455569;0;31;5073;37;America/Sao_Paulo;;;
4120655;Quarto Centenário;-242775;-530759;0;41;876;44;America/Sao_Paulo;;;
3544202;Riolândia;-199868;-496836;0;35;6985;17;America/Sao_Paulo;;-19,9868;-49,6836
4120705;Quatiguá;-235671;-49916;0;41;7793;43;America/Sao_Paulo;;;
1506112;Quatipuru;-899604;-470134;0;15;62;91;America/Sao_Paulo;;;
3304128;Quatis;-224045;-442597;0;33;2923;24;America/Sao_Paulo;;;
4120804;Quatro Barras;-253673;-490763;0;41;7795;41;America/Sao_Paulo;;;
4315313;Quatro Irmãos;-278257;-524424;0;43;1162;54;America/Sao_Paulo;;;
4120853;Quatro Pontes;-245752;-539759;0;41;5535;45;America/Sao_Paulo;;;
2707602;Quebrangulo;-932001;-364692;0;27;2851;82;America/Sao_Paulo;;;
4120903;Quedas do Iguaçu;-254492;-529102;0;41;7955;46;America/Sao_Paulo;;;
2208650;Queimada Nova;-857064;-414106;0;22;2279;89;America/Sao_Paulo;;;
2512507;Queimadas;-735029;-359031;0;25;2151;83;America/Sao_Paulo;;;
2925808;Queimadas;-109736;-396293;0;29;3817;75;America/Sao_Paulo;;;
3304144;Queimados;-227102;-435518;0;33;2911;21;America/Sao_Paulo;;;
3525706;José Bonifácio;-210551;-496892;0;35;6615;17;America/Sao_Paulo;;-21,0551;-49,6892
3540309;Pontes Gestal;-201727;-497064;0;35;6907;17;America/Sao_Paulo;;-20,1727;-49,7064
3153806;Queluzito;-207416;-438851;0;31;5075;31;America/Sao_Paulo;;;
5107065;Querência;-126093;-521821;0;51;97;66;America/Porto_Velho;;;
4121000;Querência do Norte;-230838;-53483;0;41;7797;44;America/Sao_Paulo;;;
4315321;Quevedos;-293504;-540789;0;43;5789;55;America/Sao_Paulo;;;
2925907;Quijingue;-107505;-392137;0;29;3819;75;America/Sao_Paulo;;;
4214201;Quilombo;-267264;-52724;0;42;8279;49;America/Sao_Paulo;;;
4121109;Quinta do Sol;-238533;-521309;0;41;7799;44;America/Sao_Paulo;;;
3557204;Chavantes;-230366;-497096;0;35;6337;14;America/Sao_Paulo;;-23,0366;-49,7096
4315354;Quinze de Novembro;-287466;-531011;0;43;7357;54;America/Sao_Paulo;;;
2611507;Quipapá;-881175;-360137;0;26;2529;81;America/Sao_Paulo;;;
5218508;Quirinópolis;-184472;-504547;0;52;9563;64;America/Sao_Paulo;;;
3304151;Quissamã;-221031;-414693;0;33;6007;22;America/Sao_Paulo;;;
4121208;Quitandinha;-258734;-494973;0;41;7801;41;America/Sao_Paulo;;;
2311264;Quiterianópolis;-58425;-407002;0;23;9917;88;America/Sao_Paulo;;;
2512606;Quixabá;-70224;-371458;0;25;2153;83;America/Sao_Paulo;;;
2611533;Quixaba;-770734;-378446;0;26;2637;87;America/Sao_Paulo;;;
2925931;Quixabeira;-114031;-4012;0;29;3025;74;America/Sao_Paulo;;;
2311306;Quixadá;-49663;-390155;0;23;1527;88;America/Sao_Paulo;;;
2311355;Quixelô;-624637;-392011;0;23;9853;88;America/Sao_Paulo;;;
2311405;Quixeramobim;-519067;-392889;0;23;1529;88;America/Sao_Paulo;;;
2311504;Quixeré;-507148;-379802;0;23;1531;88;America/Sao_Paulo;;;
2410504;Rafael Fernandes;-618987;-382211;0;24;1809;84;America/Sao_Paulo;;;
2410603;Rafael Godeiro;-607244;-37716;0;24;1893;84;America/Sao_Paulo;;;
2925956;Rafael Jambeiro;-124053;-395007;0;29;3985;75;America/Sao_Paulo;;;
3531407;Monte Aprazível;-207680;-497184;0;35;6729;17;America/Sao_Paulo;;-20,7680;-49,7184
4121257;Ramilândia;-251195;-54023;0;41;5527;45;America/Sao_Paulo;;;
3555356;Ubarana;-211650;-497198;0;35;2971;17;America/Sao_Paulo;;-21,1650;-49,7198
4121307;Rancho Alegre;-230676;-509145;0;41;7803;43;America/Sao_Paulo;;;
4121356;Rancho Alegre D'Oeste;-243065;-529552;0;41;5513;44;America/Sao_Paulo;;;
4214300;Rancho Queimado;-276727;-490191;0;42;8281;48;America/Sao_Paulo;;;
2109452;Raposa;-24254;-440973;0;21;218;98;America/Sao_Paulo;;;
3153905;Raposos;-199636;-438079;0;31;5077;31;America/Sao_Paulo;;;
3154002;Raul Soares;-201061;-424502;0;31;5079;33;America/Sao_Paulo;;;
4121406;Realeza;-257711;-53526;0;41;7805;46;America/Sao_Paulo;;;
4121505;Rebouças;-256232;-506877;0;41;7807;42;America/Sao_Paulo;;;
2611606;Recife;-804666;-348771;1;26;2531;81;America/Sao_Paulo;;;
3154101;Recreio;-215289;-424676;0;31;5081;32;America/Sao_Paulo;;;
1718501;Recursolândia;-87227;-472421;0;17;357;63;America/Sao_Paulo;;;
1506138;Redenção;-802529;-500317;0;15;567;94;America/Sao_Paulo;;;
2311603;Redenção;-421587;-387277;0;23;1533;85;America/Sao_Paulo;;;
3501806;Américo de Campos;-202985;-497359;0;35;6135;17;America/Sao_Paulo;;-20,2985;-49,7359
2208700;Redenção do Gurguéia;-947937;-445811;0;22;1173;89;America/Sao_Paulo;;;
4315404;Redentora;-27664;-536407;0;43;8811;55;America/Sao_Paulo;;;
3154150;Reduto;-202401;-419848;0;31;696;33;America/Sao_Paulo;;;
2208809;Regeneração;-623115;-426842;0;22;1175;86;America/Sao_Paulo;;;
3550506;São Pedro do Turvo;-227453;-497428;0;35;7111;14;America/Sao_Paulo;;-22,7453;-49,7428
3527108;Lins;-216718;-497526;0;35;6643;14;America/Sao_Paulo;;-21,6718;-49,7526
3501509;Alvinlândia;-224435;-497623;0;35;6129;14;America/Sao_Paulo;;-22,4435;-49,7623
4315453;Relvado;-291164;-520778;0;43;7355;51;America/Sao_Paulo;;;
2926004;Remanso;-961944;-420848;0;29;3821;74;America/Sao_Paulo;;;
2512705;Remígio;-694992;-358011;0;25;2155;83;America/Sao_Paulo;;;
4121604;Renascença;-261588;-529703;0;41;7809;46;America/Sao_Paulo;;;
2311702;Reriutaba;-414191;-405759;0;23;1535;88;America/Sao_Paulo;;;
3304201;Resende;-224705;-444509;0;33;5883;24;America/Sao_Paulo;;;
3154200;Resende Costa;-209171;-442407;0;31;5083;32;America/Sao_Paulo;;;
4121703;Reserva;-246492;-508466;0;41;7811;42;America/Sao_Paulo;;;
5107156;Reserva do Cabaçal;-150743;-584585;0;51;9879;65;America/Porto_Velho;;;
4121752;Reserva do Iguaçu;-258319;-520272;0;41;878;42;America/Sao_Paulo;;;
3154309;Resplendor;-193194;-412462;0;31;5085;33;America/Sao_Paulo;;;
3154408;Ressaquinha;-210642;-437598;0;31;5087;32;America/Sao_Paulo;;;
3512902;Cosmorama;-204755;-497827;0;35;6359;17;America/Sao_Paulo;;-20,4755;-49,7827
4315503;Restinga Sêca;-298188;-533807;0;43;8813;55;America/Sao_Paulo;;;
2926103;Retirolândia;-114832;-394234;0;29;3823;75;America/Sao_Paulo;;;
2512747;Riachão;-654269;-35661;0;25;502;83;America/Sao_Paulo;;;
2109502;Riachão;-735819;-466225;0;21;887;99;America/Sao_Paulo;;;
2926202;Riachão das Neves;-117508;-449143;0;29;3825;77;America/Sao_Paulo;;;
2512754;Riachão do Bacamarte;-725347;-356693;0;25;504;83;America/Sao_Paulo;;;
2805802;Riachão do Dantas;-110729;-37731;0;28;3215;79;America/Sao_Paulo;;;
2926301;Riachão do Jacuípe;-118067;-393818;0;29;3827;75;America/Sao_Paulo;;;
2512762;Riachão do Poço;-714173;-352914;0;25;506;83;America/Sao_Paulo;;;
1718550;Riachinho;-644005;-481371;0;17;193;63;America/Sao_Paulo;;;
3154457;Riachinho;-162258;-459888;0;31;2901;38;America/Sao_Paulo;;;
2410702;Riacho da Cruz;-592654;-37949;0;24;1811;84;America/Sao_Paulo;;;
2611705;Riacho das Almas;-813742;-358648;0;26;2533;81;America/Sao_Paulo;;;
2410801;Riacho de Santana;-625139;-383116;0;24;1813;84;America/Sao_Paulo;;;
2926400;Riacho de Santana;-136059;-429397;0;29;3829;77;America/Sao_Paulo;;;
2512788;Riacho de Santo Antônio;-768023;-36157;0;25;508;83;America/Sao_Paulo;;;
2512804;Riacho dos Cavalos;-644067;-376483;0;25;2157;83;America/Sao_Paulo;;;
3154507;Riacho dos Machados;-160091;-430488;0;31;5089;38;America/Sao_Paulo;;;
2208858;Riacho Frio;-101244;-449503;0;22;374;89;America/Sao_Paulo;;;
2410900;Riachuelo;-582156;-358215;0;24;1815;84;America/Sao_Paulo;;;
2805901;Riachuelo;-10735;-371966;0;28;3217;79;America/Sao_Paulo;;;
5218607;Rialma;-153145;-495814;0;52;9565;62;America/Sao_Paulo;;;
5218706;Rianápolis;-154456;-495114;0;52;9567;62;America/Sao_Paulo;;;
2109551;Ribamar Fiquene;-593067;-473888;0;21;220;99;America/Sao_Paulo;;;
5007109;Ribas do Rio Pardo;-204445;-537588;0;50;9141;67;America/Porto_Velho;;;
3532702;Nipoã;-209114;-497833;0;35;6755;17;America/Sao_Paulo;;-20,9114;-49,7833
2926509;Ribeira do Amparo;-110421;-384242;0;29;3831;75;America/Sao_Paulo;;;
2208874;Ribeira do Piauí;-769028;-427128;0;22;376;89;America/Sao_Paulo;;;
2926608;Ribeira do Pombal;-108373;-385382;0;29;3833;75;America/Sao_Paulo;;;
2611804;Ribeirão;-850957;-353698;0;26;2535;81;America/Sao_Paulo;;;
3510153;Canitar;-230040;-497839;0;35;2947;14;America/Sao_Paulo;;-23,0040;-49,7839
3525805;Júlio Mesquita;-220112;-497873;0;35;6617;14;America/Sao_Paulo;;-22,0112;-49,7873
5107180;Ribeirão Cascalheira;-129367;-518244;0;51;9741;66;America/Porto_Velho;;;
4121802;Ribeirão Claro;-231941;-497597;0;41;7813;43;America/Sao_Paulo;;;
3517208;Guaiçara;-216195;-498013;0;35;6445;14;America/Sao_Paulo;;-21,6195;-49,8013
3154606;Ribeirão das Neves;-197621;-440844;0;31;5091;31;America/Sao_Paulo;;;
2926657;Ribeirão do Largo;-154508;-407441;0;29;3027;77;America/Sao_Paulo;;;
4121901;Ribeirão do Pinhal;-234091;-503601;0;41;7815;43;America/Sao_Paulo;;;
3556602;Vera Cruz;-222183;-498207;0;35;7235;14;America/Sao_Paulo;;-22,2183;-49,8207
3539905;Poloni;-207829;-498258;0;35;6899;17;America/Sao_Paulo;;-20,7829;-49,8258
3541604;Promissão;-215356;-498599;0;35;6933;14;America/Sao_Paulo;;-21,5356;-49,8599
3534708;Ourinhos;-229797;-498697;0;35;6795;14;America/Sao_Paulo;;-22,9797;-49,8697
3517307;Guaimbê;-219091;-498986;0;35;6447;14;America/Sao_Paulo;;-21,9091;-49,8986
3154705;Ribeirão Vermelho;-211879;-450637;0;31;5093;35;America/Sao_Paulo;;;
5107198;Ribeirãozinho;-164856;-526924;0;51;99;66;America/Porto_Velho;;;
2208908;Ribeiro Gonçalves;-755651;-452447;0;22;1177;89;America/Sao_Paulo;;;
2806008;Ribeirópolis;-105357;-37438;0;28;3219;79;America/Sao_Paulo;;;
3555703;União Paulista;-208862;-499025;0;35;7215;17;America/Sao_Paulo;;-20,8862;-49,9025
3501202;Álvares Florence;-203203;-499141;0;35;6123;17;America/Sao_Paulo;;-20,3203;-49,9141
3510708;Cardoso;-200800;-499183;0;35;6315;17;America/Sao_Paulo;;-20,0800;-49,9183
3154804;Rio Acima;-200876;-437878;0;31;5095;31;America/Sao_Paulo;;;
4122008;Rio Azul;-257306;-507985;0;41;7817;42;America/Sao_Paulo;;;
3204351;Rio Bananal;-192719;-403366;0;32;5711;27;America/Sao_Paulo;;;
4122107;Rio Bom;-237606;-514122;0;41;7819;43;America/Sao_Paulo;;;
3304300;Rio Bonito;-227181;-426276;0;33;5885;21;America/Sao_Paulo;;;
4122156;Rio Bonito do Iguaçu;-254874;-525292;0;41;5481;42;America/Sao_Paulo;;;
5107206;Rio Branco;-152483;-581259;0;51;8995;65;America/Porto_Velho;;;
1200401;Rio Branco;-997499;-678243;1;12;139;68;America/Rio_Branco;;;
4122172;Rio Branco do Ivaí;-243244;-513187;0;41;880;43;America/Sao_Paulo;;;
4122206;Rio Branco do Sul;-251892;-493115;0;41;7821;41;America/Sao_Paulo;;;
5007208;Rio Brilhante;-218033;-545427;0;50;9143;67;America/Porto_Velho;;;
3154903;Rio Casca;-202285;-426462;0;31;5097;31;America/Sao_Paulo;;;
3304409;Rio Claro;-2272;-441419;0;33;5887;24;America/Sao_Paulo;;;
3517000;Getulina;-217961;-499312;0;35;6441;14;America/Sao_Paulo;;-21,7961;-49,9312
1100262;Rio Crespo;-969965;-629011;0;11;687;69;America/Porto_Velho;;;
1718659;Rio da Conceição;-113949;-468847;0;17;323;63;America/Sao_Paulo;;;
4214409;Rio das Antas;-268946;-510674;0;42;8283;49;America/Sao_Paulo;;;
3304508;Rio das Flores;-221692;-435856;0;33;5889;24;America/Sao_Paulo;;;
3304524;Rio das Ostras;-225174;-419475;0;33;2921;22;America/Sao_Paulo;;;
3529005;Marília;-222171;-499501;0;35;6681;14;America/Sao_Paulo;;-22,2171;-49,9501
2926707;Rio de Contas;-135852;-418048;0;29;3835;77;America/Sao_Paulo;;;
3304557;Rio de Janeiro;-229129;-432003;1;33;6001;21;America/Sao_Paulo;;;
2926806;Rio do Antônio;-144071;-420721;0;29;3837;77;America/Sao_Paulo;;;
4214508;Rio do Campo;-269452;-50136;0;42;8285;47;America/Sao_Paulo;;;
2408953;Rio do Fogo;-52765;-353794;0;24;422;84;America/Sao_Paulo;;;
4214607;Rio do Oeste;-271952;-497989;0;42;8287;47;America/Sao_Paulo;;;
2926905;Rio do Pires;-131185;-422902;0;29;3839;77;America/Sao_Paulo;;;
3155108;Rio do Prado;-166056;-405714;0;31;5101;33;America/Sao_Paulo;;;
4214805;Rio do Sul;-272156;-49643;0;42;8291;47;America/Sao_Paulo;;;
3155009;Rio Doce;-202412;-428995;0;31;5099;31;America/Sao_Paulo;;;
1718709;Rio dos Bois;-934425;-485245;0;17;359;63;America/Sao_Paulo;;;
4214706;Rio dos Cedros;-267398;-492718;0;42;8289;47;America/Sao_Paulo;;;
4315552;Rio dos Índios;-272973;-528417;0;43;5955;54;America/Sao_Paulo;;;
3155207;Rio Espera;-20855;-434721;0;31;5103;31;America/Sao_Paulo;;;
2611903;Rio Formoso;-86592;-351532;0;26;2537;81;America/Sao_Paulo;;;
4214904;Rio Fortuna;-281244;-491068;0;42;8293;48;America/Sao_Paulo;;;
4315602;Rio Grande;-320349;-521071;0;43;8815;53;America/Sao_Paulo;;;
3504404;Avanhandava;-214584;-499509;0;35;6187;18;America/Sao_Paulo;;-21,4584;-49,9509
2209005;Rio Grande do Piauí;-778029;-431369;0;22;1179;89;America/Sao_Paulo;;;
2707701;Rio Largo;-947783;-358394;0;27;2853;82;America/Sao_Paulo;;;
3155306;Rio Manso;-202666;-443069;0;31;5105;31;America/Sao_Paulo;;;
1506161;Rio Maria;-731236;-500379;0;15;569;94;America/Sao_Paulo;;;
4215000;Rio Negrinho;-262591;-495177;0;42;8295;47;America/Sao_Paulo;;;
5007307;Rio Negro;-19447;-549859;0;50;9145;67;America/Porto_Velho;;;
4122305;Rio Negro;-26095;-497982;0;41;7823;47;America/Sao_Paulo;;;
3155405;Rio Novo;-214649;-431168;0;31;5107;32;America/Sao_Paulo;;;
3204401;Rio Novo do Sul;-208556;-409388;0;32;5687;28;America/Sao_Paulo;;;
3155504;Rio Paranaíba;-191861;-462455;0;31;5109;34;America/Sao_Paulo;;;
4315701;Rio Pardo;-29988;-523711;0;43;8817;51;America/Sao_Paulo;;;
3155603;Rio Pardo de Minas;-15616;-425405;0;31;5111;38;America/Sao_Paulo;;;
3155702;Rio Piracicaba;-199284;-431829;0;31;5113;31;America/Sao_Paulo;;;
3155801;Rio Pomba;-212712;-431696;0;31;5115;32;America/Sao_Paulo;;;
3155900;Rio Preto;-220861;-438293;0;31;5117;32;America/Sao_Paulo;;;
1303569;Rio Preto da Eva;-27045;-596858;0;13;9843;92;America/Porto_Velho;;;
5218789;Rio Quente;-17774;-487725;0;52;9995;64;America/Sao_Paulo;;;
2927002;Rio Real;-114814;-379332;0;29;3841;75;America/Sao_Paulo;;;
4215059;Rio Rufino;-278592;-497754;0;42;5571;49;America/Sao_Paulo;;;
1718758;Rio Sono;-935002;-47888;0;17;9679;63;America/Sao_Paulo;;;
2512903;Rio Tinto;-680383;-350776;0;25;2159;83;America/Sao_Paulo;;;
5218805;Rio Verde;-177923;-509192;0;52;9571;64;America/Sao_Paulo;;;
5007406;Rio Verde de Mato Grosso;-189249;-548434;0;50;9147;67;America/Porto_Velho;;;
3156007;Rio Vermelho;-182922;-430018;0;31;5119;33;America/Sao_Paulo;;;
3505104;Barbosa;-212657;-499518;0;35;6199;18;America/Sao_Paulo;;-21,2657;-49,9518
4315750;Riozinho;-29639;-504488;0;43;7353;51;America/Sao_Paulo;;;
4215075;Riqueza;-270653;-533265;0;42;5749;49;America/Sao_Paulo;;;
3156106;Ritápolis;-210276;-443204;0;31;5121;32;America/Sao_Paulo;;;
3528106;Macaubal;-208022;-499687;0;35;6663;17;America/Sao_Paulo;;-20,8022;-49,9687
4315800;Roca Sales;-292884;-518658;0;43;8819;51;America/Sao_Paulo;;;
5007505;Rochedo;-199565;-548848;0;50;9149;67;America/Porto_Velho;;;
3156205;Rochedo de Minas;-216284;-430165;0;31;5123;32;America/Sao_Paulo;;;
4215109;Rodeio;-269243;-493649;0;42;8297;47;America/Sao_Paulo;;;
4315909;Rodeio Bonito;-274742;-531706;0;43;8821;55;America/Sao_Paulo;;;
3156304;Rodeiro;-212035;-428586;0;31;5125;32;America/Sao_Paulo;;;
2927101;Rodelas;-885021;-3878;0;29;3843;75;America/Sao_Paulo;;;
2411007;Rodolfo Fernandes;-578393;-380579;0;24;1817;84;America/Sao_Paulo;;;
1200427;Rodrigues Alves;-773864;-72661;0;12;659;68;America/Rio_Branco;;;
4315958;Rolador;-282566;-548186;0;43;1164;55;America/Sao_Paulo;;;
4122404;Rolândia;-233101;-513659;0;41;7825;43;America/Sao_Paulo;;;
4316006;Rolante;-296462;-505819;0;43;8823;51;America/Sao_Paulo;;;
1100288;Rolim de Moura;-117271;-617714;0;11;29;69;America/Porto_Velho;;;
3156403;Romaria;-188838;-475782;0;31;5127;34;America/Sao_Paulo;;;
4215208;Romelândia;-266809;-533172;0;42;8299;49;America/Sao_Paulo;;;
4122503;Roncador;-245958;-522716;0;41;7827;44;America/Sao_Paulo;;;
4316105;Ronda Alta;-277758;-528056;0;43;8825;54;America/Sao_Paulo;;;
4316204;Rondinha;-278315;-529081;0;43;8827;54;America/Sao_Paulo;;;
5107578;Rondolândia;-108376;-614697;0;51;1092;66;America/Porto_Velho;;;
4122602;Rondon;-23412;-527659;0;41;7829;44;America/Sao_Paulo;;;
1506187;Rondon do Pará;-477793;-48067;0;15;573;94;America/Sao_Paulo;;;
5107602;Rondonópolis;-164673;-546372;0;51;9151;66;America/Porto_Velho;;;
4316303;Roque Gonzales;-281297;-550266;0;43;8829;55;America/Sao_Paulo;;;
1400472;Rorainópolis;939956;-604389;0;14;36;95;America/Porto_Velho;;;
3557105;Votuporanga;-204237;-499781;0;35;7245;17;America/Sao_Paulo;;-20,4237;-49,9781
2109601;Rosário;-293444;-442531;0;21;891;98;America/Sao_Paulo;;;
3156452;Rosário da Limeira;-209812;-425112;0;31;698;32;America/Sao_Paulo;;;
2806107;Rosário do Catete;-106904;-370357;0;28;3221;79;America/Sao_Paulo;;;
4122651;Rosário do Ivaí;-242682;-51272;0;41;8473;43;America/Sao_Paulo;;;
4316402;Rosário do Sul;-302515;-549221;0;43;8831;55;America/Sao_Paulo;;;
5107701;Rosário Oeste;-148259;-564236;0;51;9153;65;America/Porto_Velho;;;
3545407;Salto Grande;-228894;-499831;0;35;7009;14;America/Sao_Paulo;;-22,8894;-49,9831
2707800;Roteiro;-983503;-359782;0;27;2855;82;America/Sao_Paulo;;;
3156502;Rubelita;-164053;-42261;0;31;5129;38;America/Sao_Paulo;;;
3509809;Campos Novos Paulista;-226020;-499987;0;35;6297;14;America/Sao_Paulo;;-22,6020;-49,9987
5218904;Rubiataba;-151617;-498048;0;52;9573;62;America/Sao_Paulo;;;
3156601;Rubim;-163775;-405397;0;31;5131;33;America/Sao_Paulo;;;
3536257;Parisi;-203034;-500163;0;35;2989;17;America/Sao_Paulo;;-20,3034;-50,0163
1506195;Rurópolis;-410028;-549092;0;15;597;93;America/Sao_Paulo;;;
2311801;Russas;-492673;-379721;0;23;1537;88;America/Sao_Paulo;;;
2411106;Ruy Barbosa;-588745;-35933;0;24;1819;84;America/Sao_Paulo;;;
2927200;Ruy Barbosa;-122816;-404931;0;29;3845;75;America/Sao_Paulo;;;
3156700;Sabará;-19884;-438263;0;31;5133;31;America/Sao_Paulo;;;
4122701;Sabáudia;-233155;-51555;0;41;7831;43;America/Sao_Paulo;;;
3532603;Nhandeara;-206945;-500436;0;35;6753;17;America/Sao_Paulo;;-20,6945;-50,0436
3156809;Sabinópolis;-186653;-430752;0;31;5135;33;America/Sao_Paulo;;;
2311900;Saboeiro;-65346;-399017;0;23;1539;88;America/Sao_Paulo;;;
3156908;Sacramento;-198622;-474508;0;31;5137;34;America/Sao_Paulo;;;
4316428;Sagrada Família;-277085;-531351;0;43;5987;55;America/Sao_Paulo;;;
3557154;Zacarias;-210506;-500552;0;35;2973;18;America/Sao_Paulo;;-21,0506;-50,0552
2612000;Sairé;-832864;-356967;0;26;2539;81;America/Sao_Paulo;;;
4316436;Saldanha Marinho;-283941;-53097;0;43;7339;55;America/Sao_Paulo;;;
3519501;Ibirarema;-228185;-500739;0;35;6491;14;America/Sao_Paulo;;-22,8185;-50,0739
3537305;Penápolis;-214148;-500769;0;35;6847;18;America/Sao_Paulo;;-21,4148;-50,0769
3556107;Valentim Gentil;-204217;-500889;0;35;7223;17;America/Sao_Paulo;;-20,4217;-50,0889
4215307;Salete;-269798;-499988;0;42;8301;47;America/Sao_Paulo;;;
2513000;Salgadinho;-710098;-368458;0;25;2161;83;America/Sao_Paulo;;;
2612109;Salgadinho;-79269;-356503;0;26;2541;81;America/Sao_Paulo;;;
2806206;Salgado;-110288;-374804;0;28;3223;79;America/Sao_Paulo;;;
2513109;Salgado de São Félix;-735337;-354305;0;25;2163;83;America/Sao_Paulo;;;
4122800;Salgado Filho;-261777;-533631;0;41;7833;46;America/Sao_Paulo;;;
2612208;Salgueiro;-807373;-391247;0;26;2543;87;America/Sao_Paulo;;;
3157005;Salinas;-161753;-422964;0;31;5139;38;America/Sao_Paulo;;;
2927309;Salinas da Margarida;-12873;-387562;0;29;3847;75;America/Sao_Paulo;;;
1506203;Salinópolis;-630815;-473465;0;15;523;91;America/Sao_Paulo;;;
2311959;Salitre;-728398;-4045;0;23;1273;88;America/Sao_Paulo;;;
3534104;Oriente;-221549;-500971;0;35;6783;14;America/Sao_Paulo;;-22,1549;-50,0971
2612307;Saloá;-89723;-36691;0;26;2545;87;America/Sao_Paulo;;;
4215356;Saltinho;-266049;-530578;0;42;936;49;America/Sao_Paulo;;;
3531001;Monções;-208509;-500975;0;35;6721;17;America/Sao_Paulo;;-20,8509;-50,0975
3536901;Pedranópolis;-202474;-501129;0;35;6839;17;America/Sao_Paulo;;-20,2474;-50,1129
3157104;Salto da Divisa;-160063;-399391;0;31;5141;33;America/Sao_Paulo;;;
3555208;Turiúba;-209428;-501135;0;35;7205;18;America/Sao_Paulo;;-20,9428;-50,1135
5107750;Salto do Céu;-151303;-581317;0;51;8997;65;America/Porto_Velho;;;
4122909;Salto do Itararé;-236074;-496354;0;41;7835;43;America/Sao_Paulo;;;
4316451;Salto do Jacuí;-290951;-532133;0;43;8975;55;America/Sao_Paulo;;;
4123006;Salto do Lontra;-257813;-533135;0;41;7837;46;America/Sao_Paulo;;;
3508108;Buritama;-210661;-501475;0;35;6263;18;America/Sao_Paulo;;-21,0661;-50,1475
4215406;Salto Veloso;-26903;-514043;0;42;8303;49;America/Sao_Paulo;;;
2927408;Salvador;-129718;-385011;1;29;3849;71;America/Sao_Paulo;;;
4316477;Salvador das Missões;-281233;-548373;0;43;6061;55;America/Sao_Paulo;;;
4316501;Salvador do Sul;-294386;-515077;0;43;8833;51;America/Sao_Paulo;;;
1506302;Salvaterra;-758444;-485139;0;15;525;91;America/Sao_Paulo;;;
2109700;Sambaíba;-713447;-453515;0;21;893;99;America/Sao_Paulo;;;
1718808;Sampaio;-535423;-478782;0;17;9727;63;America/Sao_Paulo;;;
4316600;Sananduva;-27947;-518079;0;43;8835;54;America/Sao_Paulo;;;
5219001;Sanclerlândia;-16197;-503124;0;52;9575;64;America/Sao_Paulo;;;
1718840;Sandolândia;-12538;-499242;0;17;331;63;America/Sao_Paulo;;;
3515905;Floreal;-206752;-501513;0;35;6419;17;America/Sao_Paulo;;-20,6752;-50,1513
4215455;Sangão;-286326;-491322;0;42;5547;48;America/Sao_Paulo;;;
2612406;Sanharó;-836097;-365696;0;26;2547;87;America/Sao_Paulo;;;
4317103;Sant'Ana do Livramento;-308773;-555392;0;43;8845;55;America/Sao_Paulo;;;
3529609;Meridiano;-203579;-501811;0;35;6693;17;America/Sao_Paulo;;-20,3579;-50,1811
3507753;Brejo Alegre;-211651;-501861;0;35;792;18;America/Sao_Paulo;;-21,1651;-50,1861
4123105;Santa Amélia;-232654;-504288;0;41;7839;43;America/Sao_Paulo;;;
2927507;Santa Bárbara;-119515;-389681;0;29;3851;75;America/Sao_Paulo;;;
3157203;Santa Bárbara;-199604;-434101;0;31;5143;31;America/Sao_Paulo;;;
3516804;Gastão Vidigal;-207948;-501912;0;35;6437;17;America/Sao_Paulo;;-20,7948;-50,1912
5219100;Santa Bárbara de Goiás;-165714;-496954;0;52;9577;62;America/Sao_Paulo;;;
3157252;Santa Bárbara do Leste;-199753;-421457;0;31;2667;33;America/Sao_Paulo;;;
3157278;Santa Bárbara do Monte Verde;-219592;-437027;0;31;700;32;America/Sao_Paulo;;;
1506351;Santa Bárbara do Pará;-119219;-48238;0;15;369;91;America/Sao_Paulo;;;
4316709;Santa Bárbara do Sul;-283653;-53251;0;43;8837;55;America/Sao_Paulo;;;
3157302;Santa Bárbara do Tugúrio;-212431;-435607;0;31;5145;32;America/Sao_Paulo;;;
3528205;Macedônia;-201444;-501973;0;35;6665;17;America/Sao_Paulo;;-20,1444;-50,1973
2927606;Santa Brígida;-973227;-381209;0;29;3853;75;America/Sao_Paulo;;;
5107248;Santa Carmem;-119125;-552263;0;51;123;66;America/Porto_Velho;;;
4215505;Santa Cecília;-269592;-504252;0;42;8305;49;America/Sao_Paulo;;;
2513158;Santa Cecília;-77389;-358764;0;25;510;83;America/Sao_Paulo;;;
4123204;Santa Cecília do Pavão;-235201;-507835;0;41;7841;43;America/Sao_Paulo;;;
4316733;Santa Cecília do Sul;-281609;-519279;0;43;1166;54;America/Sao_Paulo;;;
3514700;Echaporã;-224326;-502038;0;35;6395;18;America/Sao_Paulo;;-22,4326;-50,2038
4316758;Santa Clara do Sul;-294747;-520843;0;43;6033;51;America/Sao_Paulo;;;
2411205;Santa Cruz;-622475;-360193;0;24;1823;84;America/Sao_Paulo;;;
2513208;Santa Cruz;-65237;-380617;0;25;2165;83;America/Sao_Paulo;;;
2612455;Santa Cruz;-824153;-403434;0;26;2297;87;America/Sao_Paulo;;;
2927705;Santa Cruz Cabrália;-162825;-390295;0;29;3855;73;America/Sao_Paulo;;;
2612471;Santa Cruz da Baixa Verde;-781339;-381476;0;26;2639;87;America/Sao_Paulo;;;
3539707;Platina;-226371;-502104;0;35;6895;18;America/Sao_Paulo;;-22,6371;-50,2104
3517109;Glicério;-213812;-502123;0;35;6443;18;America/Sao_Paulo;;-21,3812;-50,2123
2927804;Santa Cruz da Vitória;-14964;-398115;0;29;3857;73;America/Sao_Paulo;;;
3527256;Lourdes;-209660;-502263;0;35;2937;18;America/Sao_Paulo;;-20,9660;-50,2263
5219209;Santa Cruz de Goiás;-173155;-484809;0;52;9579;64;America/Sao_Paulo;;;
3157336;Santa Cruz de Minas;-211241;-442202;0;31;702;32;America/Sao_Paulo;;;
4123303;Santa Cruz de Monte Castelo;-229582;-532949;0;41;7843;44;America/Sao_Paulo;;;
3157377;Santa Cruz de Salinas;-160967;-417418;0;31;704;38;America/Sao_Paulo;;;
1506401;Santa Cruz do Arari;-661019;-491771;0;15;527;91;America/Sao_Paulo;;;
2612505;Santa Cruz do Capibaribe;-794802;-362061;0;26;2549;81;America/Sao_Paulo;;;
3157401;Santa Cruz do Escalvado;-202372;-428169;0;31;5147;31;America/Sao_Paulo;;;
2209104;Santa Cruz do Piauí;-71785;-417609;0;22;1181;89;America/Sao_Paulo;;;
3528304;Magda;-206445;-502305;0;35;6667;17;America/Sao_Paulo;;-20,6445;-50,2305
4316808;Santa Cruz do Sul;-29722;-524343;0;43;8839;51;America/Sao_Paulo;;;
5107743;Santa Cruz do Xingu;-101532;-523953;0;51;1094;66;America/Porto_Velho;;;
2209153;Santa Cruz dos Milagres;-580581;-419506;0;22;1295;89;America/Sao_Paulo;;;
3157500;Santa Efigênia de Minas;-188235;-424388;0;31;5149;33;America/Sao_Paulo;;;
3541802;Queiroz;-217969;-502415;0;35;6937;14;America/Sao_Paulo;;-21,7969;-50,2415
4123402;Santa Fé;-2304;-51808;0;41;7845;44;America/Sao_Paulo;;;
5219258;Santa Fé de Goiás;-157664;-511037;0;52;9743;62;America/Sao_Paulo;;;
3157609;Santa Fé de Minas;-166859;-454102;0;31;5151;38;America/Sao_Paulo;;;
1718865;Santa Fé do Araguaia;-715803;-487165;0;17;195;63;America/Sao_Paulo;;;
3515509;Fernandópolis;-202806;-502471;0;35;6411;17;America/Sao_Paulo;;-20,2806;-50,2471
2209203;Santa Filomena;-911228;-459116;0;22;1183;89;America/Sao_Paulo;;;
2612554;Santa Filomena;-816688;-406079;0;26;556;87;America/Sao_Paulo;;;
2109759;Santa Filomena do Maranhão;-549671;-445638;0;21;222;99;America/Sao_Paulo;;;
3533304;Nova Luzitânia;-208560;-502617;0;35;6767;17;America/Sao_Paulo;;-20,8560;-50,2617
4123501;Santa Helena;-248585;-54336;0;41;7971;45;America/Sao_Paulo;;;
4215554;Santa Helena;-26937;-536214;0;42;5751;49;America/Sao_Paulo;;;
2109809;Santa Helena;-224426;-4529;0;21;895;98;America/Sao_Paulo;;;
2513307;Santa Helena;-67176;-386427;0;25;2167;83;America/Sao_Paulo;;;
5219308;Santa Helena de Goiás;-178115;-505977;0;52;9581;64;America/Sao_Paulo;;;
3157658;Santa Helena de Minas;-169707;-406727;0;31;706;33;America/Sao_Paulo;;;
2927903;Santa Inês;-132793;-39814;0;29;3859;73;America/Sao_Paulo;;;
4123600;Santa Inês;-226376;-519024;0;41;7847;44;America/Sao_Paulo;;;
2513356;Santa Inês;-7621;-38554;0;25;512;83;America/Sao_Paulo;;;
2109908;Santa Inês;-365112;-453774;0;21;957;98;America/Sao_Paulo;;;
3534500;Oscar Bressane;-223149;-502811;0;35;6791;14;America/Sao_Paulo;;-22,3149;-50,2811
5219357;Santa Isabel;-152958;-494259;0;52;9689;62;America/Sao_Paulo;;;
4123709;Santa Isabel do Ivaí;-230025;-531989;0;41;7849;44;America/Sao_Paulo;;;
1303601;Santa Isabel do Rio Negro;-410824;-650092;0;13;237;97;America/Porto_Velho;;;
4123808;Santa Izabel do Oeste;-258217;-534801;0;41;7851;46;America/Sao_Paulo;;;
1506500;Santa Izabel do Pará;-129686;-481606;0;15;529;91;America/Sao_Paulo;;;
3157708;Santa Juliana;-193108;-475322;0;31;5153;34;America/Sao_Paulo;;;
3204500;Santa Leopoldina;-200999;-40527;0;32;5689;27;America/Sao_Paulo;;;
3512506;Coroados;-213521;-502859;0;35;6351;18;America/Sao_Paulo;;-21,3521;-50,2859
4123824;Santa Lúcia;-254104;-535638;0;41;5469;45;America/Sao_Paulo;;;
2209302;Santa Luz;-89488;-441296;0;22;1185;89;America/Sao_Paulo;;;
2110005;Santa Luzia;-406873;-4569;0;21;897;98;America/Sao_Paulo;;;
2928059;Santa Luzia;-154342;-393287;0;29;3987;73;America/Sao_Paulo;;;
3157807;Santa Luzia;-197548;-438497;0;31;5155;31;America/Sao_Paulo;;;
2513406;Santa Luzia;-686092;-369178;0;25;2169;83;America/Sao_Paulo;;;
1100296;Santa Luzia D'Oeste;-119074;-617777;0;11;43;69;America/Porto_Velho;;;
2806305;Santa Luzia do Itanhy;-113536;-374586;0;28;3225;79;America/Sao_Paulo;;;
2707909;Santa Luzia do Norte;-96037;-358232;0;27;2857;82;America/Sao_Paulo;;;
1506559;Santa Luzia do Pará;-152147;-469008;0;15;371;91;America/Sao_Paulo;;;
2110039;Santa Luzia do Paruá;-251123;-457801;0;21;1285;98;America/Sao_Paulo;;;
3157906;Santa Margarida;-203839;-422519;0;31;5157;31;America/Sao_Paulo;;;
4316972;Santa Margarida do Sul;-303393;-540817;0;43;1168;55;America/Sao_Paulo;;;
4316907;Santa Maria;-296868;-538149;0;43;8841;55;America/Sao_Paulo;;;
2409332;Santa Maria;-583802;-356914;0;24;424;84;America/Sao_Paulo;;;
2612604;Santa Maria da Boa Vista;-879766;-398241;0;26;2551;87;America/Sao_Paulo;;;
3520707;Indiaporã;-199790;-502909;0;35;6515;17;America/Sao_Paulo;;-19,9790;-50,2909
2928109;Santa Maria da Vitória;-133859;-442011;0;29;3863;77;America/Sao_Paulo;;;
1506583;Santa Maria das Barreiras;-885784;-497215;0;15;599;94;America/Sao_Paulo;;;
3158003;Santa Maria de Itabira;-194431;-431064;0;31;5159;31;America/Sao_Paulo;;;
3204559;Santa Maria de Jetibá;-200253;-407439;0;32;5725;27;America/Sao_Paulo;;;
2612703;Santa Maria do Cambucá;-783676;-358941;0;26;2553;81;America/Sao_Paulo;;;
4316956;Santa Maria do Herval;-294902;-509919;0;43;7337;51;America/Sao_Paulo;;;
4123857;Santa Maria do Oeste;-249377;-518696;0;41;5505;42;America/Sao_Paulo;;;
1506609;Santa Maria do Pará;-135392;-475712;0;15;531;91;America/Sao_Paulo;;;
3158102;Santa Maria do Salto;-162479;-401512;0;31;5161;33;America/Sao_Paulo;;;
3158201;Santa Maria do Suaçuí;-181896;-424139;0;31;5163;33;America/Sao_Paulo;;;
1718881;Santa Maria do Tocantins;-88046;-477887;0;17;361;63;America/Sao_Paulo;;;
3304607;Santa Maria Madalena;-219547;-420098;0;33;5891;22;America/Sao_Paulo;;;
4123907;Santa Mariana;-231465;-505167;0;41;7853;43;America/Sao_Paulo;;;
3507704;Braúna;-214990;-503175;0;35;6255;18;America/Sao_Paulo;;-21,4990;-50,3175
4123956;Santa Mônica;-23108;-531103;0;41;5519;44;America/Sao_Paulo;;;
2312205;Santa Quitéria;-432608;-401523;0;23;1545;88;America/Sao_Paulo;;;
2110104;Santa Quitéria do Maranhão;-349308;-425688;0;21;899;98;America/Sao_Paulo;;;
2110203;Santa Rita;-314241;-443211;0;21;901;98;America/Sao_Paulo;;;
2513703;Santa Rita;-711724;-349753;0;25;2175;83;America/Sao_Paulo;;;
3527702;Luiziânia;-216737;-503294;0;35;6655;18;America/Sao_Paulo;;-21,6737;-50,3294
3159209;Santa Rita de Caldas;-220292;-463385;0;31;5183;35;America/Sao_Paulo;;;
2928406;Santa Rita de Cássia;-110063;-445255;0;29;3549;77;America/Sao_Paulo;;;
3159407;Santa Rita de Ibitipoca;-215658;-439163;0;31;5187;32;America/Sao_Paulo;;;
3159308;Santa Rita de Jacutinga;-221474;-440977;0;31;5185;32;America/Sao_Paulo;;;
3159357;Santa Rita de Minas;-19876;-421363;0;31;2669;33;America/Sao_Paulo;;;
5219407;Santa Rita do Araguaia;-173269;-532012;0;52;9583;64;America/Sao_Paulo;;;
3159506;Santa Rita do Itueto;-193576;-413821;0;31;5189;33;America/Sao_Paulo;;;
5219456;Santa Rita do Novo Destino;-151351;-491203;0;52;1062;62;America/Sao_Paulo;;;
5007554;Santa Rita do Pardo;-213016;-528333;0;50;9745;67;America/Porto_Velho;;;
3518008;Guarani d'Oeste;-200746;-503411;0;35;6461;17;America/Sao_Paulo;;-20,0746;-50,3411
3159605;Santa Rita do Sapucaí;-222461;-457034;0;31;5191;35;America/Sao_Paulo;;;
1718899;Santa Rita do Tocantins;-108617;-489161;0;17;96;63;America/Sao_Paulo;;;
5107768;Santa Rita do Trivelato;-138146;-552706;0;51;1096;65;America/Porto_Velho;;;
4317202;Santa Rosa;-278702;-544796;0;43;8847;55;America/Sao_Paulo;;;
3159704;Santa Rosa da Serra;-195186;-459611;0;31;5193;34;America/Sao_Paulo;;;
5219506;Santa Rosa de Goiás;-16084;-494953;0;52;9585;62;America/Sao_Paulo;;;
4215604;Santa Rosa de Lima;-280331;-49133;0;42;8307;48;America/Sao_Paulo;;;
2806503;Santa Rosa de Lima;-106434;-371931;0;28;3229;79;America/Sao_Paulo;;;
3506508;Birigui;-212910;-503432;0;35;6229;18;America/Sao_Paulo;;-21,2910;-50,3432
2209377;Santa Rosa do Piauí;-679581;-422814;0;22;2261;89;America/Sao_Paulo;;;
1200435;Santa Rosa do Purus;-944652;-704902;0;12;661;68;America/Rio_Branco;;;
4215653;Santa Rosa do Sul;-291313;-497109;0;42;9967;48;America/Sao_Paulo;;;
1718907;Santa Rosa do Tocantins;-114474;-481216;0;17;9729;63;America/Sao_Paulo;;;
3532868;Nova Castilho;-207615;-503477;0;35;806;17;America/Sao_Paulo;;-20,7615;-50,3477
3204609;Santa Teresa;-199363;-405979;0;32;5691;27;America/Sao_Paulo;;;
2928505;Santa Teresinha;-127697;-395215;0;29;3869;75;America/Sao_Paulo;;;
2513802;Santa Teresinha;-707964;-374435;0;25;2177;83;America/Sao_Paulo;;;
4317251;Santa Tereza;-291655;-517351;0;43;5995;54;America/Sao_Paulo;;;
5219605;Santa Tereza de Goiás;-137138;-490144;0;52;9587;62;America/Sao_Paulo;;;
4124020;Santa Tereza do Oeste;-250543;-536274;0;41;9969;45;America/Sao_Paulo;;;
1719004;Santa Tereza do Tocantins;-102746;-478033;0;17;9731;63;America/Sao_Paulo;;;
4215679;Santa Terezinha;-267813;-50009;0;42;5555;47;America/Sao_Paulo;;;
5107776;Santa Terezinha;-104704;-50514;0;51;9197;66;America/Porto_Velho;;;
2612802;Santa Terezinha;-737696;-374787;0;26;2555;87;America/Sao_Paulo;;;
5219704;Santa Terezinha de Goiás;-144326;-497091;0;52;9589;62;America/Sao_Paulo;;;
4124053;Santa Terezinha de Itaipu;-254391;-54402;0;41;8467;45;America/Sao_Paulo;;;
4215687;Santa Terezinha do Progresso;-26624;-531997;0;42;938;49;America/Sao_Paulo;;;
1720002;Santa Terezinha do Tocantins;-644438;-476684;0;17;98;63;America/Sao_Paulo;;;
3159803;Santa Vitória;-188414;-501208;0;31;5195;34;America/Sao_Paulo;;;
4317301;Santa Vitória do Palmar;-33525;-533717;0;43;8849;53;America/Sao_Paulo;;;
2928000;Santaluz;-112508;-39375;0;29;3861;75;America/Sao_Paulo;;;
2928208;Santana;-129792;-440506;0;29;3865;77;America/Sao_Paulo;;;
1600600;Santana;-45434;-511729;0;16;615;96;America/Sao_Paulo;;;
4317004;Santana da Boa Vista;-308697;-5311;0;43;8843;53;America/Sao_Paulo;;;
3549250;São João de Iracema;-205111;-503561;0;35;2941;17;America/Sao_Paulo;;-20,5111;-50,3561
3158300;Santana da Vargem;-212449;-455005;0;31;5165;35;America/Sao_Paulo;;;
3158409;Santana de Cataguases;-212893;-425524;0;31;5167;32;America/Sao_Paulo;;;
2513505;Santana de Mangueira;-754705;-383236;0;25;2171;83;America/Sao_Paulo;;;
3534757;Ouroeste;-200061;-503768;0;35;808;17;America/Sao_Paulo;;-20,0061;-50,3768
3158508;Santana de Pirapama;-189962;-440409;0;31;5169;31;America/Sao_Paulo;;;
2312007;Santana do Acaraú;-346144;-402118;0;23;1541;88;America/Sao_Paulo;;;
1506708;Santana do Araguaia;-93281;-5035;0;15;533;94;America/Sao_Paulo;;;
2312106;Santana do Cariri;-717613;-397302;0;23;1543;88;America/Sao_Paulo;;;
3158607;Santana do Deserto;-219512;-431583;0;31;5171;32;America/Sao_Paulo;;;
3158706;Santana do Garambéu;-215983;-44105;0;31;5173;32;America/Sao_Paulo;;;
2708006;Santana do Ipanema;-936999;-37248;0;27;2859;82;America/Sao_Paulo;;;
4124004;Santana do Itararé;-237587;-496293;0;41;7855;43;America/Sao_Paulo;;;
3158805;Santana do Jacaré;-209007;-451285;0;31;5175;35;America/Sao_Paulo;;;
3158904;Santana do Manhuaçu;-201031;-419278;0;31;5177;33;America/Sao_Paulo;;;
2110237;Santana do Maranhão;-3109;-424064;0;21;224;98;America/Sao_Paulo;;;
2411403;Santana do Matos;-594605;-366578;0;24;1827;84;America/Sao_Paulo;;;
2708105;Santana do Mundaú;-917141;-362176;0;27;2861;82;America/Sao_Paulo;;;
3158953;Santana do Paraíso;-193661;-425446;0;31;2673;31;America/Sao_Paulo;;;
2209351;Santana do Piauí;-694696;-415178;0;22;2281;89;America/Sao_Paulo;;;
3159001;Santana do Riacho;-191662;-43722;0;31;5179;31;America/Sao_Paulo;;;
2806404;Santana do São Francisco;-102922;-366105;0;28;2647;79;America/Sao_Paulo;;;
2411429;Santana do Seridó;-676643;-367312;0;24;1825;84;America/Sao_Paulo;;;
2513604;Santana dos Garrotes;-738162;-379819;0;25;2173;83;America/Sao_Paulo;;;
3159100;Santana dos Montes;-207868;-436949;0;31;5181;31;America/Sao_Paulo;;;
2928307;Santanópolis;-120311;-388694;0;29;3867;75;America/Sao_Paulo;;;
1506807;Santarém;-243849;-546996;0;15;535;93;America/Sao_Paulo;;;
1506906;Santarém Novo;-93097;-473855;0;15;537;91;America/Sao_Paulo;;;
4317400;Santiago;-291897;-548666;0;43;8851;55;America/Sao_Paulo;;;
4215695;Santiago do Sul;-266388;-526799;0;42;940;49;America/Sao_Paulo;;;
5107263;Santo Afonso;-144945;-570091;0;51;115;65;America/Porto_Velho;;;
2928604;Santo Amaro;-125472;-387137;0;29;3871;75;America/Sao_Paulo;;;
4215703;Santo Amaro da Imperatriz;-276852;-487813;0;42;8309;48;America/Sao_Paulo;;;
2806602;Santo Amaro das Brotas;-107892;-370564;0;28;3231;79;America/Sao_Paulo;;;
2110278;Santo Amaro do Maranhão;-250068;-43238;0;21;226;98;America/Sao_Paulo;;;
3549201;São João das Duas Pontes;-203879;-503792;0;35;7085;17;America/Sao_Paulo;;-20,3879;-50,3792
3510005;Cândido Mota;-227471;-503873;0;35;6301;18;America/Sao_Paulo;;-22,7471;-50,3873
2513851;Santo André;-722016;-366213;0;25;516;83;America/Sao_Paulo;;;
4317509;Santo Ângelo;-283001;-542668;0;43;8853;55;America/Sao_Paulo;;;
2411502;Santo Antônio;-631195;-354739;0;24;1829;84;America/Sao_Paulo;;;
3519006;Herculândia;-220038;-503907;0;35;6481;14;America/Sao_Paulo;;-22,0038;-50,3907
5219712;Santo Antônio da Barra;-175585;-506345;0;52;83;64;America/Sao_Paulo;;;
4317608;Santo Antônio da Patrulha;-298268;-505175;0;43;8855;51;America/Sao_Paulo;;;
4124103;Santo Antônio da Platina;-232959;-500815;0;41;7859;43;America/Sao_Paulo;;;
4317707;Santo Antônio das Missões;-28514;-552251;0;43;8857;55;America/Sao_Paulo;;;
5219738;Santo Antônio de Goiás;-164815;-493096;0;52;53;62;America/Sao_Paulo;;;
2928703;Santo Antônio de Jesus;-129614;-392584;0;29;3873;75;America/Sao_Paulo;;;
2209401;Santo Antônio de Lisboa;-698676;-412252;0;22;1187;89;America/Sao_Paulo;;;
3304706;Santo Antônio de Pádua;-21541;-421832;0;33;5893;22;America/Sao_Paulo;;;
3515202;Estrela d'Oeste;-202875;-504049;0;35;6405;17;America/Sao_Paulo;;-20,2875;-50,4049
3159902;Santo Antônio do Amparo;-20943;-449176;0;31;5197;35;America/Sao_Paulo;;;
3504008;Assis;-226600;-504183;0;35;6179;18;America/Sao_Paulo;;-22,6600;-50,4183
3160009;Santo Antônio do Aventureiro;-217606;-428115;0;31;5199;32;America/Sao_Paulo;;;
4124202;Santo Antônio do Caiuá;-227351;-52344;0;41;7861;44;America/Sao_Paulo;;;
5219753;Santo Antônio do Descoberto;-159412;-482578;0;52;9677;61;America/Sao_Paulo;;;
3160108;Santo Antônio do Grama;-203185;-426047;0;31;5201;31;America/Sao_Paulo;;;
1303700;Santo Antônio do Içá;-309544;-679463;0;13;273;97;America/Porto_Velho;;;
3160207;Santo Antônio do Itambé;-184609;-433006;0;31;5203;33;America/Sao_Paulo;;;
3160306;Santo Antônio do Jacinto;-165332;-401817;0;31;5205;33;America/Sao_Paulo;;;
3502804;Araçatuba;-212076;-504401;0;35;6155;18;America/Sao_Paulo;;-21,2076;-50,4401
5107792;Santo Antônio do Leste;-14805;-536075;0;51;1098;66;America/Porto_Velho;;;
5107800;Santo Antônio do Leverger;-158632;-560788;0;51;9155;65;America/Porto_Velho;;;
3160405;Santo Antônio do Monte;-20085;-452947;0;31;5207;37;America/Sao_Paulo;;;
4317558;Santo Antônio do Palma;-284956;-520267;0;43;5941;54;America/Sao_Paulo;;;
4124301;Santo Antônio do Paraíso;-234969;-506455;0;41;7863;43;America/Sao_Paulo;;;
3511904;Clementina;-215604;-504525;0;35;6339;18;America/Sao_Paulo;;-21,5604;-50,4525
4317756;Santo Antônio do Planalto;-28403;-526992;0;43;5957;54;America/Sao_Paulo;;;
3160454;Santo Antônio do Retiro;-153393;-426171;0;31;708;38;America/Sao_Paulo;;;
3160504;Santo Antônio do Rio Abaixo;-192374;-432604;0;31;5209;31;America/Sao_Paulo;;;
4124400;Santo Antônio do Sudoeste;-260737;-537251;0;41;7857;46;America/Sao_Paulo;;;
1507003;Santo Antônio do Tauá;-11522;-481314;0;15;539;91;America/Sao_Paulo;;;
2110302;Santo Antônio dos Lopes;-486613;-443653;0;21;903;99;America/Sao_Paulo;;;
2209450;Santo Antônio dos Milagres;-604647;-427123;0;22;378;86;America/Sao_Paulo;;;
4317806;Santo Augusto;-278526;-537776;0;43;8859;55;America/Sao_Paulo;;;
4317905;Santo Cristo;-278263;-54662;0;43;8861;55;America/Sao_Paulo;;;
2928802;Santo Estêvão;-12428;-392505;0;29;3875;75;America/Sao_Paulo;;;
3506409;Bilac;-214040;-504746;0;35;6227;18;America/Sao_Paulo;;-21,4040;-50,4746
4317954;Santo Expedito do Sul;-279074;-516434;0;43;5977;54;America/Sao_Paulo;;;
3160603;Santo Hipólito;-182968;-442229;0;31;5211;38;America/Sao_Paulo;;;
4124509;Santo Inácio;-226957;-517969;0;41;7865;44;America/Sao_Paulo;;;
2209500;Santo Inácio do Piauí;-742072;-419063;0;22;1189;89;America/Sao_Paulo;;;
3555307;Turmalina;-200486;-504792;0;35;7207;17;America/Sao_Paulo;;-20,0486;-50,4792
3556958;Vitória Brasil;-201956;-504875;0;35;828;17;America/Sao_Paulo;;-20,1956;-50,4875
3160702;Santos Dumont;-214634;-435499;0;31;5213;32;America/Sao_Paulo;;;
2312304;São Benedito;-404713;-408596;0;23;1547;88;America/Sao_Paulo;;;
2110401;São Benedito do Rio Preto;-333515;-435287;0;21;905;98;America/Sao_Paulo;;;
2612901;São Benedito do Sul;-88166;-359453;0;26;2557;81;America/Sao_Paulo;;;
2513927;São Bentinho;-688596;-377243;0;25;518;83;America/Sao_Paulo;;;
2513901;São Bento;-648529;-374488;0;25;2179;83;America/Sao_Paulo;;;
2110500;São Bento;-269781;-448289;0;21;907;98;America/Sao_Paulo;;;
3160801;São Bento Abade;-215839;-450699;0;31;5215;35;America/Sao_Paulo;;;
2411601;São Bento do Norte;-509259;-359587;0;24;1831;84;America/Sao_Paulo;;;
3548401;Santópolis do Aguapeí;-216376;-505044;0;35;7069;18;America/Sao_Paulo;;-21,6376;-50,5044
4215802;São Bento do Sul;-262495;-493831;0;42;8311;47;America/Sao_Paulo;;;
1720101;São Bento do Tocantins;-60258;-479012;0;17;197;63;America/Sao_Paulo;;;
2411700;São Bento do Trairí;-633798;-360863;0;24;1833;84;America/Sao_Paulo;;;
2613008;São Bento do Una;-852637;-364465;0;26;2559;81;America/Sao_Paulo;;;
4215752;São Bernardino;-264739;-529687;0;42;942;49;America/Sao_Paulo;;;
2110609;São Bernardo;-337223;-424191;0;21;909;98;America/Sao_Paulo;;;
3514205;Dolcinópolis;-201240;-505149;0;35;6385;17;America/Sao_Paulo;;-20,1240;-50,5149
4215901;São Bonifácio;-279009;-489326;0;42;8313;48;America/Sao_Paulo;;;
4318002;São Borja;-286578;-560036;0;43;8863;55;America/Sao_Paulo;;;
2708204;São Brás;-101141;-368522;0;27;2863;82;America/Sao_Paulo;;;
3160900;São Brás do Suaçuí;-206242;-439515;0;31;5217;31;America/Sao_Paulo;;;
2209559;São Braz do Piauí;-905797;-430076;0;22;2263;89;America/Sao_Paulo;;;
2613107;São Caetano;-833763;-362869;0;26;2561;81;America/Sao_Paulo;;;
1507102;São Caetano de Odivelas;-747293;-480246;0;15;541;91;America/Sao_Paulo;;;
3555000;Tupã;-219335;-505191;0;35;7201;14;America/Sao_Paulo;;-21,9335;-50,5191
3540259;Pontalinda;-204396;-505258;0;35;2987;17;America/Sao_Paulo;;-20,4396;-50,5258
4216008;São Carlos;-270798;-530037;0;42;8315;49;America/Sao_Paulo;;;
4124608;São Carlos do Ivaí;-233158;-524761;0;41;7867;44;America/Sao_Paulo;;;
2806701;São Cristóvão;-110084;-372044;0;28;3233;79;America/Sao_Paulo;;;
4216057;São Cristovão do Sul;-272666;-504388;0;42;5573;49;America/Sao_Paulo;;;
2928901;São Desidério;-123572;-449769;0;29;3877;77;America/Sao_Paulo;;;
2928950;São Domingos;-114649;-395268;0;29;3029;75;America/Sao_Paulo;;;
4216107;São Domingos;-265548;-525313;0;42;8317;49;America/Sao_Paulo;;;
2513968;São Domingos;-680313;-379488;0;25;522;83;America/Sao_Paulo;;;
2806800;São Domingos;-107916;-375685;0;28;3235;79;America/Sao_Paulo;;;
5219803;São Domingos;-13621;-467415;0;52;9591;62;America/Sao_Paulo;;;
3160959;São Domingos das Dores;-195246;-420106;0;31;710;33;America/Sao_Paulo;;;
1507151;São Domingos do Araguaia;-553732;-487366;0;15;381;94;America/Sao_Paulo;;;
2110658;São Domingos do Azeitão;-681471;-446509;0;21;228;99;America/Sao_Paulo;;;
1507201;São Domingos do Capim;-168768;-477665;0;15;543;91;America/Sao_Paulo;;;
2513943;São Domingos do Cariri;-763273;-364374;0;25;520;83;America/Sao_Paulo;;;
2110708;São Domingos do Maranhão;-558095;-443822;0;21;911;99;America/Sao_Paulo;;;
3204658;São Domingos do Norte;-191452;-406281;0;32;2933;27;America/Sao_Paulo;;;
3161007;São Domingos do Prata;-198678;-42971;0;31;5219;31;America/Sao_Paulo;;;
4318051;São Domingos do Sul;-285312;-51886;0;43;7351;54;America/Sao_Paulo;;;
2929107;São Felipe;-128394;-390893;0;29;3881;75;America/Sao_Paulo;;;
1101484;São Felipe D'Oeste;-119023;-615026;0;11;18;69;America/Porto_Velho;;;
2929008;São Félix;-126104;-389727;0;29;3879;75;America/Sao_Paulo;;;
2110807;São Félix de Balsas;-707535;-448092;0;21;913;99;America/Sao_Paulo;;;
3161056;São Félix de Minas;-185959;-414889;0;31;712;33;America/Sao_Paulo;;;
5107859;São Félix do Araguaia;-11615;-506706;0;51;9183;66;America/Porto_Velho;;;
2929057;São Félix do Coribe;-134019;-441837;0;29;3031;77;America/Sao_Paulo;;;
2209609;São Félix do Piauí;-593485;-421172;0;22;1191;86;America/Sao_Paulo;;;
1720150;São Félix do Tocantins;-101615;-466618;0;17;363;63;America/Sao_Paulo;;;
1507300;São Félix do Xingu;-664254;-519904;0;15;545;94;America/Sao_Paulo;;;
2411809;São Fernando;-637975;-371864;0;24;1835;84;America/Sao_Paulo;;;
3304805;São Fidélis;-216551;-41756;0;33;5895;22;America/Sao_Paulo;;;
3507209;Borá;-222696;-505409;0;35;6243;18;America/Sao_Paulo;;-22,2696;-50,5409
2513984;São Francisco;-660773;-380968;0;25;524;83;America/Sao_Paulo;;;
2806909;São Francisco;-103442;-368869;0;28;3237;79;America/Sao_Paulo;;;
3161106;São Francisco;-159514;-448593;0;31;5221;38;America/Sao_Paulo;;;
4318101;São Francisco de Assis;-295547;-551253;0;43;8865;55;America/Sao_Paulo;;;
2209658;São Francisco de Assis do Piauí;-823599;-416873;0;22;380;89;America/Sao_Paulo;;;
5219902;São Francisco de Goiás;-159256;-492605;0;52;9593;62;America/Sao_Paulo;;;
3304755;São Francisco de Itabapoana;-214702;-411091;0;33;782;22;America/Sao_Paulo;;;
4318200;São Francisco de Paula;-294404;-505828;0;43;8867;54;America/Sao_Paulo;;;
3161205;São Francisco de Paula;-207036;-449838;0;31;5223;37;America/Sao_Paulo;;;
3161304;São Francisco de Sales;-198611;-497727;0;31;5225;34;America/Sao_Paulo;;;
2110856;São Francisco do Brejão;-512584;-47389;0;21;230;99;America/Sao_Paulo;;;
2929206;São Francisco do Conde;-126183;-386786;0;29;3883;71;America/Sao_Paulo;;;
3161403;São Francisco do Glória;-207923;-422673;0;31;5227;32;America/Sao_Paulo;;;
1101492;São Francisco do Guaporé;-12052;-63568;0;11;20;69;America/Porto_Velho;;;
2110906;São Francisco do Maranhão;-625159;-428668;0;21;915;99;America/Sao_Paulo;;;
2411908;São Francisco do Oeste;-597472;-381519;0;24;1821;84;America/Sao_Paulo;;;
1507409;São Francisco do Pará;-116963;-477917;0;15;547;91;America/Sao_Paulo;;;
2209708;São Francisco do Piauí;-72463;-42541;0;22;1193;89;America/Sao_Paulo;;;
4216206;São Francisco do Sul;-262579;-486344;0;42;8319;47;America/Sao_Paulo;;;
4318309;São Gabriel;-303337;-543217;0;43;8869;55;America/Sao_Paulo;;;
2929255;São Gabriel;-112175;-418843;0;29;3989;74;America/Sao_Paulo;;;
1303809;São Gabriel da Cachoeira;-11909;-67084;0;13;283;97;America/Porto_Velho;;;
3204708;São Gabriel da Palha;-190182;-405365;0;32;5693;27;America/Sao_Paulo;;;
5007695;São Gabriel do Oeste;-193889;-545507;0;50;9809;67;America/Porto_Velho;;;
3161502;São Geraldo;-209252;-428364;0;31;5229;32;America/Sao_Paulo;;;
3161601;São Geraldo da Piedade;-188411;-422867;0;31;5231;33;America/Sao_Paulo;;;
1507458;São Geraldo do Araguaia;-639471;-485592;0;15;619;94;America/Sao_Paulo;;;
3161650;São Geraldo do Baixio;-189097;-41363;0;31;714;33;America/Sao_Paulo;;;
3304904;São Gonçalo;-228268;-430634;0;33;5897;21;America/Sao_Paulo;;;
3161700;São Gonçalo do Abaeté;-183315;-458265;0;31;5233;38;America/Sao_Paulo;;;
2412005;São Gonçalo do Amarante;-579068;-353257;0;24;1837;84;America/Sao_Paulo;;;
2312403;São Gonçalo do Amarante;-360515;-389726;0;23;1549;85;America/Sao_Paulo;;;
2209757;São Gonçalo do Gurguéia;-100319;-453092;0;22;382;89;America/Sao_Paulo;;;
3161809;São Gonçalo do Pará;-199822;-448593;0;31;5235;37;America/Sao_Paulo;;;
2209807;São Gonçalo do Piauí;-599393;-427095;0;22;1195;86;America/Sao_Paulo;;;
3161908;São Gonçalo do Rio Abaixo;-198221;-43366;0;31;5237;31;America/Sao_Paulo;;;
3125507;São Gonçalo do Rio Preto;-180025;-433854;0;31;4509;38;America/Sao_Paulo;;;
3162005;São Gonçalo do Sapucaí;-218932;-455893;0;31;5239;35;America/Sao_Paulo;;;
2929305;São Gonçalo dos Campos;-124331;-389663;0;29;3885;75;America/Sao_Paulo;;;
3162104;São Gotardo;-193087;-460465;0;31;5241;34;America/Sao_Paulo;;;
4318408;São Jerônimo;-299716;-517251;0;43;8871;51;America/Sao_Paulo;;;
4124707;São Jerônimo da Serra;-237218;-507475;0;41;7869;43;America/Sao_Paulo;;;
4124806;São João;-258214;-527252;0;41;7871;46;America/Sao_Paulo;;;
2613206;São João;-887576;-363653;0;26;2563;87;America/Sao_Paulo;;;
2111003;São João Batista;-295398;-447953;0;21;917;98;America/Sao_Paulo;;;
4216305;São João Batista;-272772;-488474;0;42;8321;48;America/Sao_Paulo;;;
3162203;São João Batista do Glória;-20635;-46508;0;31;5243;35;America/Sao_Paulo;;;
5220009;São João d'Aliança;-147048;-475228;0;52;9597;62;America/Sao_Paulo;;;
1400506;São João da Baliza;951659;-599133;0;14;313;95;America/Porto_Velho;;;
3305000;São João da Barra;-21638;-410446;0;33;5899;22;America/Sao_Paulo;;;
3524808;Jales;-202672;-505494;0;35;6597;17;America/Sao_Paulo;;-20,2672;-50,5494
2209856;São João da Canabrava;-681203;-413415;0;22;1291;89;America/Sao_Paulo;;;
2209872;São João da Fronteira;-395497;-412569;0;22;384;86;America/Sao_Paulo;;;
3162252;São João da Lagoa;-168455;-443507;0;31;716;38;America/Sao_Paulo;;;
3162302;São João da Mata;-21928;-459297;0;31;5245;35;America/Sao_Paulo;;;
5220058;São João da Paraúna;-168126;-504092;0;52;9747;64;America/Sao_Paulo;;;
1507466;São João da Ponta;-857885;-47918;0;15;64;91;America/Sao_Paulo;;;
3162401;São João da Ponte;-159271;-440096;0;31;5247;38;America/Sao_Paulo;;;
2209906;São João da Serra;-551081;-418923;0;22;1197;86;America/Sao_Paulo;;;
4318424;São João da Urtiga;-278195;-518257;0;43;7349;54;America/Sao_Paulo;;;
2209955;São João da Varjota;-694082;-418889;0;22;386;89;America/Sao_Paulo;;;
3504206;Auriflama;-206836;-505572;0;35;6183;17;America/Sao_Paulo;;-20,6836;-50,5572
3162450;São João das Missões;-148859;-440922;0;31;718;38;America/Sao_Paulo;;;
3516507;Gabriel Monteiro;-215294;-505573;0;35;6431;18;America/Sao_Paulo;;-21,5294;-50,5573
3305109;São João de Meriti;-228058;-433729;0;33;5901;21;America/Sao_Paulo;;;
1507474;São João de Pirabas;-780222;-47181;0;15;393;91;America/Sao_Paulo;;;
3162500;São João del Rei;-211311;-442526;0;31;5249;32;America/Sao_Paulo;;;
1507508;São João do Araguaia;-536334;-487926;0;15;549;94;America/Sao_Paulo;;;
2209971;São João do Arraial;-38186;-424459;0;22;388;86;America/Sao_Paulo;;;
4124905;São João do Caiuá;-228535;-523411;0;41;7873;44;America/Sao_Paulo;;;
2514008;São João do Cariri;-738168;-365345;0;25;2181;83;America/Sao_Paulo;;;
2111029;São João do Carú;-35503;-462507;0;21;232;98;America/Sao_Paulo;;;
4216354;São João do Itaperiú;-266213;-487683;0;42;5551;47;America/Sao_Paulo;;;
4125001;São João do Ivaí;-239833;-518215;0;41;7875;43;America/Sao_Paulo;;;
2312502;São João do Jaguaribe;-527516;-382694;0;23;1551;88;America/Sao_Paulo;;;
3162559;São João do Manhuaçu;-203933;-421533;0;31;2677;33;America/Sao_Paulo;;;
3162575;São João do Manteninha;-18723;-411628;0;31;2679;33;America/Sao_Paulo;;;
4216255;São João do Oeste;-270984;-535977;0;42;5753;49;America/Sao_Paulo;;;
3162609;São João do Oriente;-193384;-421575;0;31;5251;33;America/Sao_Paulo;;;
3162658;São João do Pacuí;-165373;-445134;0;31;720;38;America/Sao_Paulo;;;
3162708;São João do Paraíso;-153168;-420213;0;31;5253;38;America/Sao_Paulo;;;
2111052;São João do Paraíso;-645634;-470594;0;21;234;99;America/Sao_Paulo;;;
3535507;Paraguaçu Paulista;-224114;-505732;0;35;6811;18;America/Sao_Paulo;;-22,4114;-50,5732
2210003;São João do Piauí;-835466;-422559;0;22;1199;89;America/Sao_Paulo;;;
4318432;São João do Polêsine;-296194;-534439;0;43;5791;55;America/Sao_Paulo;;;
2500700;São João do Rio do Peixe;-672195;-384468;0;25;1913;83;America/Sao_Paulo;;;
2412104;São João do Sabugi;-671387;-372027;0;24;1839;84;America/Sao_Paulo;;;
2111078;São João do Soter;-510821;-438163;0;21;236;99;America/Sao_Paulo;;;
4216404;São João do Sul;-292154;-498094;0;42;8323;48;America/Sao_Paulo;;;
2514107;São João do Tigre;-807703;-368547;0;25;2183;83;America/Sao_Paulo;;;
4125100;São João do Triunfo;-25683;-502949;0;41;7877;42;America/Sao_Paulo;;;
2111102;São João dos Patos;-64934;-437036;0;21;919;99;America/Sao_Paulo;;;
3162807;São João Evangelista;-18548;-427655;0;31;5255;33;America/Sao_Paulo;;;
3162906;São João Nepomuceno;-215381;-430069;0;31;5257;32;America/Sao_Paulo;;;
4216503;São Joaquim;-282887;-499457;0;42;8325;49;America/Sao_Paulo;;;
3553955;Tarumã;-227429;-505786;0;35;7267;18;America/Sao_Paulo;;-22,7429;-50,5786
3162922;São Joaquim de Bicas;-20048;-442749;0;31;722;31;America/Sao_Paulo;;;
2613305;São Joaquim do Monte;-843196;-358035;0;26;2565;81;America/Sao_Paulo;;;
4318440;São Jorge;-284984;-517064;0;43;7347;54;America/Sao_Paulo;;;
4125209;São Jorge d'Oeste;-257085;-529204;0;41;7881;46;America/Sao_Paulo;;;
4125308;São Jorge do Ivaí;-234336;-522929;0;41;7879;44;America/Sao_Paulo;;;
4125357;São Jorge do Patrocínio;-237647;-538823;0;41;7999;44;America/Sao_Paulo;;;
4216602;São José;-276136;-486366;0;42;8327;48;America/Sao_Paulo;;;
3162948;São José da Barra;-207178;-46313;0;31;724;35;America/Sao_Paulo;;;
3535903;Paranapuã;-201048;-505886;0;35;6819;17;America/Sao_Paulo;;-20,1048;-50,5886
4125407;São José da Boa Vista;-239122;-496577;0;41;7883;43;America/Sao_Paulo;;;
2613404;São José da Coroa Grande;-888937;-351515;0;26;2567;81;America/Sao_Paulo;;;
2514206;São José da Lagoa Tapada;-693646;-381622;0;25;2185;83;America/Sao_Paulo;;;
2708303;São José da Laje;-901278;-360515;0;27;2865;82;America/Sao_Paulo;;;
3162955;São José da Lapa;-196971;-439586;0;31;2649;31;America/Sao_Paulo;;;
3163003;São José da Safira;-183243;-421431;0;31;5259;33;America/Sao_Paulo;;;
2708402;São José da Tapera;-955768;-373831;0;27;2867;82;America/Sao_Paulo;;;
3163102;São José da Varginha;-197006;-44556;0;31;5261;37;America/Sao_Paulo;;;
2929354;São José da Vitória;-150787;-393437;0;29;3035;73;America/Sao_Paulo;;;
4318457;São José das Missões;-277789;-531226;0;43;5989;55;America/Sao_Paulo;;;
4125456;São José das Palmeiras;-248369;-540572;0;41;8471;45;America/Sao_Paulo;;;
2514305;São José de Caiana;-724636;-382989;0;25;2187;83;America/Sao_Paulo;;;
2514404;São José de Espinharas;-683974;-373214;0;25;2189;83;America/Sao_Paulo;;;
2412203;São José de Mipibu;-60773;-352417;0;24;1841;84;America/Sao_Paulo;;;
2514503;São José de Piranhas;-71187;-38502;0;25;2191;83;America/Sao_Paulo;;;
2514552;São José de Princesa;-773633;-380894;0;25;528;83;America/Sao_Paulo;;;
2111201;São José de Ribamar;-254704;-440597;0;21;889;98;America/Sao_Paulo;;;
3305133;São José de Ubá;-213661;-419511;0;33;784;22;America/Sao_Paulo;;;
3163201;São José do Alegre;-223243;-455258;0;31;5263;35;America/Sao_Paulo;;;
3537701;Piacatu;-215921;-506003;0;35;6855;18;America/Sao_Paulo;;-21,5921;-50,6003
2613503;São José do Belmonte;-785723;-387577;0;26;2569;87;America/Sao_Paulo;;;
2514602;São José do Bonfim;-71607;-373036;0;25;2193;83;America/Sao_Paulo;;;
2514651;São José do Brejo do Cruz;-621054;-373601;0;25;530;83;America/Sao_Paulo;;;
3204807;São José do Calçado;-210274;-416636;0;32;5695;28;America/Sao_Paulo;;;
2412302;São José do Campestre;-631087;-357067;0;24;1843;84;America/Sao_Paulo;;;
4216701;São José do Cedro;-264561;-534955;0;42;8329;49;America/Sao_Paulo;;;
4216800;São José do Cerrito;-276602;-505733;0;42;8331;49;America/Sao_Paulo;;;
2210052;São José do Divino;-381411;-418308;0;22;2285;86;America/Sao_Paulo;;;
3163300;São José do Divino;-184793;-413907;0;31;5265;33;America/Sao_Paulo;;;
2613602;São José do Egito;-746945;-37274;0;26;2571;87;America/Sao_Paulo;;;
3163409;São José do Goiabal;-199214;-427035;0;31;5267;31;America/Sao_Paulo;;;
4318465;São José do Herval;-29052;-52295;0;43;7345;54;America/Sao_Paulo;;;
4318481;São José do Hortêncio;-29528;-51245;0;43;7343;51;America/Sao_Paulo;;;
4318499;São José do Inhacorá;-277251;-541275;0;43;6059;55;America/Sao_Paulo;;;
2929370;São José do Jacuípe;-114137;-398669;0;29;3033;74;America/Sao_Paulo;;;
3163508;São José do Jacuri;-18281;-426729;0;31;5269;33;America/Sao_Paulo;;;
3163607;São José do Mantimento;-200058;-417486;0;31;5271;33;America/Sao_Paulo;;;
4318507;São José do Norte;-320151;-520331;0;43;8873;53;America/Sao_Paulo;;;
4318606;São José do Ouro;-277707;-515966;0;43;8875;54;America/Sao_Paulo;;;
2210102;São José do Peixe;-748554;-425672;0;22;1201;89;America/Sao_Paulo;;;
2210201;São José do Piauí;-687194;-414731;0;22;1203;89;America/Sao_Paulo;;;
5107297;São José do Povo;-164549;-542487;0;51;6087;66;America/Porto_Velho;;;
5107305;São José do Rio Claro;-134398;-567218;0;51;9199;65;America/Porto_Velho;;;
3513850;Dirce Reis;-204642;-506073;0;35;7249;17;America/Sao_Paulo;;-20,4642;-50,6073
3529658;Mesópolis;-199684;-506326;0;35;2983;17;America/Sao_Paulo;;-19,9684;-50,6326
2514701;São José do Sabugi;-676295;-367972;0;25;2195;83;America/Sao_Paulo;;;
2412401;São José do Seridó;-644002;-368746;0;24;1845;84;America/Sao_Paulo;;;
4318614;São José do Sul;-295448;-514821;0;43;1170;51;America/Sao_Paulo;;;
3305158;São José do Vale do Rio Preto;-221525;-429327;0;33;6009;24;America/Sao_Paulo;;;
5107354;São José do Xingu;-107982;-527486;0;51;133;66;America/Porto_Velho;;;
4318622;São José dos Ausentes;-287476;-500677;0;43;6015;54;America/Sao_Paulo;;;
2111250;São José dos Basílios;-505493;-445809;0;21;238;99;America/Sao_Paulo;;;
3518206;Guararapes;-212544;-506453;0;35;6465;18;America/Sao_Paulo;;-21,2544;-50,6453
2514800;São José dos Cordeiros;-738775;-368085;0;25;2197;83;America/Sao_Paulo;;;
4125506;São José dos Pinhais;-255313;-492031;0;41;7885;41;America/Sao_Paulo;;;
5107107;São José dos Quatro Marcos;-156276;-581772;0;51;8993;65;America/Porto_Velho;;;
2514453;São José dos Ramos;-725238;-353725;0;25;526;83;America/Sao_Paulo;;;
2210300;São Julião;-708391;-408246;0;22;1205;89;America/Sao_Paulo;;;
4318705;São Leopoldo;-297545;-511498;0;43;8877;51;America/Sao_Paulo;;;
3163706;São Lourenço;-221166;-450506;0;31;5273;35;America/Sao_Paulo;;;
2613701;São Lourenço da Mata;-800684;-350124;0;26;2573;81;America/Sao_Paulo;;;
3555802;Urânia;-202455;-506455;0;35;7217;17;America/Sao_Paulo;;-20,2455;-50,6455
4216909;São Lourenço do Oeste;-263557;-528498;0;42;8333;49;America/Sao_Paulo;;;
2210359;São Lourenço do Piauí;-916463;-425496;0;22;2265;89;America/Sao_Paulo;;;
4318804;São Lourenço do Sul;-313564;-519715;0;43;8879;53;America/Sao_Paulo;;;
4217006;São Ludgero;-283144;-491806;0;42;8335;48;America/Sao_Paulo;;;
2111300;São Luís;-253874;-442825;1;21;921;98;America/Sao_Paulo;;;
5220108;São Luís de Montes Belos;-165211;-503726;0;52;9599;64;America/Sao_Paulo;;;
2312601;São Luís do Curu;-366976;-392391;0;23;1553;85;America/Sao_Paulo;;;
2210375;São Luis do Piauí;-681936;-413175;0;22;390;89;America/Sao_Paulo;;;
2708501;São Luís do Quitunde;-931816;-355606;0;27;2869;82;America/Sao_Paulo;;;
2111409;São Luís Gonzaga do Maranhão;-438541;-446654;0;21;805;99;America/Sao_Paulo;;;
1400605;São Luiz;101019;-600419;0;14;315;95;America/Porto_Velho;;;
5220157;São Luiz do Norte;-148608;-493285;0;52;9749;62;America/Sao_Paulo;;;
3518909;Guzolândia;-206467;-506645;0;35;6479;17;America/Sao_Paulo;;-20,6467;-50,6645
4318903;São Luiz Gonzaga;-28412;-549559;0;43;8881;55;America/Sao_Paulo;;;
2514909;São Mamede;-692386;-370954;0;25;2199;83;America/Sao_Paulo;;;
4125555;São Manoel do Paraná;-233941;-526454;0;41;5515;44;America/Sao_Paulo;;;
3528809;Maracaí;-226149;-506713;0;35;6677;18;America/Sao_Paulo;;-22,6149;-50,6713
4319000;São Marcos;-289677;-510696;0;43;8883;54;America/Sao_Paulo;;;
4217105;São Martinho;-281609;-489867;0;42;8337;48;America/Sao_Paulo;;;
4319109;São Martinho;-277112;-539699;0;43;8885;55;America/Sao_Paulo;;;
4319125;São Martinho da Serra;-295397;-53859;0;43;5793;55;America/Sao_Paulo;;;
3204906;São Mateus;-187214;-398579;0;32;5697;27;America/Sao_Paulo;;;
2111508;São Mateus do Maranhão;-403736;-444707;0;21;923;99;America/Sao_Paulo;;;
4125605;São Mateus do Sul;-258677;-50384;0;41;7887;42;America/Sao_Paulo;;;
2412500;São Miguel;-620283;-384947;0;24;1847;84;America/Sao_Paulo;;;
3516101;Florínia;-228680;-506814;0;35;6423;18;America/Sao_Paulo;;-22,8680;-50,6814
2210383;São Miguel da Baixa Grande;-585646;-421934;0;22;392;86;America/Sao_Paulo;;;
4217154;São Miguel da Boa Vista;-26687;-532511;0;42;5755;49;America/Sao_Paulo;;;
2929404;São Miguel das Matas;-130434;-394578;0;29;3887;75;America/Sao_Paulo;;;
4319158;São Miguel das Missões;-28556;-545559;0;43;7341;55;America/Sao_Paulo;;;
2515005;São Miguel de Taipu;-724764;-352016;0;25;2201;83;America/Sao_Paulo;;;
2807006;São Miguel do Aleixo;-103847;-373836;0;28;3239;79;America/Sao_Paulo;;;
3163805;São Miguel do Anta;-207067;-427174;0;31;5275;31;America/Sao_Paulo;;;
5220207;São Miguel do Araguaia;-132731;-501634;0;52;9601;62;America/Sao_Paulo;;;
2210391;São Miguel do Fidalgo;-759713;-423676;0;22;394;89;America/Sao_Paulo;;;
2412559;São Miguel do Gostoso;-512302;-356354;0;24;430;84;America/Sao_Paulo;;;
1507607;São Miguel do Guamá;-161307;-474784;0;15;551;91;America/Sao_Paulo;;;
1100320;São Miguel do Guaporé;-116953;-627192;0;11;45;69;America/Porto_Velho;;;
4125704;São Miguel do Iguaçu;-253492;-542405;0;41;7889;45;America/Sao_Paulo;;;
4217204;São Miguel do Oeste;-267242;-535163;0;42;8339;49;America/Sao_Paulo;;;
5220264;São Miguel do Passa Quatro;-170582;-48662;0;52;9751;62;America/Sao_Paulo;;;
2210409;São Miguel do Tapuio;-549729;-413165;0;22;1207;86;America/Sao_Paulo;;;
1720200;São Miguel do Tocantins;-556305;-475743;0;17;199;63;America/Sao_Paulo;;;
2708600;São Miguel dos Campos;-978301;-360971;0;27;2871;82;America/Sao_Paulo;;;
2708709;São Miguel dos Milagres;-926493;-353763;0;27;2873;82;America/Sao_Paulo;;;
4319208;São Nicolau;-281834;-552654;0;43;8887;55;America/Sao_Paulo;;;
5220280;São Patrício;-1535;-49818;0;52;1064;62;America/Sao_Paulo;;;
3547650;Santa Salete;-202429;-506887;0;35;822;17;America/Sao_Paulo;;-20,2429;-50,6887
4319307;São Paulo das Missões;-280195;-549404;0;43;8889;55;America/Sao_Paulo;;;
1303908;São Paulo de Olivença;-347292;-689646;0;13;275;97;America/Rio_Branco;;;
2412609;São Paulo do Potengi;-58994;-357642;0;24;1849;84;America/Sao_Paulo;;;
2412708;São Pedro;-590559;-356317;0;24;1851;84;America/Sao_Paulo;;;
3519204;Iacri;-218572;-506932;0;35;6485;14;America/Sao_Paulo;;-21,8572;-50,6932
2111532;São Pedro da Água Branca;-508472;-484291;0;21;240;99;America/Sao_Paulo;;;
3305208;São Pedro da Aldeia;-228429;-421026;0;33;5903;22;America/Sao_Paulo;;;
5107404;São Pedro da Cipa;-160109;-549176;0;51;93;66;America/Porto_Velho;;;
4319356;São Pedro da Serra;-294193;-515134;0;43;6043;51;America/Sao_Paulo;;;
3163904;São Pedro da União;-21131;-466123;0;31;5277;35;America/Sao_Paulo;;;
4319364;São Pedro das Missões;-277706;-532513;0;43;1172;55;America/Sao_Paulo;;;
4217253;São Pedro de Alcântara;-275665;-488048;0;42;944;48;America/Sao_Paulo;;;
4319372;São Pedro do Butiá;-281243;-548926;0;43;6063;55;America/Sao_Paulo;;;
4125753;São Pedro do Iguaçu;-249373;-538521;0;41;5489;45;America/Sao_Paulo;;;
4125803;São Pedro do Ivaí;-238634;-518568;0;41;7891;43;America/Sao_Paulo;;;
4125902;São Pedro do Paraná;-228239;-532241;0;41;7893;44;America/Sao_Paulo;;;
2210508;São Pedro do Piauí;-592078;-427192;0;22;1209;86;America/Sao_Paulo;;;
3164100;São Pedro do Suaçuí;-183609;-425981;0;31;5281;33;America/Sao_Paulo;;;
4319406;São Pedro do Sul;-296202;-541855;0;43;8891;55;America/Sao_Paulo;;;
3549003;São Francisco;-203623;-506952;0;35;7081;17;America/Sao_Paulo;;-20,3623;-50,6952
2111573;São Pedro dos Crentes;-682389;-465319;0;21;242;99;America/Sao_Paulo;;;
3164001;São Pedro dos Ferros;-201732;-425251;0;31;5279;33;America/Sao_Paulo;;;
2412807;São Rafael;-579791;-368778;0;24;1853;84;America/Sao_Paulo;;;
2111607;São Raimundo das Mangabeiras;-702183;-454809;0;21;925;99;America/Sao_Paulo;;;
2111631;São Raimundo do Doca Bezerra;-511053;-450696;0;21;244;99;America/Sao_Paulo;;;
2210607;São Raimundo Nonato;-901241;-426987;0;22;1211;89;America/Sao_Paulo;;;
2111672;São Roberto;-50231;-45001;0;21;246;99;America/Sao_Paulo;;;
3164209;São Romão;-163641;-450749;0;31;5283;38;America/Sao_Paulo;;;
3541703;Quatá;-222456;-506966;0;35;6935;18;America/Sao_Paulo;;-22,2456;-50,6966
3164308;São Roque de Minas;-20249;-463639;0;31;5285;37;America/Sao_Paulo;;;
3204955;São Roque do Canaã;-197411;-406526;0;32;764;27;America/Sao_Paulo;;;
1720259;São Salvador do Tocantins;-127458;-482352;0;17;333;63;America/Sao_Paulo;;;
3543808;Rinópolis;-217284;-507239;0;35;6977;18;America/Sao_Paulo;;-21,7284;-50,7239
2708808;São Sebastião;-993043;-36559;0;27;2875;82;America/Sao_Paulo;;;
4126009;São Sebastião da Amoreira;-234656;-507625;0;41;7895;43;America/Sao_Paulo;;;
3164407;São Sebastião da Bela Vista;-221583;-457546;0;31;5287;35;America/Sao_Paulo;;;
1507706;São Sebastião da Boa Vista;-171597;-495249;0;15;553;91;America/Sao_Paulo;;;
3544400;Rubiácea;-213006;-507296;0;35;6989;18;America/Sao_Paulo;;-21,3006;-50,7296
3164431;São Sebastião da Vargem Alegre;-197477;-433679;0;31;726;32;America/Sao_Paulo;;;
2515104;São Sebastião de Lagoa de Roça;-711034;-358678;0;25;2203;83;America/Sao_Paulo;;;
3305307;São Sebastião do Alto;-219578;-421328;0;33;5905;22;America/Sao_Paulo;;;
3164472;São Sebastião do Anta;-195064;-41985;0;31;728;33;America/Sao_Paulo;;;
4319505;São Sebastião do Caí;-295885;-513749;0;43;8893;51;America/Sao_Paulo;;;
3164506;São Sebastião do Maranhão;-180873;-425659;0;31;5289;33;America/Sao_Paulo;;;
3164605;São Sebastião do Oeste;-202758;-450063;0;31;5291;37;America/Sao_Paulo;;;
3164704;São Sebastião do Paraíso;-209167;-469837;0;31;5293;35;America/Sao_Paulo;;;
2929503;São Sebastião do Passé;-125123;-384905;0;29;3889;71;America/Sao_Paulo;;;
3164803;São Sebastião do Rio Preto;-192959;-431757;0;31;5295;31;America/Sao_Paulo;;;
3164902;São Sebastião do Rio Verde;-222183;-449761;0;31;5297;35;America/Sao_Paulo;;;
1720309;São Sebastião do Tocantins;-526131;-482021;0;17;9603;63;America/Sao_Paulo;;;
1303957;São Sebastião do Uatumã;-255915;-578731;0;13;9845;92;America/Porto_Velho;;;
2515203;São Sebastião do Umbuzeiro;-815289;-370138;0;25;2205;83;America/Sao_Paulo;;;
4319604;São Sepé;-301643;-535603;0;43;8895;55;America/Sao_Paulo;;;
3545704;Santa Albertina;-200311;-507297;0;35;7015;17;America/Sao_Paulo;;-20,0311;-50,7297
5220405;São Simão;-18996;-50547;0;52;9605;64;America/Sao_Paulo;;;
3165206;São Thomé das Letras;-217218;-449849;0;31;5303;35;America/Sao_Paulo;;;
3165008;São Tiago;-209075;-445098;0;31;5299;32;America/Sao_Paulo;;;
3165107;São Tomás de Aquino;-207791;-470962;0;31;5301;35;America/Sao_Paulo;;;
4126108;São Tomé;-235349;-525901;0;41;7897;44;America/Sao_Paulo;;;
2412906;São Tomé;-596404;-360798;0;24;1855;84;America/Sao_Paulo;;;
4319703;São Valentim;-275583;-525237;0;43;8897;54;America/Sao_Paulo;;;
4319711;São Valentim do Sul;-290451;-517684;0;43;5997;54;America/Sao_Paulo;;;
1720499;São Valério;-119743;-482353;0;17;9691;63;America/Sao_Paulo;;;
4319737;São Valério do Sul;-277906;-539368;0;43;6075;55;America/Sao_Paulo;;;
4319752;São Vendelino;-293729;-513675;0;43;7293;51;America/Sao_Paulo;;;
3505807;Bastos;-219210;-507357;0;35;6215;14;America/Sao_Paulo;;-21,9210;-50,7357
2413003;São Vicente;-621893;-366827;0;24;1857;84;America/Sao_Paulo;;;
3165305;São Vicente de Minas;-217042;-444431;0;31;5305;35;America/Sao_Paulo;;;
2515401;São Vicente do Seridó;-685426;-364122;0;25;2209;83;America/Sao_Paulo;;;
4319802;São Vicente do Sul;-296882;-546826;0;43;8675;55;America/Sao_Paulo;;;
2613800;São Vicente Ferrer;-758969;-354808;0;26;2575;81;America/Sao_Paulo;;;
2111706;São Vicente Ferrer;-289487;-448681;0;21;927;98;America/Sao_Paulo;;;
2515302;Sapé;-709359;-35228;0;25;2207;83;America/Sao_Paulo;;;
2929602;Sapeaçu;-127208;-391824;0;29;3891;75;America/Sao_Paulo;;;
5107875;Sapezal;-129892;-587645;0;51;1046;65;America/Porto_Velho;;;
4319901;Sapiranga;-296349;-510064;0;43;8899;51;America/Sao_Paulo;;;
4126207;Sapopema;-239078;-505801;0;41;7899;43;America/Sao_Paulo;;;
3165404;Sapucaí-Mirim;-227409;-45738;0;31;5307;35;America/Sao_Paulo;;;
1507755;Sapucaia;-694018;-496834;0;15;66;94;America/Sao_Paulo;;;
3305406;Sapucaia;-219949;-429142;0;33;5907;24;America/Sao_Paulo;;;
4320008;Sapucaia do Sul;-298276;-51145;0;43;8901;51;America/Sao_Paulo;;;
3305505;Saquarema;-229292;-425099;0;33;5909;22;America/Sao_Paulo;;;
4126256;Sarandi;-234441;-51876;0;41;8461;44;America/Sao_Paulo;;;
4320107;Sarandi;-27942;-529231;0;43;8903;54;America/Sao_Paulo;;;
3535200;Palmeira d'Oeste;-204148;-507632;0;35;6805;17;America/Sao_Paulo;;-20,4148;-50,7632
3165503;Sardoá;-187828;-423629;0;31;5309;33;America/Sao_Paulo;;;
3525607;João Ramalho;-222473;-507694;0;35;6613;18;America/Sao_Paulo;;-22,2473;-50,7694
3165537;Sarzedo;-200367;-441446;0;31;730;31;America/Sao_Paulo;;;
2929701;Sátiro Dias;-115929;-385938;0;29;3893;75;America/Sao_Paulo;;;
2708907;Satuba;-956911;-358227;0;27;2877;82;America/Sao_Paulo;;;
2111722;Satubinha;-404913;-452457;0;21;248;98;America/Sao_Paulo;;;
2929750;Saubara;-127387;-387625;0;29;3037;71;America/Sao_Paulo;;;
4126272;Saudade do Iguaçu;-256917;-526184;0;41;5493;46;America/Sao_Paulo;;;
4217303;Saudades;-269317;-530021;0;42;8341;49;America/Sao_Paulo;;;
2929800;Saúde;-109428;-404155;0;29;3895;74;America/Sao_Paulo;;;
4217402;Schroeder;-264116;-49074;0;42;8343;47;America/Sao_Paulo;;;
2929909;Seabra;-124169;-417722;0;29;3897;75;America/Sao_Paulo;;;
4217501;Seara;-271564;-52299;0;42;8345;49;America/Sao_Paulo;;;
3513306;Cruzália;-227373;-507909;0;35;6367;18;America/Sao_Paulo;;-22,7373;-50,7909
2210623;Sebastião Barros;-10817;-448337;0;22;396;89;America/Sao_Paulo;;;
2930006;Sebastião Laranjeiras;-14571;-429434;0;29;3899;77;America/Sao_Paulo;;;
2210631;Sebastião Leal;-756803;-4406;0;22;398;89;America/Sao_Paulo;;;
4320206;Seberi;-274829;-534026;0;43;8905;55;America/Sao_Paulo;;;
4320230;Sede Nova;-276367;-539493;0;43;7335;55;America/Sao_Paulo;;;
4320263;Segredo;-293523;-529767;0;43;7317;51;America/Sao_Paulo;;;
4320305;Selbach;-286294;-529498;0;43;8907;54;America/Sao_Paulo;;;
5007802;Selvíria;-203637;-514192;0;50;9811;67;America/Porto_Velho;;;
3165560;Sem-Peixe;-201008;-428483;0;31;734;31;America/Sao_Paulo;;;
1200500;Sena Madureira;-906596;-686571;0;12;145;68;America/Rio_Branco;;;
2111748;Senador Alexandre Costa;-525096;-440533;0;21;250;99;America/Sao_Paulo;;;
3165578;Senador Amaral;-225869;-461763;0;31;2689;35;America/Sao_Paulo;;;
5220454;Senador Canedo;-167084;-490914;0;52;9753;62;America/Sao_Paulo;;;
3165602;Senador Cortes;-217986;-429424;0;31;5311;32;America/Sao_Paulo;;;
2413102;Senador Elói de Souza;-603334;-356978;0;24;1859;84;America/Sao_Paulo;;;
3165701;Senador Firmino;-209158;-430904;0;31;5313;32;America/Sao_Paulo;;;
2413201;Senador Georgino Avelino;-61576;-351299;0;24;1861;84;America/Sao_Paulo;;;
1200450;Senador Guiomard;-101497;-677362;0;12;153;68;America/Rio_Branco;;;
3165800;Senador José Bento;-221633;-461792;0;31;5315;35;America/Sao_Paulo;;;
1507805;Senador José Porfírio;-431242;-515764;0;15;555;91;America/Sao_Paulo;;;
2111763;Senador La Rocque;-54461;-472959;0;21;252;99;America/Sao_Paulo;;;
3165909;Senador Modestino Gonçalves;-179465;-432172;0;31;5317;38;America/Sao_Paulo;;;
2312700;Senador Pompeu;-558244;-393704;0;23;1555;88;America/Sao_Paulo;;;
2708956;Senador Rui Palmeira;-946986;-374576;0;27;2891;82;America/Sao_Paulo;;;
2312809;Senador Sá;-335305;-404662;0;23;1557;88;America/Sao_Paulo;;;
4320321;Senador Salgado Filho;-28025;-545507;0;43;1012;55;America/Sao_Paulo;;;
4126306;Sengés;-241129;-494616;0;41;7901;43;America/Sao_Paulo;;;
2930105;Senhor do Bonfim;-104594;-401865;0;29;3901;74;America/Sao_Paulo;;;
3166006;Senhora de Oliveira;-207972;-433394;0;31;5319;31;America/Sao_Paulo;;;
3166105;Senhora do Porto;-188909;-430799;0;31;5321;33;America/Sao_Paulo;;;
3166204;Senhora dos Remédios;-210351;-435812;0;31;5323;32;America/Sao_Paulo;;;
4320354;Sentinela do Sul;-306107;-515862;0;43;5781;51;America/Sao_Paulo;;;
2930204;Sento Sé;-974138;-418786;0;29;3903;74;America/Sao_Paulo;;;
4320404;Serafina Corrêa;-287126;-519352;0;43;8909;54;America/Sao_Paulo;;;
3166303;Sericita;-204748;-424828;0;31;5325;31;America/Sao_Paulo;;;
1101500;Seringueiras;-118055;-630182;0;11;699;69;America/Porto_Velho;;;
4320453;Sério;-293904;-522685;0;43;6035;51;America/Sao_Paulo;;;
3166402;Seritinga;-219134;-44518;0;31;5327;35;America/Sao_Paulo;;;
3305554;Seropédica;-227526;-437155;0;33;786;21;America/Sao_Paulo;;;
3205002;Serra;-20121;-403074;0;32;5699;27;America/Sao_Paulo;;;
4217550;Serra Alta;-267229;-530409;0;42;9989;49;America/Sao_Paulo;;;
3537156;Pedrinhas Paulista;-228174;-507933;0;35;2963;18;America/Sao_Paulo;;-22,8174;-50,7933
3166501;Serra Azul de Minas;-183602;-431675;0;31;5329;38;America/Sao_Paulo;;;
2515500;Serra Branca;-748034;-36666;0;25;2211;83;America/Sao_Paulo;;;
2410306;Serra Caiada;-610478;-357113;0;24;1805;84;America/Sao_Paulo;;;
2515609;Serra da Raiz;-668527;-354379;0;25;2213;83;America/Sao_Paulo;;;
3166600;Serra da Saudade;-194447;-45795;0;31;5331;37;America/Sao_Paulo;;;
2413300;Serra de São Bento;-641762;-357033;0;24;1863;84;America/Sao_Paulo;;;
2413359;Serra do Mel;-517725;-370242;0;24;1927;84;America/Sao_Paulo;;;
1600055;Serra do Navio;901357;-520036;0;16;665;96;America/Sao_Paulo;;;
2930154;Serra do Ramalho;-135659;-435929;0;29;3039;77;America/Sao_Paulo;;;
3166808;Serra do Salitre;-191083;-466961;0;31;5335;34;America/Sao_Paulo;;;
3166709;Serra dos Aimorés;-177872;-402453;0;31;5333;33;America/Sao_Paulo;;;
2930303;Serra Dourada;-12759;-439504;0;29;3905;77;America/Sao_Paulo;;;
2515708;Serra Grande;-720957;-383647;0;25;2215;83;America/Sao_Paulo;;;
3536000;Parapuã;-217792;-507949;0;35;6821;18;America/Sao_Paulo;;-21,7792;-50,7949
2413409;Serra Negra do Norte;-666031;-373996;0;24;1865;84;America/Sao_Paulo;;;
5107883;Serra Nova Dourada;-120896;-514025;0;51;1100;66;America/Porto_Velho;;;
2930402;Serra Preta;-12156;-393305;0;29;3907;75;America/Sao_Paulo;;;
2515807;Serra Redonda;-718622;-356842;0;25;2217;83;America/Sao_Paulo;;;
2613909;Serra Talhada;-798178;-38289;0;26;2577;87;America/Sao_Paulo;;;
3547205;Santana da Ponte Pensa;-202523;-508014;0;35;7045;17;America/Sao_Paulo;;-20,2523;-50,8014
3166907;Serrania;-215441;-460417;0;31;5337;35;America/Sao_Paulo;;;
2111789;Serrano do Maranhão;-185229;-451207;0;21;254;98;America/Sao_Paulo;;;
5220504;Serranópolis;-183067;-519586;0;52;9607;64;America/Sao_Paulo;;;
3166956;Serranópolis de Minas;-158176;-428732;0;31;736;38;America/Sao_Paulo;;;
4126355;Serranópolis do Iguaçu;-253799;-540518;0;41;882;45;America/Sao_Paulo;;;
3167004;Serranos;-218857;-445125;0;31;5339;35;America/Sao_Paulo;;;
2515906;Serraria;-681569;-356282;0;25;2219;83;America/Sao_Paulo;;;
2413508;Serrinha;-628181;-355;0;24;1867;84;America/Sao_Paulo;;;
2930501;Serrinha;-116584;-3901;0;29;3909;75;America/Sao_Paulo;;;
2413557;Serrinha dos Pintos;-611087;-379548;0;24;432;84;America/Sao_Paulo;;;
2614006;Serrita;-794041;-392951;0;26;2579;87;America/Sao_Paulo;;;
3167103;Serro;-185991;-433744;0;31;5341;38;America/Sao_Paulo;;;
2930600;Serrolândia;-114085;-402983;0;29;3911;74;America/Sao_Paulo;;;
4126405;Sertaneja;-230361;-508317;0;41;7903;43;America/Sao_Paulo;;;
2614105;Sertânia;-806847;-372684;0;26;2581;87;America/Sao_Paulo;;;
4126504;Sertanópolis;-230571;-510399;0;41;7905;43;America/Sao_Paulo;;;
4320503;Sertão;-279798;-522588;0;43;8911;54;America/Sao_Paulo;;;
4320552;Sertão Santana;-304562;-516017;0;43;5761;51;America/Sao_Paulo;;;
3529104;Marinópolis;-204389;-508254;0;35;6683;17;America/Sao_Paulo;;-20,4389;-50,8254
2515930;Sertãozinho;-675127;-354372;0;25;532;83;America/Sao_Paulo;;;
3547403;Santa Rita d'Oeste;-201414;-508358;0;35;7049;17;America/Sao_Paulo;;-20,1414;-50,8358
4320578;Sete de Setembro;-281362;-544637;0;43;1014;55;America/Sao_Paulo;;;
3167202;Sete Lagoas;-194569;-442413;0;31;5343;31;America/Sao_Paulo;;;
5007703;Sete Quedas;-239705;-550398;0;50;9813;67;America/Porto_Velho;;;
3165552;Setubinha;-176002;-421587;0;31;732;33;America/Sao_Paulo;;;
4320602;Severiano de Almeida;-274362;-521217;0;43;8913;54;America/Sao_Paulo;;;
2413607;Severiano Melo;-577666;-37957;0;24;1869;84;America/Sao_Paulo;;;
3545100;Salmourão;-216267;-508614;0;35;7003;18;America/Sao_Paulo;;-21,6267;-50,8614
4217600;Siderópolis;-285955;-494314;0;42;8347;48;America/Sao_Paulo;;;
5007901;Sidrolândia;-209302;-549692;0;50;9157;67;America/Porto_Velho;;;
2210656;Sigefredo Pacheco;-491665;-417311;0;22;1379;86;America/Sao_Paulo;;;
3305604;Silva Jardim;-226574;-423961;0;33;5911;22;America/Sao_Paulo;;;
5220603;Silvânia;-1666;-486083;0;52;9609;62;America/Sao_Paulo;;;
1720655;Silvanópolis;-111471;-481694;0;17;9659;63;America/Sao_Paulo;;;
4320651;Silveira Martins;-296467;-53591;0;43;7315;55;America/Sao_Paulo;;;
3167301;Silveirânia;-211615;-432128;0;31;5345;32;America/Sao_Paulo;;;
3556305;Valparaíso;-212229;-508699;0;35;7227;18;America/Sao_Paulo;;-21,2229;-50,8699
1304005;Silves;-281748;-58248;0;13;277;92;America/Porto_Velho;;;
3167400;Silvianópolis;-220274;-458385;0;31;5347;35;America/Sao_Paulo;;;
2807105;Simão Dias;-107387;-378097;0;28;3241;79;America/Sao_Paulo;;;
3167509;Simão Pereira;-21964;-433088;0;31;5349;32;America/Sao_Paulo;;;
2210706;Simões;-759109;-408137;0;22;1213;89;America/Sao_Paulo;;;
2930709;Simões Filho;-127866;-384029;0;29;3913;71;America/Sao_Paulo;;;
5220686;Simolândia;-144644;-464847;0;52;9755;62;America/Sao_Paulo;;;
3167608;Simonésia;-201341;-420091;0;31;5351;33;America/Sao_Paulo;;;
2210805;Simplício Mendes;-785294;-419075;0;22;1215;89;America/Sao_Paulo;;;
4320677;Sinimbu;-295357;-525304;0;43;5767;51;America/Sao_Paulo;;;
5107909;Sinop;-118604;-555091;0;51;8985;66;America/Porto_Velho;;;
4126603;Siqueira Campos;-236875;-498304;0;41;7907;43;America/Sao_Paulo;;;
2614204;Sirinhaém;-858778;-351126;0;26;2583;81;America/Sao_Paulo;;;
2807204;Siriri;-105965;-371131;0;28;3243;79;America/Sao_Paulo;;;
5220702;Sítio d'Abadia;-147992;-462506;0;52;9611;62;America/Sao_Paulo;;;
2930758;Sítio do Mato;-130801;-434689;0;29;3041;77;America/Sao_Paulo;;;
2930766;Sítio do Quinto;-103545;-382213;0;29;3043;75;America/Sao_Paulo;;;
2111805;Sítio Novo;-587601;-467033;0;21;929;99;America/Sao_Paulo;;;
2413706;Sítio Novo;-611132;-35909;0;24;1871;84;America/Sao_Paulo;;;
1720804;Sítio Novo do Tocantins;-56012;-476381;0;17;9613;63;America/Sao_Paulo;;;
2930774;Sobradinho;-945024;-408145;0;29;3045;74;America/Sao_Paulo;;;
4320701;Sobradinho;-294194;-530326;0;43;8917;51;America/Sao_Paulo;;;
2515971;Sobrado;-714429;-352357;0;25;534;83;America/Sao_Paulo;;;
2312908;Sobral;-368913;-403482;0;23;1559;88;America/Sao_Paulo;;;
3167707;Sobrália;-192345;-420998;0;31;5353;33;America/Sao_Paulo;;;
3534609;Osvaldo Cruz;-217968;-508793;0;35;6793;18;America/Sao_Paulo;;-21,7968;-50,8793
2210904;Socorro do Piauí;-786773;-424922;0;22;1217;89;America/Sao_Paulo;;;
2516003;Solânea;-675161;-356636;0;25;2221;83;America/Sao_Paulo;;;
2516102;Soledade;-705829;-363668;0;25;2223;83;America/Sao_Paulo;;;
4320800;Soledade;-288306;-525131;0;43;8919;54;America/Sao_Paulo;;;
3167806;Soledade de Minas;-220554;-450464;0;31;5355;35;America/Sao_Paulo;;;
2614402;Solidão;-759472;-376445;0;26;2587;87;America/Sao_Paulo;;;
2313005;Solonópole;-571894;-390107;0;23;1561;88;America/Sao_Paulo;;;
4217709;Sombrio;-29108;-496328;0;42;8349;48;America/Sao_Paulo;;;
5007935;Sonora;-175698;-547551;0;50;9757;67;America/Porto_Velho;;;
3205010;Sooretama;-191897;-400974;0;32;766;27;America/Sao_Paulo;;;
3502606;Aparecida d'Oeste;-204487;-508835;0;35;6151;17;America/Sao_Paulo;;-20,4487;-50,8835
5107925;Sorriso;-125425;-557211;0;51;9907;66;America/Porto_Velho;;;
2516151;Sossêgo;-677067;-362538;0;25;536;83;America/Sao_Paulo;;;
1507904;Soure;-73032;-485015;0;15;557;91;America/Sao_Paulo;;;
2516201;Sousa;-675148;-382311;0;25;2225;83;America/Sao_Paulo;;;
2930808;Souto Soares;-12088;-416427;0;29;3915;75;America/Sao_Paulo;;;
1720853;Sucupira;-11993;-489685;0;17;335;63;America/Sao_Paulo;;;
2111904;Sucupira do Norte;-647839;-441919;0;21;931;99;America/Sao_Paulo;;;
2111953;Sucupira do Riachão;-640858;-435455;0;21;256;99;America/Sao_Paulo;;;
3554904;Três Fronteiras;-202344;-508905;0;35;7199;17;America/Sao_Paulo;;-20,2344;-50,8905
4217758;Sul Brasil;-267351;-52964;0;42;5595;49;America/Sao_Paulo;;;
4126652;Sulina;-257066;-527299;0;41;8477;46;America/Sao_Paulo;;;
3552304;Sud Mennucci;-206872;-509238;0;35;7147;18;America/Sao_Paulo;;-20,6872;-50,9238
2516300;Sumé;-766206;-36884;0;25;2227;83;America/Sao_Paulo;;;
3305703;Sumidouro;-220485;-426761;0;33;5913;22;America/Sao_Paulo;;;
2614501;Surubim;-784746;-357481;0;26;2589;81;America/Sao_Paulo;;;
2210938;Sussuapara;-703687;-413767;0;22;400;89;America/Sao_Paulo;;;
3532843;Nova Canaã Paulista;-203836;-509483;0;35;2985;17;America/Sao_Paulo;;-20,3836;-50,9483
3546108;Santa Clara d'Oeste;-200900;-509491;0;35;7023;17;America/Sao_Paulo;;-20,0900;-50,9491
4320859;Tabaí;-29643;-516823;0;43;1016;51;America/Sao_Paulo;;;
5107941;Tabaporã;-113007;-568312;0;51;125;66;America/Porto_Velho;;;
3544707;Sagres;-218823;-509594;0;35;6995;18;America/Sao_Paulo;;-21,8823;-50,9594
3520806;Inúbia Paulista;-217695;-509633;0;35;6517;18;America/Sao_Paulo;;-21,7695;-50,9633
1304062;Tabatinga;-42416;-699383;0;13;9847;97;America/Rio_Branco;;;
2614600;Tabira;-758366;-375377;0;26;2591;87;America/Sao_Paulo;;;
3527405;Lucélia;-217182;-510215;0;35;6649;18;America/Sao_Paulo;;-21,7182;-51,0215
2930907;Tabocas do Brejo Velho;-127026;-440075;0;29;3917;77;America/Sao_Paulo;;;
2413805;Taboleiro Grande;-591948;-380367;0;24;1873;84;America/Sao_Paulo;;;
3167905;Tabuleiro;-213632;-432381;0;31;5357;32;America/Sao_Paulo;;;
2313104;Tabuleiro do Norte;-524353;-381282;0;23;1563;88;America/Sao_Paulo;;;
2614709;Tacaimbó;-830867;-363;0;26;2593;81;America/Sao_Paulo;;;
2614808;Tacaratu;-909798;-381504;0;26;2595;87;America/Sao_Paulo;;;
3552551;Suzanápolis;-204981;-510268;0;35;2945;18;America/Sao_Paulo;;-20,4981;-51,0268
2516409;Tacima;-648759;-356367;0;25;2229;83;America/Sao_Paulo;;;
5007950;Tacuru;-23636;-550141;0;50;9815;67;America/Porto_Velho;;;
3526506;Lavínia;-211639;-510412;0;35;6631;18;America/Sao_Paulo;;-21,1639;-51,0412
1720903;Taguatinga;-124026;-46437;0;17;9615;63;America/Sao_Paulo;;;
3500105;Adamantina;-216820;-510737;0;35;6101;18;America/Sao_Paulo;;-21,6820;-51,0737
1507953;Tailândia;-294584;-489489;0;15;395;91;America/Sao_Paulo;;;
4217808;Taió;-27121;-499942;0;42;8351;47;America/Sao_Paulo;;;
3168002;Taiobeiras;-158106;-422259;0;31;5359;38;America/Sao_Paulo;;;
1720937;Taipas do Tocantins;-121873;-469797;0;17;325;63;America/Sao_Paulo;;;
2413904;Taipu;-563058;-355918;0;24;1875;84;America/Sao_Paulo;;;
3519907;Iepê;-226602;-510779;0;35;6499;18;America/Sao_Paulo;;-22,6602;-51,0779
1720978;Talismã;-127949;-490896;0;17;100;63;America/Sao_Paulo;;;
2614857;Tamandaré;-875665;-351033;0;26;558;81;America/Sao_Paulo;;;
4126678;Tamarana;-237204;-510991;0;41;884;43;America/Sao_Paulo;;;
3540853;Pracinha;-218496;-510868;0;35;812;18;America/Sao_Paulo;;-21,8496;-51,0868
4126702;Tamboara;-232036;-524743;0;41;7909;44;America/Sao_Paulo;;;
2313203;Tamboril;-483136;-403196;0;23;1565;88;America/Sao_Paulo;;;
2210953;Tamboril do Piauí;-840937;-429211;0;22;402;89;America/Sao_Paulo;;;
3530102;Mirandópolis;-211313;-511035;0;35;6703;18;America/Sao_Paulo;;-21,1313;-51,1035
2414001;Tangará;-619649;-357989;0;24;1877;84;America/Sao_Paulo;;;
4217907;Tangará;-270996;-512473;0;42;8353;49;America/Sao_Paulo;;;
5107958;Tangará da Serra;-146229;-574933;0;51;9185;65;America/Porto_Velho;;;
3305752;Tanguá;-227423;-427202;0;33;788;21;America/Sao_Paulo;;;
2931004;Tanhaçu;-140197;-412473;0;29;3919;77;America/Sao_Paulo;;;
2709004;Tanque d'Arca;-953379;-364366;0;27;2879;82;America/Sao_Paulo;;;
2210979;Tanque do Piauí;-659787;-422795;0;22;404;89;America/Sao_Paulo;;;
2931053;Tanque Novo;-135485;-424934;0;29;3991;77;America/Sao_Paulo;;;
2931103;Tanquinho;-11968;-391033;0;29;3921;75;America/Sao_Paulo;;;
3168051;Taparuba;-197621;-41608;0;31;738;33;America/Sao_Paulo;;;
1304104;Tapauá;-562085;-631808;0;13;279;97;America/Porto_Velho;;;
4126801;Tapejara;-237315;-528735;0;41;7911;44;America/Sao_Paulo;;;
4320909;Tapejara;-280652;-520097;0;43;8921;54;America/Sao_Paulo;;;
4321006;Tapera;-286277;-528613;0;43;8923;54;America/Sao_Paulo;;;
2931202;Taperoá;-135321;-391009;0;29;3923;75;America/Sao_Paulo;;;
2516508;Taperoá;-720629;-368245;0;25;2231;83;America/Sao_Paulo;;;
4321105;Tapes;-306683;-513991;0;43;8925;51;America/Sao_Paulo;;;
4126900;Tapira;-233193;-530684;0;41;7973;44;America/Sao_Paulo;;;
3168101;Tapira;-199166;-468264;0;31;5361;34;America/Sao_Paulo;;;
3168200;Tapiraí;-198936;-460221;0;31;5363;37;America/Sao_Paulo;;;
3537404;Pereira Barreto;-206368;-511123;0;35;6849;18;America/Sao_Paulo;;-20,6368;-51,1123
2931301;Tapiramutá;-118475;-407927;0;29;3925;74;America/Sao_Paulo;;;
3529203;Martinópolis;-221462;-511709;0;35;6685;18;America/Sao_Paulo;;-22,1462;-51,1709
5108006;Tapurah;-12695;-565178;0;51;9763;66;America/Porto_Velho;;;
4321204;Taquara;-296505;-507753;0;43;8927;51;America/Sao_Paulo;;;
3168309;Taquaraçu de Minas;-196652;-436922;0;31;5365;31;America/Sao_Paulo;;;
3516002;Flórida Paulista;-216127;-511724;0;35;6421;18;America/Sao_Paulo;;-21,6127;-51,1724
5221007;Taquaral de Goiás;-160521;-496039;0;52;9617;62;America/Sao_Paulo;;;
2709103;Taquarana;-964529;-364928;0;27;2881;82;America/Sao_Paulo;;;
4321303;Taquari;-297943;-518653;0;43;8929;51;America/Sao_Paulo;;;
3528908;Mariápolis;-217959;-511824;0;35;6679;18;America/Sao_Paulo;;-21,7959;-51,1824
2615003;Taquaritinga do Norte;-789446;-360423;0;26;2599;81;America/Sao_Paulo;;;
3517802;Guaraçaí;-210292;-512119;0;35;6457;18;America/Sao_Paulo;;-21,0292;-51,2119
3508900;Caiabu;-220127;-512394;0;35;6279;18;America/Sao_Paulo;;-22,0127;-51,2394
4321329;Taquaruçu do Sul;-274005;-534702;0;43;7313;55;America/Sao_Paulo;;;
5007976;Taquarussu;-224898;-533519;0;50;9817;67;America/Porto_Velho;;;
3520608;Indiana;-221738;-512555;0;35;6513;18;America/Sao_Paulo;;-22,1738;-51,2555
1200609;Tarauacá;-815697;-707722;0;12;147;68;America/Rio_Branco;;;
2313252;Tarrafas;-667838;-39753;0;23;1275;88;America/Sao_Paulo;;;
1600709;Tartarugalzinho;150652;-509087;0;16;617;96;America/Sao_Paulo;;;
3534906;Pacaembu;-215627;-512654;0;35;6799;18;America/Sao_Paulo;;-21,5627;-51,2654
3168408;Tarumirim;-192835;-420097;0;31;5367;33;America/Sao_Paulo;;;
2112001;Tasso Fragoso;-84662;-457536;0;21;933;99;America/Sao_Paulo;;;
3532108;Murutinga do Sul;-209908;-512774;0;35;6743;18;America/Sao_Paulo;;-20,9908;-51,2774
2313302;Tauá;-598585;-402968;0;23;1567;88;America/Sao_Paulo;;;
3552908;Taciba;-223866;-512882;0;35;7159;18;America/Sao_Paulo;;-22,3866;-51,2882
4321352;Tavares;-312843;-51088;0;43;8971;51;America/Sao_Paulo;;;
2516607;Tavares;-762697;-378712;0;25;2233;83;America/Sao_Paulo;;;
1304203;Tefé;-336822;-647193;0;13;281;97;America/Porto_Velho;;;
2516706;Teixeira;-722104;-372525;0;25;2235;83;America/Sao_Paulo;;;
2931350;Teixeira de Freitas;-175399;-3974;0;29;3993;73;America/Sao_Paulo;;;
4127007;Teixeira Soares;-253701;-504571;0;41;7913;42;America/Sao_Paulo;;;
3168507;Teixeiras;-206561;-428564;0;31;5369;31;America/Sao_Paulo;;;
1101559;Teixeirópolis;-109056;-62242;0;11;22;69;America/Porto_Velho;;;
2313351;Tejuçuoca;-398831;-395799;0;23;1277;85;America/Sao_Paulo;;;
3542404;Regente Feijó;-222181;-513055;0;35;6949;18;America/Sao_Paulo;;-22,2181;-51,3055
4127106;Telêmaco Borba;-243245;-506176;0;41;7915;42;America/Sao_Paulo;;;
2807303;Telha;-102064;-368818;0;28;3245;79;America/Sao_Paulo;;;
2414100;Tenente Ananias;-645823;-38182;0;24;1879;84;America/Sao_Paulo;;;
2414159;Tenente Laurentino Cruz;-61378;-367135;0;24;434;84;America/Sao_Paulo;;;
4321402;Tenente Portela;-273711;-537585;0;43;8931;55;America/Sao_Paulo;;;
2516755;Tenório;-693855;-366273;0;25;538;83;America/Sao_Paulo;;;
2931400;Teodoro Sampaio;-12295;-386347;0;29;3927;75;America/Sao_Paulo;;;
3520442;Ilha Solteira;-204326;-513426;0;35;2943;18;America/Sao_Paulo;;-20,4326;-51,3426
2931509;Teofilândia;-114827;-389913;0;29;3929;75;America/Sao_Paulo;;;
3168606;Teófilo Otoni;-178595;-415087;0;31;5371;33;America/Sao_Paulo;;;
2931608;Teolândia;-135896;-39484;0;29;3931;73;America/Sao_Paulo;;;
2709152;Teotônio Vilela;-991656;-363492;0;27;971;82;America/Sao_Paulo;;;
5008008;Terenos;-204378;-548647;0;50;9159;67;America/Porto_Velho;;;
2211001;Teresina;-509194;-428034;1;22;1219;86;America/Sao_Paulo;;;
5221080;Teresina de Goiás;-137801;-472659;0;52;9759;62;America/Sao_Paulo;;;
3305802;Teresópolis;-224165;-429752;0;33;5915;21;America/Sao_Paulo;;;
2615102;Terezinha;-905621;-366272;0;26;2601;87;America/Sao_Paulo;;;
5221197;Terezópolis de Goiás;-163945;-490797;0;52;57;62;America/Sao_Paulo;;;
1507961;Terra Alta;-102963;-479004;0;15;373;91;America/Sao_Paulo;;;
4127205;Terra Boa;-237683;-52447;0;41;7917;44;America/Sao_Paulo;;;
4321436;Terra de Areia;-295782;-500644;0;43;7333;51;America/Sao_Paulo;;;
2931707;Terra Nova;-123888;-386238;0;29;3933;75;America/Sao_Paulo;;;
2615201;Terra Nova;-822244;-393825;0;26;2603;87;America/Sao_Paulo;;;
5108055;Terra Nova do Norte;-10517;-55231;0;51;9909;66;America/Porto_Velho;;;
4127304;Terra Rica;-227111;-526188;0;41;7919;44;America/Sao_Paulo;;;
4127403;Terra Roxa;-241575;-540988;0;41;7921;44;America/Sao_Paulo;;;
3521606;Irapuru;-215684;-513472;0;35;6533;18;America/Sao_Paulo;;-21,5684;-51,3472
1507979;Terra Santa;-210443;-564877;0;15;637;93;America/Sao_Paulo;;;
5108105;Tesouro;-160809;-53559;0;51;9161;66;America/Porto_Velho;;;
4321451;Teutônia;-294482;-518044;0;43;9821;51;America/Sao_Paulo;;;
1101609;Theobroma;-102483;-623538;0;11;975;69;America/Porto_Velho;;;
2313401;Tianguá;-372965;-409923;0;23;1569;88;America/Sao_Paulo;;;
4127502;Tibagi;-245153;-504176;0;41;7923;42;America/Sao_Paulo;;;
2411056;Tibau;-483729;-372554;0;24;428;84;America/Sao_Paulo;;;
2414209;Tibau do Sul;-619176;-350866;0;24;1881;84;America/Sao_Paulo;;;
3502101;Andradina;-208948;-513786;0;35;6141;18;America/Sao_Paulo;;-20,8948;-51,3786
4217956;Tigrinhos;-266876;-531545;0;42;946;49;America/Sao_Paulo;;;
4218004;Tijucas;-272354;-486322;0;42;8355;48;America/Sao_Paulo;;;
4127601;Tijucas do Sul;-259311;-49195;0;41;7925;41;America/Sao_Paulo;;;
2615300;Timbaúba;-750484;-353119;0;26;2605;81;America/Sao_Paulo;;;
2414308;Timbaúba dos Batistas;-645768;-372745;0;24;1883;84;America/Sao_Paulo;;;
4218103;Timbé do Sul;-288287;-49842;0;42;8393;48;America/Sao_Paulo;;;
2112100;Timbiras;-425597;-43932;0;21;935;99;America/Sao_Paulo;;;
4218202;Timbó;-268246;-49269;0;42;8357;47;America/Sao_Paulo;;;
4218251;Timbó Grande;-266127;-506607;0;42;9971;49;America/Sao_Paulo;;;
3515806;Flora Rica;-216727;-513821;0;35;6417;18;America/Sao_Paulo;;-21,6727;-51,3821
2112209;Timon;-509769;-428329;0;21;937;99;America/Sao_Paulo;;;
3168705;Timóteo;-195811;-426471;0;31;5373;31;America/Sao_Paulo;;;
4321469;Tio Hugo;-285712;-525955;0;43;1174;54;America/Sao_Paulo;;;
3168804;Tiradentes;-211102;-441744;0;31;5375;32;America/Sao_Paulo;;;
4321477;Tiradentes do Sul;-274022;-540814;0;43;6077;55;America/Sao_Paulo;;;
3168903;Tiros;-190037;-459626;0;31;5377;34;America/Sao_Paulo;;;
2807402;Tobias Barreto;-111798;-379995;0;28;3247;79;America/Sao_Paulo;;;
1721109;Tocantínia;-95632;-483741;0;17;9619;63;America/Sao_Paulo;;;
1721208;Tocantinópolis;-632447;-474224;0;17;9621;63;America/Sao_Paulo;;;
3169000;Tocantins;-211774;-430127;0;31;5379;32;America/Sao_Paulo;;;
3169059;Tocos do Moji;-223698;-460971;0;31;740;35;America/Sao_Paulo;;;
3169109;Toledo;-227421;-463728;0;31;5381;35;America/Sao_Paulo;;;
4127700;Toledo;-247246;-537412;0;41;7927;45;America/Sao_Paulo;;;
2807501;Tomar do Geru;-113694;-378433;0;28;3249;79;America/Sao_Paulo;;;
4127809;Tomazina;-237796;-499499;0;41;7929;43;America/Sao_Paulo;;;
3169208;Tombos;-209086;-420228;0;31;5383;32;America/Sao_Paulo;;;
1508001;Tomé-Açu;-241302;-481415;0;15;559;91;America/Sao_Paulo;;;
1304237;Tonantins;-286582;-677919;0;13;9851;97;America/Porto_Velho;;;
2615409;Toritama;-800955;-360637;0;26;2607;81;America/Sao_Paulo;;;
5108204;Torixoréu;-162006;-525571;0;51;9163;66;America/Porto_Velho;;;
4321493;Toropi;-294782;-542244;0;43;1018;55;America/Sao_Paulo;;;
3502408;Anhumas;-222934;-513895;0;35;6147;18;America/Sao_Paulo;;-22,2934;-51,3895
4321501;Torres;-293334;-497333;0;43;8933;51;America/Sao_Paulo;;;
3541406;Presidente Prudente;-221207;-513925;0;35;6929;18;America/Sao_Paulo;;-22,1207;-51,3925
2414407;Touros;-520182;-354621;0;24;1885;84;America/Sao_Paulo;;;
3548302;Santo Expedito;-218467;-513929;0;35;7067;18;America/Sao_Paulo;;-21,8467;-51,3929
1508035;Tracuateua;-107653;-469031;0;15;68;91;America/Sao_Paulo;;;
2615508;Tracunhaém;-780228;-352314;0;26;2609;81;America/Sao_Paulo;;;
2709202;Traipu;-996262;-370071;0;27;2883;82;America/Sao_Paulo;;;
1508050;Trairão;-457347;-559429;0;15;635;93;America/Sao_Paulo;;;
2313500;Trairi;-326932;-392681;0;23;1571;85;America/Sao_Paulo;;;
3305901;Trajano de Moraes;-220638;-420643;0;33;5917;22;America/Sao_Paulo;;;
4321600;Tramandaí;-299841;-501322;0;43;8935;51;America/Sao_Paulo;;;
4321626;Travesseiro;-292977;-520532;0;43;6037;51;America/Sao_Paulo;;;
2931806;Tremedal;-149736;-414142;0;29;3935;77;America/Sao_Paulo;;;
3526001;Junqueirópolis;-215103;-514342;0;35;6621;18;America/Sao_Paulo;;-21,5103;-51,4342
4321634;Três Arroios;-275003;-521448;0;43;7331;54;America/Sao_Paulo;;;
4218301;Três Barras;-261056;-503197;0;42;8359;47;America/Sao_Paulo;;;
4127858;Três Barras do Paraná;-254185;-531833;0;41;7987;45;America/Sao_Paulo;;;
4321667;Três Cachoeiras;-294487;-499275;0;43;7329;51;America/Sao_Paulo;;;
3169307;Três Corações;-216921;-452511;0;31;5385;35;America/Sao_Paulo;;;
4321709;Três Coroas;-295137;-507739;0;43;8937;51;America/Sao_Paulo;;;
4321808;Três de Maio;-2778;-542357;0;43;8939;55;America/Sao_Paulo;;;
4321832;Três Forquilhas;-295384;-500708;0;43;5777;51;America/Sao_Paulo;;;
3501301;Álvares Machado;-220764;-514722;0;35;6125;18;America/Sao_Paulo;;-22,0764;-51,4722
5008305;Três Lagoas;-207849;-517007;0;50;9165;67;America/Porto_Velho;;;
3169356;Três Marias;-182048;-452473;0;31;4115;38;America/Sao_Paulo;;;
4321857;Três Palmeiras;-276139;-528437;0;43;7327;54;America/Sao_Paulo;;;
4321907;Três Passos;-274555;-539296;0;43;8941;55;America/Sao_Paulo;;;
3169406;Três Pontas;-213694;-455109;0;31;5387;35;America/Sao_Paulo;;;
5221304;Três Ranchos;-183539;-47776;0;52;9623;64;America/Sao_Paulo;;;
3306008;Três Rios;-221165;-432185;0;33;5919;24;America/Sao_Paulo;;;
4218350;Treviso;-285097;-494634;0;42;948;48;America/Sao_Paulo;;;
4218400;Treze de Maio;-285537;-491565;0;42;8361;48;America/Sao_Paulo;;;
4218509;Treze Tílias;-270026;-514084;0;42;8363;49;America/Sao_Paulo;;;
5221403;Trindade;-166517;-494927;0;52;9625;62;America/Sao_Paulo;;;
2615607;Trindade;-7759;-402647;0;26;2611;87;America/Sao_Paulo;;;
4321956;Trindade do Sul;-275239;-528956;0;43;7325;54;America/Sao_Paulo;;;
4322004;Triunfo;-299291;-517075;0;43;8943;51;America/Sao_Paulo;;;
2516805;Triunfo;-65713;-385986;0;25;2237;83;America/Sao_Paulo;;;
2615706;Triunfo;-783272;-380978;0;26;2613;87;America/Sao_Paulo;;;
2414456;Triunfo Potiguar;-585408;-371786;0;24;436;84;America/Sao_Paulo;;;
2112233;Trizidela do Vale;-4538;-44628;0;21;258;99;America/Sao_Paulo;;;
5221452;Trombas;-135079;-487417;0;52;9761;62;America/Sao_Paulo;;;
4218608;Trombudo Central;-273033;-49793;0;42;8365;47;America/Sao_Paulo;;;
4218707;Tubarão;-284713;-490144;0;42;8367;48;America/Sao_Paulo;;;
2931905;Tucano;-109584;-387894;0;29;3937;75;America/Sao_Paulo;;;
1508084;Tucumã;-674687;-511626;0;15;397;94;America/Sao_Paulo;;;
4322103;Tucunduva;-276573;-544439;0;43;8945;55;America/Sao_Paulo;;;
1508100;Tucuruí;-37657;-496773;0;15;561;94;America/Sao_Paulo;;;
2112274;Tufilândia;-367355;-456238;0;21;260;98;America/Sao_Paulo;;;
3515129;Emilianópolis;-218314;-514832;0;35;2961;18;America/Sao_Paulo;;-21,8314;-51,4832
3169505;Tumiritinga;-189844;-416527;0;31;5389;33;America/Sao_Paulo;;;
4218756;Tunápolis;-269681;-536417;0;42;9991;49;America/Sao_Paulo;;;
4322152;Tunas;-291039;-529538;0;43;7323;51;America/Sao_Paulo;;;
4127882;Tunas do Paraná;-249731;-490879;0;41;5455;41;America/Sao_Paulo;;;
4127908;Tuneiras do Oeste;-238648;-528769;0;41;7931;44;America/Sao_Paulo;;;
2112308;Tuntum;-525476;-446444;0;21;939;99;America/Sao_Paulo;;;
3511003;Castilho;-208689;-514884;0;35;6321;18;America/Sao_Paulo;;-20,8689;-51,4884
3169604;Tupaciguara;-185866;-486985;0;31;5391;34;America/Sao_Paulo;;;
2615805;Tupanatinga;-874798;-373445;0;26;2615;87;America/Sao_Paulo;;;
4322186;Tupanci do Sul;-279241;-515383;0;43;5979;54;America/Sao_Paulo;;;
4322202;Tupanciretã;-290858;-538445;0;43;8947;55;America/Sao_Paulo;;;
4322251;Tupandi;-294772;-514174;0;43;7321;51;America/Sao_Paulo;;;
4322301;Tuparendi;-277598;-544814;0;43;8949;55;America/Sao_Paulo;;;
2615904;Tuparetama;-76003;-373165;0;26;2617;87;America/Sao_Paulo;;;
4127957;Tupãssi;-245879;-535105;0;41;7993;44;America/Sao_Paulo;;;
3533205;Nova Independência;-211026;-514905;0;35;6765;18;America/Sao_Paulo;;-21,1026;-51,4905
1721257;Tupirama;-897168;-481883;0;17;102;63;America/Sao_Paulo;;;
1721307;Tupiratins;-839388;-481277;0;17;365;63;America/Sao_Paulo;;;
2112407;Turiaçu;-165893;-453798;0;21;941;98;America/Sao_Paulo;;;
2112456;Turilândia;-221638;-453044;0;21;262;98;America/Sao_Paulo;;;
3539202;Pirapozinho;-222711;-514976;0;35;6885;18;America/Sao_Paulo;;-22,2711;-51,4976
3523008;Itapura;-206419;-515063;0;35;6561;18;America/Sao_Paulo;;-20,6419;-51,5063
3169703;Turmalina;-172828;-427285;0;31;5393;38;America/Sao_Paulo;;;
4322327;Turuçu;-314173;-521706;0;43;1020;53;America/Sao_Paulo;;;
2313559;Tururu;-358413;-394297;0;23;1279;85;America/Sao_Paulo;;;
5221502;Turvânia;-166125;-501369;0;52;9631;64;America/Sao_Paulo;;;
5221551;Turvelândia;-178502;-503024;0;52;9765;64;America/Sao_Paulo;;;
4127965;Turvo;-250437;-515282;0;41;8453;42;America/Sao_Paulo;;;
4218806;Turvo;-289272;-496831;0;42;8369;48;America/Sao_Paulo;;;
3169802;Turvolândia;-218733;-457859;0;31;5395;35;America/Sao_Paulo;;;
2112506;Tutóia;-276141;-422755;0;21;943;98;America/Sao_Paulo;;;
1304260;Uarini;-299609;-651133;0;13;9849;97;America/Porto_Velho;;;
2932002;Uauá;-983325;-394794;0;29;3939;74;America/Sao_Paulo;;;
3169901;Ubá;-211204;-429359;0;31;5397;32;America/Sao_Paulo;;;
3170008;Ubaí;-162885;-447783;0;31;5399;38;America/Sao_Paulo;;;
2932101;Ubaíra;-132714;-39666;0;29;3941;75;America/Sao_Paulo;;;
2932200;Ubaitaba;-14303;-393222;0;29;3943;73;America/Sao_Paulo;;;
2313609;Ubajara;-385448;-409204;0;23;1573;88;America/Sao_Paulo;;;
3170057;Ubaporanga;-196351;-421059;0;31;2671;33;America/Sao_Paulo;;;
3532207;Narandiba;-224057;-515274;0;35;6745;18;America/Sao_Paulo;;-22,4057;-51,5274
2932309;Ubatã;-142063;-395207;0;29;3945;73;America/Sao_Paulo;;;
3541208;Presidente Bernardes;-220082;-515565;0;35;6925;18;America/Sao_Paulo;;-22,0082;-51,5565
3170107;Uberaba;-197472;-479381;0;31;5401;34;America/Sao_Paulo;;;
3170206;Uberlândia;-189141;-482749;0;31;5403;34;America/Sao_Paulo;;;
3553906;Tarabai;-223016;-515621;0;35;7179;18;America/Sao_Paulo;;-22,3016;-51,5621
4128005;Ubiratã;-245393;-529865;0;41;7933;44;America/Sao_Paulo;;;
4322343;Ubiretama;-280404;-54686;0;43;1022;55;America/Sao_Paulo;;;
3531605;Monte Castelo;-212981;-515679;0;35;6733;18;America/Sao_Paulo;;-21,2981;-51,5679
2932408;Uibaí;-113394;-421354;0;29;3947;74;America/Sao_Paulo;;;
1400704;Uiramutã;460314;-601815;0;14;38;95;America/Porto_Velho;;;
5221577;Uirapuru;-142835;-499201;0;52;59;62;America/Sao_Paulo;;;
2516904;Uiraúna;-651504;-384128;0;25;2239;83;America/Sao_Paulo;;;
1508126;Ulianópolis;-375007;-474892;0;15;623;91;America/Sao_Paulo;;;
2313708;Umari;-663893;-387008;0;23;1575;88;America/Sao_Paulo;;;
2414506;Umarizal;-598238;-37818;0;24;1887;84;America/Sao_Paulo;;;
2807600;Umbaúba;-113809;-376623;0;28;3251;79;America/Sao_Paulo;;;
2932457;Umburanas;-107339;-413234;0;29;3047;74;America/Sao_Paulo;;;
3170305;Umburatiba;-172548;-405779;0;31;5405;33;America/Sao_Paulo;;;
2517001;Umbuzeiro;-769199;-356582;0;25;2241;83;America/Sao_Paulo;;;
2313757;Umirim;-367654;-393465;0;23;9855;85;America/Sao_Paulo;;;
4128104;Umuarama;-237656;-533201;0;41;7935;44;America/Sao_Paulo;;;
2932507;Una;-152791;-390765;0;29;3949;73;America/Sao_Paulo;;;
3170404;Unaí;-163592;-469022;0;31;5407;38;America/Sao_Paulo;;;
2211100;União;-458571;-428583;0;22;1221;86;America/Sao_Paulo;;;
4322350;União da Serra;-287833;-520238;0;43;5999;54;America/Sao_Paulo;;;
4128203;União da Vitória;-262273;-510873;0;41;7937;42;America/Sao_Paulo;;;
3170438;União de Minas;-195299;-50338;0;31;742;34;America/Sao_Paulo;;;
4218855;União do Oeste;-26762;-528541;0;42;9973;49;America/Sao_Paulo;;;
5108303;União do Sul;-115308;-543616;0;51;1048;66;America/Porto_Velho;;;
2709301;União dos Palmares;-915921;-360223;0;27;2885;82;America/Sao_Paulo;;;
3543238;Ribeirão dos Índios;-218382;-516103;0;35;818;18;America/Sao_Paulo;;-21,8382;-51,6103
4128302;Uniflor;-230868;-521573;0;41;7939;44;America/Sao_Paulo;;;
4322376;Unistalda;-2904;-551517;0;43;1024;55;America/Sao_Paulo;;;
2414605;Upanema;-563761;-372635;0;24;1889;84;America/Sao_Paulo;;;
4128401;Uraí;-232;-507939;0;41;7941;43;America/Sao_Paulo;;;
2932606;Urandi;-147678;-426498;0;29;3951;77;America/Sao_Paulo;;;
3533106;Nova Guataporanga;-213320;-516447;0;35;6763;18;America/Sao_Paulo;;-21,3320;-51,6447
2112605;Urbano Santos;-320642;-433878;0;21;945;98;America/Sao_Paulo;;;
3547700;Santo Anastácio;-219747;-516527;0;35;7055;18;America/Sao_Paulo;;-21,9747;-51,6527
5221601;Uruaçu;-145238;-491396;0;52;9633;62;America/Sao_Paulo;;;
5221700;Uruana;-154993;-496861;0;52;9635;62;America/Sao_Paulo;;;
3170479;Uruana de Minas;-160634;-462443;0;31;744;38;America/Sao_Paulo;;;
1508159;Uruará;-371519;-537396;0;15;399;93;America/Sao_Paulo;;;
4218905;Urubici;-280157;-495925;0;42;8371;49;America/Sao_Paulo;;;
2313807;Uruburetama;-362316;-395107;0;23;1577;85;America/Sao_Paulo;;;
3170503;Urucânia;-203521;-42737;0;31;5409;31;America/Sao_Paulo;;;
1304302;Urucará;-252936;-577538;0;13;285;92;America/Porto_Velho;;;
2932705;Uruçuca;-145963;-392851;0;29;3953;73;America/Sao_Paulo;;;
2211209;Uruçuí;-723944;-445577;0;22;1223;89;America/Sao_Paulo;;;
3170529;Urucuia;-161244;-457352;0;31;2699;38;America/Sao_Paulo;;;
1304401;Urucurituba;-312841;-581496;0;13;287;92;America/Porto_Velho;;;
4322400;Uruguaiana;-297614;-570853;0;43;8951;55;America/Sao_Paulo;;;
2313906;Uruoca;-330819;-405628;0;23;1579;88;America/Sao_Paulo;;;
1101708;Urupá;-111261;-623639;0;11;977;69;America/Porto_Velho;;;
4218954;Urupema;-279557;-498729;0;42;9975;49;America/Sao_Paulo;;;
3515301;Estrela do Norte;-224859;-516632;0;35;6407;18;America/Sao_Paulo;;-22,4859;-51,6632
4219002;Urussanga;-28518;-493238;0;42;8373;48;America/Sao_Paulo;;;
5221809;Urutaí;-174651;-482015;0;52;9637;64;America/Sao_Paulo;;;
2932804;Utinga;-120783;-410954;0;29;3955;75;America/Sao_Paulo;;;
4322509;Vacaria;-285079;-509418;0;43;8953;54;America/Sao_Paulo;;;
5108352;Vale de São Domingos;-15286;-590683;0;51;1102;65;America/Porto_Velho;;;
1101757;Vale do Anari;-986215;-621876;0;11;24;69;America/Porto_Velho;;;
1101807;Vale do Paraíso;-104465;-621352;0;11;979;69;America/Porto_Velho;;;
4322533;Vale do Sol;-295967;-526839;0;43;5769;51;America/Sao_Paulo;;;
4322541;Vale Real;-293919;-512559;0;43;6049;51;America/Sao_Paulo;;;
4322525;Vale Verde;-297864;-521857;0;43;1026;51;America/Sao_Paulo;;;
2932903;Valença;-133669;-39073;0;29;3957;75;America/Sao_Paulo;;;
3306107;Valença;-222445;-437129;0;33;5921;24;America/Sao_Paulo;;;
2211308;Valença do Piauí;-640301;-417375;0;22;1225;89;America/Sao_Paulo;;;
2933000;Valente;-114062;-39457;0;29;3959;75;America/Sao_Paulo;;;
3549300;São João do Pau d'Alho;-212662;-516672;0;35;7087;18;America/Sao_Paulo;;-21,2662;-51,6672
3534807;Ouro Verde;-214872;-517024;0;35;6797;18;America/Sao_Paulo;;-21,4872;-51,7024
3538303;Piquerobi;-218747;-517282;0;35;6869;18;America/Sao_Paulo;;-21,8747;-51,7282
5221858;Valparaíso de Goiás;-160651;-479757;0;52;1066;61;America/Sao_Paulo;;;
4322558;Vanini;-284758;-518447;0;43;7319;54;America/Sao_Paulo;;;
4219101;Vargeão;-268621;-521549;0;42;8375;49;America/Sao_Paulo;;;
4219150;Vargem;-274867;-509724;0;42;5563;49;America/Sao_Paulo;;;
3547106;Santa Mercedes;-213495;-517564;0;35;7043;18;America/Sao_Paulo;;-21,3495;-51,7564
3170578;Vargem Alegre;-195988;-422949;0;31;746;33;America/Sao_Paulo;;;
3205036;Vargem Alta;-20669;-410179;0;32;5727;28;America/Sao_Paulo;;;
3170602;Vargem Bonita;-203333;-463688;0;31;5411;37;America/Sao_Paulo;;;
4219176;Vargem Bonita;-270055;-517402;0;42;5565;49;America/Sao_Paulo;;;
2112704;Vargem Grande;-353639;-43917;0;21;947;98;America/Sao_Paulo;;;
3170651;Vargem Grande do Rio Pardo;-153987;-423085;0;31;748;38;America/Sao_Paulo;;;
3545506;Sandovalina;-224551;-517648;0;35;7011;18;America/Sao_Paulo;;-22,4551;-51,7648
3536406;Paulicéia;-213153;-518321;0;35;6829;18;America/Sao_Paulo;;-21,3153;-51,8321
3170701;Varginha;-215556;-454364;0;31;5413;35;America/Sao_Paulo;;;
5221908;Varjão;-170471;-496312;0;52;9639;62;America/Sao_Paulo;;;
3170750;Varjão de Minas;-183741;-460313;0;31;750;38;America/Sao_Paulo;;;
2313955;Varjota;-419387;-404741;0;23;9857;88;America/Sao_Paulo;;;
3306156;Varre-Sai;-209276;-418701;0;33;2917;22;America/Sao_Paulo;;;
2414704;Várzea;-634641;-353732;0;24;1891;84;America/Sao_Paulo;;;
2517100;Várzea;-676189;-369913;0;25;2243;83;America/Sao_Paulo;;;
2314003;Várzea Alegre;-678264;-392942;0;23;1581;88;America/Sao_Paulo;;;
2211357;Várzea Branca;-9238;-429692;0;22;2267;89;America/Sao_Paulo;;;
3170800;Várzea da Palma;-175944;-447226;0;31;5415;38;America/Sao_Paulo;;;
2933059;Várzea da Roça;-116005;-401328;0;29;3997;74;America/Sao_Paulo;;;
2933109;Várzea do Poço;-115273;-403149;0;29;3961;74;America/Sao_Paulo;;;
2211407;Várzea Grande;-654899;-42248;0;22;1227;89;America/Sao_Paulo;;;
5108402;Várzea Grande;-156458;-561322;0;51;9167;65;America/Porto_Velho;;;
2933158;Várzea Nova;-112557;-409432;0;29;3995;74;America/Sao_Paulo;;;
3541505;Presidente Venceslau;-218732;-518447;0;35;6931;18;America/Sao_Paulo;;-21,8732;-51,8447
2933174;Varzedo;-129672;-393919;0;29;3049;75;America/Sao_Paulo;;;
3170909;Varzelândia;-156992;-440278;0;31;5417;38;America/Sao_Paulo;;;
3306206;Vassouras;-224059;-436686;0;33;5923;24;America/Sao_Paulo;;;
3171006;Vazante;-179827;-469088;0;31;5419;34;America/Sao_Paulo;;;
4322608;Venâncio Aires;-296143;-521932;0;43;8955;51;America/Sao_Paulo;;;
3205069;Venda Nova do Imigrante;-20327;-411355;0;32;5729;28;America/Sao_Paulo;;;
2414753;Venha-Ver;-632016;-384896;0;24;438;84;America/Sao_Paulo;;;
4128534;Ventania;-242458;-502376;0;41;5497;42;America/Sao_Paulo;;;
2616001;Venturosa;-857885;-368742;0;26;2619;87;America/Sao_Paulo;;;
5108501;Vera;-123017;-553045;0;51;9905;66;America/Porto_Velho;;;
2414803;Vera Cruz;-604399;-35428;0;24;1895;84;America/Sao_Paulo;;;
2933208;Vera Cruz;-129568;-386153;0;29;3963;71;America/Sao_Paulo;;;
4322707;Vera Cruz;-297184;-525152;0;43;8957;51;America/Sao_Paulo;;;
3535408;Panorama;-213540;-518562;0;35;6809;18;America/Sao_Paulo;;-21,3540;-51,8562
4128559;Vera Cruz do Oeste;-250577;-538771;0;41;7989;45;America/Sao_Paulo;;;
2211506;Vera Mendes;-759748;-414673;0;22;406;89;America/Sao_Paulo;;;
4322806;Veranópolis;-289312;-515516;0;43;8959;54;America/Sao_Paulo;;;
2616100;Verdejante;-792235;-389701;0;26;2621;87;America/Sao_Paulo;;;
3171030;Verdelândia;-155845;-436121;0;31;752;38;America/Sao_Paulo;;;
4128609;Verê;-258772;-529051;0;41;7945;46;America/Sao_Paulo;;;
2933257;Vereda;-172183;-400974;0;29;3051;73;America/Sao_Paulo;;;
3171071;Veredinha;-173974;-427307;0;31;754;38;America/Sao_Paulo;;;
3171105;Veríssimo;-196657;-483118;0;31;5423;34;America/Sao_Paulo;;;
3171154;Vermelho Novo;-200406;-422688;0;31;756;33;America/Sao_Paulo;;;
2616183;Vertente do Lério;-777084;-358491;0;26;2291;81;America/Sao_Paulo;;;
2616209;Vertentes;-790158;-359681;0;26;2623;81;America/Sao_Paulo;;;
3171204;Vespasiano;-196883;-439239;0;31;5425;31;America/Sao_Paulo;;;
4322855;Vespasiano Corrêa;-290655;-518625;0;43;1028;51;America/Sao_Paulo;;;
4322905;Viadutos;-275716;-520211;0;43;8961;54;America/Sao_Paulo;;;
4323002;Viamão;-300819;-510194;0;43;8963;51;America/Sao_Paulo;;;
3205101;Viana;-203825;-404933;0;32;5701;27;America/Sao_Paulo;;;
2112803;Viana;-320451;-449912;0;21;949;98;America/Sao_Paulo;;;
5222005;Vianópolis;-167405;-485159;0;52;9641;62;America/Sao_Paulo;;;
2616308;Vicência;-765655;-353139;0;26;2625;81;America/Sao_Paulo;;;
4323101;Vicente Dutra;-271607;-534022;0;43;8965;55;America/Sao_Paulo;;;
5008404;Vicentina;-224098;-544415;0;50;9187;67;America/Porto_Velho;;;
5222054;Vicentinópolis;-177322;-498047;0;52;9657;64;America/Sao_Paulo;;;
2414902;Viçosa;-598253;-379462;0;24;1897;84;America/Sao_Paulo;;;
2709400;Viçosa;-936763;-362431;0;27;2887;82;America/Sao_Paulo;;;
3171303;Viçosa;-207559;-428742;0;31;5427;31;America/Sao_Paulo;;;
2314102;Viçosa do Ceará;-35667;-410916;0;23;1583;88;America/Sao_Paulo;;;
4323200;Victor Graeff;-285632;-527495;0;43;8969;54;America/Sao_Paulo;;;
4219200;Vidal Ramos;-273886;-493593;0;42;8377;47;America/Sao_Paulo;;;
4219309;Videira;-270086;-511543;0;42;8379;49;America/Sao_Paulo;;;
3171402;Vieiras;-20867;-422401;0;31;5429;32;America/Sao_Paulo;;;
2517209;Vieirópolis;-650684;-382567;0;25;540;83;America/Sao_Paulo;;;
1508209;Vigia;-861194;-481386;0;15;563;91;America/Sao_Paulo;;;
5105507;Vila Bela da Santíssima Trindade;-150068;-599504;0;51;9109;65;America/Porto_Velho;;;
5222203;Vila Boa;-150387;-47052;0;52;67;61;America/Sao_Paulo;;;
2415008;Vila Flor;-631287;-35067;0;24;1899;84;America/Sao_Paulo;;;
4323309;Vila Flores;-288598;-515504;0;43;7311;54;America/Sao_Paulo;;;
4323358;Vila Lângaro;-281062;-521438;0;43;1030;54;America/Sao_Paulo;;;
4323408;Vila Maria;-285359;-521486;0;43;7309;54;America/Sao_Paulo;;;
2211605;Vila Nova do Piauí;-713272;-409345;0;22;408;89;America/Sao_Paulo;;;
4323457;Vila Nova do Sul;-303461;-53876;0;43;5795;55;America/Sao_Paulo;;;
2112852;Vila Nova dos Martírios;-518889;-481336;0;21;264;99;America/Sao_Paulo;;;
3205150;Vila Pavão;-186091;-40609;0;32;2935;27;America/Sao_Paulo;;;
5222302;Vila Propício;-154542;-488819;0;52;1068;62;America/Sao_Paulo;;;
5108600;Vila Rica;-100137;-511186;0;51;9897;66;America/Porto_Velho;;;
3205176;Vila Valério;-189958;-403849;0;32;768;27;America/Sao_Paulo;;;
3205200;Vila Velha;-203417;-402875;0;32;5703;27;America/Sao_Paulo;;;
1100304;Vilhena;-127502;-601488;0;11;13;69;America/Porto_Velho;;;
3530201;Mirante do Paranapanema;-222904;-519084;0;35;6705;18;America/Sao_Paulo;;-22,2904;-51,9084
3528700;Marabá Paulista;-221068;-519617;0;35;6675;18;America/Sao_Paulo;;-22,1068;-51,9617
3171600;Virgem da Lapa;-16807;-423431;0;31;5433;33;America/Sao_Paulo;;;
3171709;Virgínia;-223264;-450965;0;31;5435;35;America/Sao_Paulo;;;
3171808;Virginópolis;-188154;-427015;0;31;5437;33;America/Sao_Paulo;;;
3171907;Virgolândia;-184738;-423067;0;31;5439;33;America/Sao_Paulo;;;
4128658;Virmond;-253829;-521987;0;41;5483;42;America/Sao_Paulo;;;
3172004;Visconde do Rio Branco;-210127;-428361;0;31;5441;32;America/Sao_Paulo;;;
1508308;Viseu;-119124;-461399;0;15;565;91;America/Sao_Paulo;;;
4323507;Vista Alegre;-273686;-534919;0;43;7307;55;America/Sao_Paulo;;;
3509106;Caiuá;-218322;-519969;0;35;6283;18;America/Sao_Paulo;;-21,8322;-51,9969
4323606;Vista Alegre do Prata;-288052;-517947;0;43;7305;54;America/Sao_Paulo;;;
4323705;Vista Gaúcha;-272902;-536974;0;43;7303;55;America/Sao_Paulo;;;
2505501;Vista Serrana;-67303;-375704;0;25;2011;83;America/Sao_Paulo;;;
4219358;Vitor Meireles;-268782;-498328;0;42;9977;47;America/Sao_Paulo;;;
3205309;Vitória;-203155;-403128;1;32;5705;27;America/Sao_Paulo;;;
3541307;Presidente Epitácio;-217651;-521111;0;35;6927;18;America/Sao_Paulo;;-21,7651;-52,1111
2933307;Vitória da Conquista;-148615;-408442;0;29;3965;77;America/Sao_Paulo;;;
4323754;Vitória das Missões;-283516;-54504;0;43;6053;55;America/Sao_Paulo;;;
2616407;Vitória de Santo Antão;-812819;-352976;0;26;2627;81;America/Sao_Paulo;;;
1600808;Vitória do Jari;-938;-52424;0;16;70;96;America/Sao_Paulo;;;
2112902;Vitória do Mearim;-345125;-448643;0;21;951;98;America/Sao_Paulo;;;
1508357;Vitória do Xingu;-287922;-520088;0;15;641;93;America/Sao_Paulo;;;
4128708;Vitorino;-262683;-527843;0;41;7947;46;America/Sao_Paulo;;;
2113009;Vitorino Freire;-428184;-452505;0;21;953;98;America/Sao_Paulo;;;
3172103;Volta Grande;-217671;-425375;0;31;5443;32;America/Sao_Paulo;;;
3306305;Volta Redonda;-225202;-440996;0;33;5925;24;America/Sao_Paulo;;;
3554300;Teodoro Sampaio;-225299;-521682;0;35;7187;18;America/Sao_Paulo;;-22,5299;-52,1682
3515350;Euclides da Cunha Paulista;-225545;-525928;0;35;7255;18;America/Sao_Paulo;;-22,5545;-52,5928
2933406;Wagner;-122819;-411715;0;29;3967;75;America/Sao_Paulo;;;
2211704;Wall Ferraz;-723151;-41905;0;22;410;89;America/Sao_Paulo;;;
1722081;Wanderlândia;-685274;-479601;0;17;9665;63;America/Sao_Paulo;;;
2933455;Wanderley;-121144;-438958;0;29;3999;77;America/Sao_Paulo;;;
3172202;Wenceslau Braz;-225368;-453626;0;31;5421;35;America/Sao_Paulo;;;
4128500;Wenceslau Braz;-238742;-498032;0;41;7943;43;America/Sao_Paulo;;;
2933505;Wenceslau Guimarães;-136908;-394762;0;29;3969;73;America/Sao_Paulo;;;
4323770;Westfália;-294263;-517645;0;43;1176;51;America/Sao_Paulo;;;
4219408;Witmarsum;-269275;-497947;0;42;8381;47;America/Sao_Paulo;;;
1722107;Xambioá;-64141;-48532;0;17;9643;63;America/Sao_Paulo;;;
4128807;Xambrê;-237364;-534884;0;41;7949;44;America/Sao_Paulo;;;
4323804;Xangri-lá;-298065;-500519;0;43;5785;51;America/Sao_Paulo;;;
4219507;Xanxerê;-268747;-524036;0;42;8383;49;America/Sao_Paulo;;;
1200708;Xapuri;-106516;-684969;0;12;149;68;America/Rio_Branco;;;
4219606;Xavantina;-270667;-52343;0;42;8385;49;America/Sao_Paulo;;;
4219705;Xaxim;-269596;-525374;0;42;8387;49;America/Sao_Paulo;;;
2616506;Xexéu;-88046;-356212;0;26;2293;81;America/Sao_Paulo;;;
1508407;Xinguara;-70983;-499437;0;15;571;94;America/Sao_Paulo;;;
2933604;Xique-Xique;-10823;-427245;0;29;3971;74;America/Sao_Paulo;;;
2517407;Zabelê;-807901;-371057;0;25;542;83;America/Sao_Paulo;;;
3544251;Rosana;-225782;-530603;0;35;7265;18;America/Sao_Paulo;;-22,5782;-53,0603
2114007;Zé Doca;-327014;-456553;0;21;1287;98;America/Sao_Paulo;;;
4219853;Zortéa;-274521;-51552;0;42;950;49;America/Sao_Paulo;;;
5101837;Boa Esperança do Norte;-135067;-551486;0;51;1182;66;America/Porto_Velho;;;
